"record_id","canonical_id","legacy_id","name","company","state","county","record_revision","structured_road_sequence","trusted_destination_source","trusted_destination_role","destination_latitude","destination_longitude","classification_bucket","last_usable_approved_highway_anchor","anchor_evidence_basis","primary_direction_source","primary_cleaned_road_order","older_sequence_conflict","overlay_status","overlay_reason","overlay_last_highway","ordered_exact_evidence","ordered_exact_section_count","teal_section_count","pr212_read_only_disposition","pr212_read_only_reason","fail_closed_reason","next_gate"
"12da2a9f-c9ae-467f-abf5-723c31daecfe","12da2a9f-c9ae-467f-abf5-723c31daecfe","ascent--albert","ALBERT","Ascent","Ohio","Belmont","1786405417119866","I-70 → Exit 198 → OH-114 → Lease Road","saved_pad_gps","saved pad reference","40.04569","-81.21533","EXCLUDED_OR_INSUFFICIENT","OH-114","Potential anchor OH-114 is recorded only for inspection; explicit owner exclusion or insufficient-source hold takes precedence.","directions_clear","I-70 → Exit 198 → OH-114 → Lease Road","false","PIN_ONLY","candidate_start_lacks_exact_master_last_highway_road_id_anchor","I-70","no","0","0","HELD_IDENTITY","The earliest unresolved cleaned-source blocker is an exact authoritative identity/Road Manager mapping gap.","Explicit owner scope hold: inspectable only; do not publish or revive the old four-pad patch unless this current exact record completes the BLAYNEY-grade gate.","Complete the explicit current-record review gate described in the fail-closed reason; no publication from this board."
"fda8a55c-605d-4fb7-903a-4ec4580e76cd","fda8a55c-605d-4fb7-903a-4ec4580e76cd","ascent--albright","ALBRIGHT","Ascent","Ohio","Belmont","1786258360881449","Cash Ridge Rd → Lease Road","saved_pad_gps","saved pad reference","39.955006","-80.8312","ALIAS_OR_SOURCE_ORDER_AMBIGUITY","OH-147","uncorroborated generic or conflicting alias 'Route 147' normalized provisionally as OH-147","directions_clear","Route 147 E → Wegee Rd (about 1 mile) → Cash Ridge Rd (1.9 miles) → Lease Road","true","PIN_ONLY","no_exact_last_interstate_us_or_state_highway","","no","0","0","HELD_IDENTITY","The earliest unresolved cleaned-source blocker is an exact authoritative identity/Road Manager mapping gap.","Fail closed: uncorroborated generic or conflicting alias 'Route 147' normalized provisionally as OH-147. Runtime remains GPS-only.","Resolve the primary-source alias/order against the exact intended road occurrence without promoting renderer or overlay labels; only then perform waypoint, satellite, and two-direction QA."
"c2923e5d-882b-44fe-be0c-6f3332cbb54b","c2923e5d-882b-44fe-be0c-6f3332cbb54b","ascent--anchor","ANCHOR","Ascent","Ohio","Belmont","1786265812046205","Route 22 → OH-331 → Resivor Rd → Pad","official_pad_reference","official pad reference","40.158007","-81.093945","OTHER_NUMBERED_HIGHWAY_CANDIDATE","OH-331","directions_clear 'Route 331' normalized as OH-331 and corroborated by the current exact sequence and/or main overlay","directions_clear","Route 22 E → Route 331 S → Resivor Rd → Pad","true","PIN_ONLY","no_exact_last_interstate_us_or_state_highway","","no","0","0","HELD_IDENTITY","The earliest unresolved cleaned-source blocker is an exact authoritative identity/Road Manager mapping gap.","Planning candidate only: no reviewed exact-record Google Navigate contract exists on main, so runtime remains GPS-only.","Select 1-3 exact road-occurrence waypoints, confirm the final approach by satellite, prove both highway directions where practical, then add one exact-record contract with tests/accounting."
"63a3497d-70e9-47a0-8500-00e094a5b871","63a3497d-70e9-47a0-8500-00e094a5b871","ascent--antelok","ANTELOK","Ascent","Ohio","Belmont","1787459253071652","I-70 → OH-9 → CR-5 → McFetridge / Dunham Rd → Access Road","saved_pad_gps","saved pad reference","40.043212","-80.900901","CLEAN_DIRECT_I70_CANDIDATE","OH-9","directions_clear primary order begins with I-70 normalized as I-70; last usable approved numbered-highway anchor is OH-9","directions_clear","I-70 → OH-9 S → CR-5 (approximately 1.5 miles) → McFetridge / Dunham Rd → Access Road","true","PIN_ONLY","no_exact_last_interstate_us_or_state_highway","","no","0","0","HELD_IDENTITY","The earliest unresolved cleaned-source blocker is an exact authoritative identity/Road Manager mapping gap.","Planning candidate only: no reviewed exact-record Google Navigate contract exists on main, so runtime remains GPS-only.","Select 1-3 exact road-occurrence waypoints, confirm the final approach by satellite, prove both I-70 directions in Google step detail, then add one exact-record contract with tests/accounting."
"98eec273-b8aa-49b6-b791-2d53b5f256c6","98eec273-b8aa-49b6-b791-2d53b5f256c6","ascent--bedway","BEDWAY","Ascent","Ohio","Belmont","1786258360881449","I-70 → Exit 208 → OH-149 → US-40 → Pancoast Rd","verified_driver_entrance","verified driver entrance","40.072874","-81.021494","CLEAN_DIRECT_I70_CANDIDATE","US-40","directions_clear primary order begins with I-70 normalized as I-70; last usable approved numbered-highway anchor is US-40","directions_clear","I-70 → Exit 208 → OH-149 N (0.5 mile) → US-40 E (1.5 miles) → Pancoast Rd / TR-263 (0.5 mile)","true","ROUTED_DISPLAY","graph_receipt_ordered_prefix_then_solid_neutral_remainder","US-40","yes","1","0","HELD_TRANSITION","Named road evidence exists, but at least one exact traveled junction or occurrence receipt is unresolved.","Planning candidate only: no reviewed exact-record Google Navigate contract exists on main, so runtime remains GPS-only.","Select 1-3 exact road-occurrence waypoints, confirm the final approach by satellite, prove both I-70 directions in Google step detail, then add one exact-record contract with tests/accounting."
"c2c9664b-f853-4ecf-8107-7b5630e69bcf","c2c9664b-f853-4ecf-8107-7b5630e69bcf","ascent--bennington","BENNINGTON","Ascent","Ohio","Belmont","1786265812046205","Route 70 → Exit 208 → OH-149 → OH-147 → CR-5 → Lease Road","official_pad_reference","official pad reference","39.982139","-80.914606","OTHER_NUMBERED_HIGHWAY_CANDIDATE","OH-147","directions_clear supplies a generic Route 70 start that remains provisional; the independently named last usable approved numbered-highway anchor is OH-147","directions_clear","Route 70 E → Exit 208 → Route 149 S → Route 147 → Route 147 at Centerville (3.5 miles) → CR-5 (1.4 miles) → Lease Road","true","PIN_ONLY","no_exact_last_interstate_us_or_state_highway","","no","0","0","HELD_TRANSITION","Named road evidence exists, but at least one exact traveled junction or occurrence receipt is unresolved.","Planning candidate only: the generic Route 70 start remains provisional and no reviewed exact-record Google Navigate contract exists on main; runtime remains GPS-only.","Resolve the generic Route 70 start without assuming I-70, select 1-3 exact controls from the independently named last anchor through the written local roads, confirm the final approach by satellite, and prove both practical highway directions before any exact-record contract."
"f896d00c-da26-41b6-bf5b-e9d91afbdbc6","f896d00c-da26-41b6-bf5b-e9d91afbdbc6","ascent--blayney","BLAYNEY","Ascent","Ohio","Belmont","1788117937351112","I-70 → Exit 213 → OH-331 → OR → OH-9 → OH-149 → OH-331","saved_pad_gps","saved pad reference","40.115603","-80.992706","CLEAN_DIRECT_I70_CANDIDATE","OH-331","directions_clear primary order begins with I-70 normalized as I-70; last usable approved numbered-highway anchor is OH-331","directions_clear","I-70 → Exit 213 → OH-331 N (2.5 miles) → Lafferty-Bannock Rd / CR-10 (0.8 mile) → Pad","true","ROUTED_DISPLAY","graph_receipt_ordered_prefix_then_solid_neutral_remainder","OH-331","yes","2","2","HELD_TRANSITION","STALE PR #212 EVIDENCE: revision 1787615581785257 does not bind current revision 1788117937351112; primary-source fields and disposition are historical context only. Named road evidence exists, but at least one exact traveled junction or occurrence receipt is unresolved.","Planning candidate only: no reviewed exact-record Google Navigate contract exists on main, so runtime remains GPS-only.","Treat PR #212 evidence as historical only. Use the separately re-bound PR #215 implementation for the current record and complete its pending expanded Google step-list evidence before review."
"456b4e09-b11c-429b-87e2-1b293bfb319c","456b4e09-b11c-429b-87e2-1b293bfb319c","ascent--blessed","BLESSED","Ascent","Ohio","Belmont","1786265812046205","Route 70 → OH-9 → CR-5 → Garrett Hill Rd → Sutton Rd → Access Road","saved_pad_gps","saved pad reference","40.011526","-80.879811","CLEAN_DIRECT_I70_CANDIDATE","OH-9","directions_clear primary order begins with I-70 normalized as I-70; last usable approved numbered-highway anchor is OH-9","directions_clear","I-70 E → Exit 216 → OH-9 S (1.5 miles) → Glencoe Rd / CR-5 (about 2 miles) → Garrett Hill Rd → Sutton Rd → second Ascent access road","true","ROUTED_DISPLAY","graph_receipt_ordered_prefix_then_solid_neutral_remainder","OH-9","yes","2","0","HELD_TRANSITION","Named road evidence exists, but at least one exact traveled junction or occurrence receipt is unresolved.","Planning candidate only: no reviewed exact-record Google Navigate contract exists on main, so runtime remains GPS-only.","Select 1-3 exact road-occurrence waypoints, confirm the final approach by satellite, prove both I-70 directions in Google step detail, then add one exact-record contract with tests/accounting."
"5056a78d-6965-4cfa-a100-488b80ba5397","5056a78d-6965-4cfa-a100-488b80ba5397","ascent--borovich","BOROVICH","Ascent","Ohio","Belmont","1786258360881449","Southwest On US-22 West/cadiz-steubenville Rd → US-22 → Industrial Park Rd → OH-9 / South/cadiz-new Athens Rd → OH-149 → OH-331 → US-40 → I-70 → Exit 216 → OR → OH-1 → OH-800 / Gehrig Rd → OH-145 → Main St → Becomes North Ave → Becomes Oh-145/belmont Ave → OH-148 → OH-9 → OH-149","saved_pad_gps","saved pad reference","40.0112","-80.892363","ALIAS_OR_SOURCE_ORDER_AMBIGUITY","OH-149","directions_clear last anchor OH-149 conflicts with historical-overlay last anchor I-70","directions_clear","US-22 W / Cadiz-Steubenville Rd (1.9 miles) → Industrial Park Rd (2.4 miles) → OH-9 S / Cadiz-New Athens Rd / St. Clair Ave (5 miles) → OH-149 S (3.1 miles) → OH-331 S (7.5 miles) → US-40 E (2 miles) → I-70 E (1.5 miles) → Exit 216 (0.2 mile) → OH-9 S (4 miles) → OH-149 S (3 miles)","true","PIN_ONLY","candidate_start_lacks_exact_master_last_highway_road_id_anchor","I-70","no","0","0","HELD_TRANSITION","Named road evidence exists, but at least one exact traveled junction or occurrence receipt is unresolved.","Fail closed: directions_clear last anchor OH-149 conflicts with historical-overlay last anchor I-70. Runtime remains GPS-only.","Resolve the primary-source alias/order against the exact intended road occurrence without promoting renderer or overlay labels; only then perform waypoint, satellite, and two-direction QA."
"05c3de57-2e9b-4a24-9c5b-59584fbec133","05c3de57-2e9b-4a24-9c5b-59584fbec133","ascent--breeze","BREEZE","Ascent","Ohio","Belmont","1786258360881449","I-70 → Exit 216 → OH-149 → Airport Rd → Lease Road","saved_pad_gps","saved pad reference","40.035226","-80.97599","CLEAN_DIRECT_I70_CANDIDATE","OH-149","directions_clear primary order begins with I-70 normalized as I-70; last usable approved numbered-highway anchor is OH-149","directions_clear","I-70 → Exit 216 → OH-9 S (4.2 miles) → OH-149 (2.4 miles) → Airport Rd / CR-82 → Lease Road","true","ROUTED_DISPLAY","graph_receipt_ordered_prefix_then_solid_neutral_remainder","OH-149","yes","1","0","HELD_TRANSITION","Named road evidence exists, but at least one exact traveled junction or occurrence receipt is unresolved.","Planning candidate only: no reviewed exact-record Google Navigate contract exists on main, so runtime remains GPS-only.","Select 1-3 exact road-occurrence waypoints, confirm the final approach by satellite, prove both I-70 directions in Google step detail, then add one exact-record contract with tests/accounting."
"b9d1a8de-2ddd-4345-82a1-7e2a1f6ff2cb","b9d1a8de-2ddd-4345-82a1-7e2a1f6ff2cb","ascent--carlos","CARLOS","Ascent","Ohio","Belmont","1786265812046205","I-70E → Exit 208 → OH-149 → Elm States Rd → Pad","saved_pad_gps","saved pad reference","40.042305","-80.972809","CLEAN_DIRECT_I70_CANDIDATE","OH-149","directions_clear primary order begins with I-70 normalized as I-70; last usable approved numbered-highway anchor is OH-149","directions_clear","I-70 E → Exit 208 / Route 149 S → Elm States Rd / TR-82 → Breeze pad landmark → approximately 1 mile → Carlos pad","true","ROUTED_DISPLAY","graph_receipt_ordered_prefix_then_solid_neutral_remainder","OH-149","yes","1","1","HELD_TRANSITION","Named road evidence exists, but at least one exact traveled junction or occurrence receipt is unresolved.","Planning candidate only: no reviewed exact-record Google Navigate contract exists on main, so runtime remains GPS-only.","Select 1-3 exact road-occurrence waypoints, confirm the final approach by satellite, prove both I-70 directions in Google step detail, then add one exact-record contract with tests/accounting."
"18213b3c-d7a0-4042-b369-c595dce25a9d","18213b3c-d7a0-4042-b369-c595dce25a9d","ascent--coffield","COFFIELD","Ascent","Ohio","Belmont","1786258360881449","OH-9 → CR-5 → A Rd → Little Mcmahon Creek Rd → Glencoe Rd → Township Ohio Follow Lude Rd → Lude Rd → Lloydsville Bannock Rd → US-40 → OH-331 → I-70 → Exit 216 → Mi Continue On Glencoe Rd → Methodist Ridge Rd → Glencoe Road/glencoe-street Clairsville Rd → Pad","saved_pad_gps","saved pad reference","40.044611","-80.88296","ALIAS_OR_SOURCE_ORDER_AMBIGUITY","OH-9","directions_clear last anchor OH-9 conflicts with historical-overlay last anchor I-70","directions_clear","Route 70 → Route 9 S → County Road 5 → Methodist Ridge haul-route sign → Pad","true","PIN_ONLY","candidate_start_lacks_exact_master_last_highway_road_id_anchor","I-70","no","0","0","HELD_IDENTITY","The earliest unresolved cleaned-source blocker is an exact authoritative identity/Road Manager mapping gap.","Fail closed: directions_clear last anchor OH-9 conflicts with historical-overlay last anchor I-70. Runtime remains GPS-only.","Resolve the primary-source alias/order against the exact intended road occurrence without promoting renderer or overlay labels; only then perform waypoint, satellite, and two-direction QA."
"ab964acf-05ac-4e18-b8cd-e5cb3914105c","ab964acf-05ac-4e18-b8cd-e5cb3914105c","ascent--coleman","COLEMAN","Ascent","Ohio","Belmont","1787459253071652","I-70 → Exit 215 → US-40 → Vineyard Rd → OR → OH-331 → US-40 → Vineyard Rd","saved_pad_gps","saved pad reference","40.07909","-80.93528","EXCLUDED_OR_INSUFFICIENT","US-40","Potential anchor US-40 is recorded only for inspection; explicit owner exclusion or insufficient-source hold takes precedence.","directions_clear","I-70 → Exit 215 → US-40 W → Vineyard Rd / CR-56 (0.4 mile)","true","ROUTED_DISPLAY","graph_receipt_ordered_prefix_then_solid_neutral_remainder","US-40","yes","1","1","HELD_TRANSITION","Named road evidence exists, but at least one exact traveled junction or occurrence receipt is unresolved.","Explicit owner scope hold: candidate only unless a later exact current record completes the full reviewed-handoff gate.","Complete the explicit current-record review gate described in the fail-closed reason; no publication from this board."
"4213711f-0f23-440a-b0ec-42a1f9be4db0","4213711f-0f23-440a-b0ec-42a1f9be4db0","ascent--cook","COOK","Ascent","Ohio","Belmont","1786265812046205","St Bellaire Exit On St → OH-149 → Tar Run Rd → Cumberland Run Rd → Lease Road","saved_pad_gps","saved pad reference","40.002019","-80.875167","OTHER_NUMBERED_HIGHWAY_CANDIDATE","OH-149","directions_clear primary order names SR-149; normalized last usable approved anchor is OH-149","directions_clear","SR-149 W (9.4 miles) → Tar Run Rd (0.1 mile) → Cumberland Run Rd (300 feet) → Lease Road","true","ROUTED_DISPLAY","graph_receipt_ordered_prefix_then_solid_neutral_remainder","OH-149","yes","2","0","HELD_TRANSITION","Named road evidence exists, but at least one exact traveled junction or occurrence receipt is unresolved.","Planning candidate only: no reviewed exact-record Google Navigate contract exists on main, so runtime remains GPS-only.","Select 1-3 exact road-occurrence waypoints, confirm the final approach by satellite, prove both highway directions where practical, then add one exact-record contract with tests/accounting."
"23053421-06d5-47a2-bf77-5c3fdea4939b","23053421-06d5-47a2-bf77-5c3fdea4939b","ascent--cravat-north","CRAVAT NORTH","Ascent","Ohio","Belmont","1786258360881449","I-70 → Exit 216 → OH-9 → Shepherstown Rd → CR-36","saved_pad_gps","saved pad reference","40.158191","-80.913312","CLEAN_DIRECT_I70_CANDIDATE","OH-9","directions_clear primary order begins with I-70 normalized as I-70; last usable approved numbered-highway anchor is OH-9","directions_clear","I-70 → Exit 216 → OH-9 N (7.5 miles) → Shepherstown Rd / CR-64 (1.4 miles) → CR-36 (1.2 miles) → Entrance","true","ROUTED_DISPLAY","graph_receipt_ordered_prefix_then_solid_neutral_remainder","OH-9","yes","5","0","HELD_IDENTITY","The earliest unresolved cleaned-source blocker is an exact authoritative identity/Road Manager mapping gap.","Planning candidate only: no reviewed exact-record Google Navigate contract exists on main, so runtime remains GPS-only.","Select 1-3 exact road-occurrence waypoints, confirm the final approach by satellite, prove both I-70 directions in Google step detail, then add one exact-record contract with tests/accounting."
"6a47931a-4341-4965-9593-cfc3fc3e1c80","6a47931a-4341-4965-9593-cfc3fc3e1c80","ascent--emersyn","EMERSYN","Ascent","Ohio","Belmont","1786258360881449","OH-149 → US-40 → Pancoast Rd → Lude Rd → National Oco Rd → Saffel Rd → OR → I-70 → Exit 208 → US-40 → Pancoast Rd → Lude Rd → National Oco Rd → Saffel Rd","verified_driver_entrance","verified driver entrance","40.089436","-80.996978","OTHER_NUMBERED_HIGHWAY_CANDIDATE","US-40","directions_clear primary order names US-40; normalized last usable approved anchor is US-40","directions_clear","OH-149 (6.9 miles) → US-40 (1.4 miles) → Pancoast Rd (1 mile) → Lude Rd (0.9 miles) → National Oco Rd (0.8 miles) → Saffel Rd (0.5 miles)","true","ROUTED_DISPLAY","graph_receipt_ordered_prefix_then_solid_neutral_remainder","US-40","yes","1","0","HELD_IDENTITY","The earliest unresolved cleaned-source blocker is an exact authoritative identity/Road Manager mapping gap.","Planning candidate only: no reviewed exact-record Google Navigate contract exists on main, so runtime remains GPS-only.","Select 1-3 exact road-occurrence waypoints, confirm the final approach by satellite, prove both highway directions where practical, then add one exact-record contract with tests/accounting."
"a6fafe63-0153-4e09-a931-0da5b65b18ea","a6fafe63-0153-4e09-a931-0da5b65b18ea","ascent--eureka","EUREKA","Ascent","Ohio","Belmont","1786265812046205","Warnock Glencoe Rd → OH-9 → Pad → OR → Belmont Warnock Rd → OH-9 → OH-149 → OR → I-70 → Exit 216 → OH-149","saved_pad_gps","saved pad reference","40.01486","-80.920507","ALIAS_OR_SOURCE_ORDER_AMBIGUITY","OH-149","directions_clear last anchor OH-149 conflicts with historical-overlay last anchor OH-9","directions_clear","Warnock Glencoe Rd / SR-149 W (3.4 miles) → Eureka entrance","true","ROUTED_DISPLAY","graph_receipt_ordered_prefix_then_solid_neutral_remainder","OH-9","yes","1","1","HELD_TRANSITION","Named road evidence exists, but at least one exact traveled junction or occurrence receipt is unresolved.","Fail closed: directions_clear last anchor OH-149 conflicts with historical-overlay last anchor OH-9. Runtime remains GPS-only.","Resolve the primary-source alias/order against the exact intended road occurrence without promoting renderer or overlay labels; only then perform waypoint, satellite, and two-direction QA."
"4166a215-45bb-4662-82e2-80bb0184703b","4166a215-45bb-4662-82e2-80bb0184703b","ascent--exeter","EXETER","Ascent","Ohio","Belmont","1786265812046205","I-70 → Exit 213 → OH-331 → Over Narrow Bridge Up Hill → Lease Road","official_pad_reference","official pad reference","40.099352","-80.984043","CLEAN_DIRECT_I70_CANDIDATE","OH-331","directions_clear primary order begins with I-70 normalized as I-70; last usable approved numbered-highway anchor is OH-331","directions_clear","I-70 → Exit 213 → Route 331 N → Prison landmark → Left at bottom of hill → Immediate right → Narrow bridge → Lease Road","true","PIN_ONLY","no_exact_last_interstate_us_or_state_highway","","no","0","0","HELD_TRANSITION","Named road evidence exists, but at least one exact traveled junction or occurrence receipt is unresolved.","Planning candidate only: no reviewed exact-record Google Navigate contract exists on main, so runtime remains GPS-only.","Select 1-3 exact road-occurrence waypoints, confirm the final approach by satellite, prove both I-70 directions in Google step detail, then add one exact-record contract with tests/accounting."
"46b82718-a6ca-437a-a2c6-f50c3f57c552","46b82718-a6ca-437a-a2c6-f50c3f57c552","ascent--ezekiel","EZEKIEL","Ascent","Ohio","Belmont","1787459253071652","","saved_pad_gps","saved pad reference","40.005527","-81.207719","EXCLUDED_OR_INSUFFICIENT","","No usable canonical anchor is available.","written_directions","","false","PIN_ONLY","no_exact_last_interstate_us_or_state_highway","","no","0","0","INSUFFICIENT","Only unstructured written directions are available; a canonical route cannot be inferred without guessing.","Only unstructured written directions are available; a canonical route cannot be inferred without guessing.","Obtain a canonical authoritative road order; do not infer one from unstructured prose."
"f5944b59-285c-4c82-aeba-98b3d1fba4ae","f5944b59-285c-4c82-aeba-98b3d1fba4ae","ascent--fleagane","FLEAGANE","Ascent","Ohio","Belmont","1786258360881449","Route 70 → Pad","saved_pad_gps","saved pad reference","40.048011","-80.795112","OTHER_NUMBERED_HIGHWAY_CANDIDATE","I-470","directions_clear supplies a generic Route 70 start that remains provisional; the independently named last usable approved numbered-highway anchor is I-470","directions_clear","Route 70 E → Interstate 470 E → County Road 214 → Pad lease","true","PIN_ONLY","no_exact_last_interstate_us_or_state_highway","","no","0","0","HELD_IDENTITY","The earliest unresolved cleaned-source blocker is an exact authoritative identity/Road Manager mapping gap.","Planning candidate only: the generic Route 70 start remains provisional and no reviewed exact-record Google Navigate contract exists on main; runtime remains GPS-only.","Resolve the generic Route 70 start without assuming I-70, select 1-3 exact controls from the independently named last anchor through the written local roads, confirm the final approach by satellite, and prove both practical highway directions before any exact-record contract."
"ed1df007-6cd9-4704-9d48-f72209cefa29","ed1df007-6cd9-4704-9d48-f72209cefa29","ascent--geoflo","GEOFLO","Ascent","Ohio","Belmont","1786265812046205","Exit 216 → OH-9 → Maynard Rd → Kagg Hill Rd → Fairpoint-maynard Rd → Lease Road","saved_pad_gps","saved pad reference","40.120221","-80.921817","OTHER_NUMBERED_HIGHWAY_CANDIDATE","OH-9","directions_clear primary order names SR-9; normalized last usable approved anchor is OH-9","directions_clear","Exit 216 → SR-9 N (3.1 miles) → Maynard Rd / CR-56 (0.8 mile) → Kagg Hill Rd (0.9 mile) → Fairpoint-Maynard Rd / CR-10 (0.5 mile) → Lease Road","true","ROUTED_DISPLAY","graph_receipt_ordered_prefix_then_solid_neutral_remainder","OH-9","yes","6","1","HELD_TRANSITION","Named road evidence exists, but at least one exact traveled junction or occurrence receipt is unresolved.","Planning candidate only: no reviewed exact-record Google Navigate contract exists on main, so runtime remains GPS-only.","Select 1-3 exact road-occurrence waypoints, confirm the final approach by satellite, prove both highway directions where practical, then add one exact-record contract with tests/accounting."
"a02e60ee-e32a-4c10-a7c5-b284395159fd","a02e60ee-e32a-4c10-a7c5-b284395159fd","ascent--grand","GRAND","Ascent","Ohio","Belmont","1786265512886177","I-70 → Exit 202 → Hillcrest Rd → Lease Road","official_wellhead_reference","official wellhead reference","40.013451","-81.160887","CLEAN_DIRECT_I70_CANDIDATE","I-70","directions_clear primary order begins with I-70 normalized as I-70; last usable approved numbered-highway anchor is I-70","directions_clear","I-70 → Exit 202 / Barnesville → Head south (about 2.9 miles) → Hillcrest Rd → Lease Road","true","PIN_ONLY","no_exact_last_interstate_us_or_state_highway","","no","0","0","HELD_IDENTITY","The earliest unresolved cleaned-source blocker is an exact authoritative identity/Road Manager mapping gap.","Planning candidate only: no reviewed exact-record Google Navigate contract exists on main, so runtime remains GPS-only.","Select 1-3 exact road-occurrence waypoints, confirm the final approach by satellite, prove both I-70 directions in Google step detail, then add one exact-record contract with tests/accounting."
"036d0ac7-d72e-49e4-a400-ee0a631029e1","036d0ac7-d72e-49e4-a400-ee0a631029e1","ascent--henderson","HENDERSON","Ascent","Ohio","Belmont","1786265812046205","Exit 208 → I-70 → OH-149 → OH-147 → OH-9 → Henderson Rd → Lease Road","saved_pad_gps","saved pad reference","40.050354","-80.935656","CLEAN_DIRECT_I70_CANDIDATE","OH-9","directions_clear primary order begins with I-70 normalized as I-70; last usable approved numbered-highway anchor is OH-9","directions_clear","I-70 → Exit 208 → OH-149 S (2.4 miles) → OH-147 / OH-149 (0.2 mile) → OH-149 (6.9 miles) → OH-9 N (1.5 miles) → Henderson Rd / TR-722 (0.6 mile) → Lease Road","true","ROUTED_DISPLAY","graph_receipt_ordered_prefix_then_solid_neutral_remainder","OH-9","yes","1","0","HELD_TRANSITION","Named road evidence exists, but at least one exact traveled junction or occurrence receipt is unresolved.","Planning candidate only: no reviewed exact-record Google Navigate contract exists on main, so runtime remains GPS-only.","Select 1-3 exact road-occurrence waypoints, confirm the final approach by satellite, prove both I-70 directions in Google step detail, then add one exact-record contract with tests/accounting."
"07b566cd-393e-49f6-9547-676438aefc1a","07b566cd-393e-49f6-9547-676438aefc1a","ascent--hindman","HINDMAN","Ascent","Ohio","Belmont","1786246617744175","I-70 → Exit 218 → Mall Rd → Hindman Rd","official_pad_reference","official pad reference","40.080894","-80.842001","EXCLUDED_OR_INSUFFICIENT","I-70","Potential anchor I-70 is recorded only for inspection; explicit owner exclusion or insufficient-source hold takes precedence.","directions_clear","I-70 → Exit 218 → Mall Rd → saved Route 40 (1.1 miles) → Hindman Rd / TR-437 (0.7 mile) → Access","true","PIN_ONLY","no_exact_last_interstate_us_or_state_highway","","no","0","0","HELD_IDENTITY","The earliest unresolved cleaned-source blocker is an exact authoritative identity/Road Manager mapping gap.","Explicit owner scope hold: destination is an ODNR official pad reference, not a verified entrance; keep held.","Do not publish ordinary entrance navigation; require a separately verified driver entrance bound to the exact current record."
"947959e6-8297-4b03-b591-25d196e7b1c0","947959e6-8297-4b03-b591-25d196e7b1c0","ascent--kasetta","KASETTA","Ascent","Ohio","Belmont","1786265812046205","Exit 208 → OH-149 → OH-147 → CR-5 → CR-56","saved_pad_gps","saved pad reference","39.92","-80.87","CLEAN_DIRECT_I70_CANDIDATE","OH-147","directions_clear primary order begins with I-70 normalized as I-70; last usable approved numbered-highway anchor is OH-147","directions_clear","I-70 → Exit 208 → Route 149 S → Route 147 → CR-5 (1.3 miles) → CR-56 / Mount Victory Rd (3.1 miles) → Lease Road","true","ROUTED_DISPLAY","graph_receipt_ordered_prefix_then_solid_neutral_remainder","OH-147","yes","1","1","HELD_TRANSITION","Named road evidence exists, but at least one exact traveled junction or occurrence receipt is unresolved.","Planning candidate only: no reviewed exact-record Google Navigate contract exists on main, so runtime remains GPS-only.","Select 1-3 exact road-occurrence waypoints, confirm the final approach by satellite, prove both I-70 directions in Google step detail, then add one exact-record contract with tests/accounting."
"3d920c70-2910-4b0a-a85a-442cd477802f","3d920c70-2910-4b0a-a85a-442cd477802f","ascent--krnyaich","KRNYAICH","Ascent","Ohio","Belmont","1786258360881449","Wegee Rd → Cash Ridge","saved_pad_gps","saved pad reference","39.966783","-80.851178","ALIAS_OR_SOURCE_ORDER_AMBIGUITY","OH-147","uncorroborated generic or conflicting alias 'Route 147' normalized provisionally as OH-147","directions_clear","Route 147 in Key → Wegee Rd → Cash Ridge Rd → Lease Road","true","PIN_ONLY","no_exact_last_interstate_us_or_state_highway","","no","0","0","HELD_TRANSITION","Named road evidence exists, but at least one exact traveled junction or occurrence receipt is unresolved.","Fail closed: uncorroborated generic or conflicting alias 'Route 147' normalized provisionally as OH-147. Runtime remains GPS-only.","Resolve the primary-source alias/order against the exact intended road occurrence without promoting renderer or overlay labels; only then perform waypoint, satellite, and two-direction QA."
"83499ca1-3c45-4502-b7c2-688e88343093","83499ca1-3c45-4502-b7c2-688e88343093","ascent--kurth","KURTH","Ascent","Ohio","Belmont","1786258360881449","I-70 → Exit 216 → OH-9 → CR-5 → Methodist Ridge Rd → Campbell-johnson Hill Rd → Lease Road","saved_pad_gps","saved pad reference","40.031709","-80.841961","CLEAN_DIRECT_I70_CANDIDATE","OH-9","directions_clear primary order begins with I-70 normalized as I-70; last usable approved numbered-highway anchor is OH-9","directions_clear","I-70 → Exit 216 → OH-9 S (1.5 miles) → CR-5 (1.2 miles) → Methodist Ridge Rd (3.5 miles) → Campbell-Johnson Hill Rd (0.2 mile) → Lease Road","true","ROUTED_DISPLAY","graph_receipt_ordered_prefix_then_solid_neutral_remainder","OH-9","no","0","0","HELD_IDENTITY","The earliest unresolved cleaned-source blocker is an exact authoritative identity/Road Manager mapping gap.","Planning candidate only: no reviewed exact-record Google Navigate contract exists on main, so runtime remains GPS-only.","Select 1-3 exact road-occurrence waypoints, confirm the final approach by satellite, prove both I-70 directions in Google step detail, then add one exact-record contract with tests/accounting."
"907c0955-b7c1-47a9-b449-dd5762f2e642","907c0955-b7c1-47a9-b449-dd5762f2e642","ascent--lee","LEE","Ascent","Ohio","Belmont","1786258360881449","US-250 → Lansing Cheermont Rd → Blaine Cheermont Rd → Access Road → OR → I-70 → Exit 225 → Marion St → Main St → US-250 → Lansing Cheermont Rd → Blaine Cheermont Rd → Access Road","saved_pad_gps","saved pad reference","40.090178","-80.811589","OTHER_NUMBERED_HIGHWAY_CANDIDATE","US-250","directions_clear primary order names US-250; normalized last usable approved anchor is US-250","directions_clear","US-250 S (1.1 miles) → Lansing Cheermont Rd / CR-18 (1.6 miles) → Blaine Cheermont Rd / CR-20 (0.15 mile) → Access Road","true","PIN_ONLY","candidate_start_lacks_exact_master_last_highway_road_id_anchor","US-250","no","0","0","HELD_TRANSITION","Named road evidence exists, but at least one exact traveled junction or occurrence receipt is unresolved.","Planning candidate only: no reviewed exact-record Google Navigate contract exists on main, so runtime remains GPS-only.","Select 1-3 exact road-occurrence waypoints, confirm the final approach by satellite, prove both highway directions where practical, then add one exact-record contract with tests/accounting."
"d5722be0-59a2-42ae-baed-4c73efef4df6","d5722be0-59a2-42ae-baed-4c73efef4df6","ascent--miller","MILLER","Ascent","Ohio","Belmont","1786265812046205","Route 70 → I-470 → 7s To 26th St → OH-7 → TR-476 → Brown Hollow Rd","saved_pad_gps","saved pad reference","39.994185","-80.790537","OTHER_NUMBERED_HIGHWAY_CANDIDATE","OH-7","directions_clear supplies a generic Route 70 start that remains provisional; the independently named last usable approved numbered-highway anchor is OH-7","directions_clear","Route 70 East → Route 470 South → Route 7 South → 26th Street Exit → Township Rd 476 → Brown Hollow Rd → Lease","true","ROUTED_DISPLAY","graph_evidence_receipt_missing_route_retained","OH-7","no","0","0","HELD_IDENTITY","The earliest unresolved cleaned-source blocker is an exact authoritative identity/Road Manager mapping gap.","Planning candidate only: the generic Route 70 start remains provisional and no reviewed exact-record Google Navigate contract exists on main; runtime remains GPS-only.","Resolve the generic Route 70 start without assuming I-70, select 1-3 exact controls from the independently named last anchor through the written local roads, confirm the final approach by satellite, and prove both practical highway directions before any exact-record contract."
"bf97cbb2-e1bd-485e-b41d-fa314a8f9a0a","bf97cbb2-e1bd-485e-b41d-fa314a8f9a0a","ascent--oboy","OBOY","Ascent","Ohio","Belmont","1786258360881449","US-250 → CR-71 → Morgan Hill Rd → Grays Ridge Rd → Access Road → OR → OH-9 → Main St → Wheeling St → Stumptown Rd → US-250 → CR-71 → Morgan Hill Rd → Grays Ridge Rd → Access Road → OR → Union St → Market St → US-250 → CR-71 → Morgan Hill Rd → Grays Ridge Rd → Access Road","saved_pad_gps","saved pad reference","40.135262","-80.872088","OTHER_NUMBERED_HIGHWAY_CANDIDATE","US-250","directions_clear primary order names US-250; normalized last usable approved anchor is US-250","directions_clear","US-250 SE (12 miles) → CR-71 (0.9 mile) → Morgan Hill Rd (0.7 mile) → Grays Ridge Rd (0.9 mile) → Grays Ridge Rd (200 ft) → Access Road","true","PIN_ONLY","candidate_start_lacks_exact_master_last_highway_road_id_anchor","US-250","no","0","0","HELD_IDENTITY","The earliest unresolved cleaned-source blocker is an exact authoritative identity/Road Manager mapping gap.","Planning candidate only: no reviewed exact-record Google Navigate contract exists on main, so runtime remains GPS-only.","Select 1-3 exact road-occurrence waypoints, confirm the final approach by satellite, prove both highway directions where practical, then add one exact-record contract with tests/accounting."
"ac833974-3bda-4370-b7f8-48e4fd4dcdee","ac833974-3bda-4370-b7f8-48e4fd4dcdee","ascent--oliver","OLIVER","Ascent","Ohio","Belmont","1787459253071652","OH-7 → Connection Take The Hanover St → OH-647 → OR → OH-519 / Stumptown Rd → OH-250 → OH-150 → OH-647","saved_pad_gps","saved pad reference","40.141528","-80.796019","OTHER_NUMBERED_HIGHWAY_CANDIDATE","OH-647","directions_clear primary order names SR-647; normalized last usable approved anchor is OH-647","directions_clear","Route 7 / SR-647 connection → Hanover St exit → SR-647 N (6.9 miles) → Well-site entrance","true","PIN_ONLY","candidate_start_lacks_exact_master_last_highway_road_id_anchor","OH-647","no","0","0","HELD_IDENTITY","The earliest unresolved cleaned-source blocker is an exact authoritative identity/Road Manager mapping gap.","Planning candidate only: no reviewed exact-record Google Navigate contract exists on main, so runtime remains GPS-only.","Select 1-3 exact road-occurrence waypoints, confirm the final approach by satellite, prove both highway directions where practical, then add one exact-record contract with tests/accounting."
"7dd270a8-bd26-413f-b5dc-106fbce8fdd4","7dd270a8-bd26-413f-b5dc-106fbce8fdd4","ascent--pavich","PAVICH","Ascent","Ohio","Belmont","1786258360881449","OH-7 → Clover Ridge Rd → Lease Road","saved_pad_gps","saved pad reference","39.86264","-80.92166","OTHER_NUMBERED_HIGHWAY_CANDIDATE","OH-7","directions_clear primary order names OH-7; normalized last usable approved anchor is OH-7","directions_clear","OH-7 → saved 556 route (8.5 miles) → Clover Ridge Rd / Monroe CR-24 (3.0 miles) → gravel TR-760 (0.8 mile) → Lease Road","true","ROUTED_DISPLAY","graph_receipt_ordered_prefix_then_solid_neutral_remainder","OH-7","yes","3","2","HELD_IDENTITY","The earliest unresolved cleaned-source blocker is an exact authoritative identity/Road Manager mapping gap.","Planning candidate only: no reviewed exact-record Google Navigate contract exists on main, so runtime remains GPS-only.","Select 1-3 exact road-occurrence waypoints, confirm the final approach by satellite, prove both highway directions where practical, then add one exact-record contract with tests/accounting."
"a3d9eb44-0446-4e4d-8917-ee6b978565f4","a3d9eb44-0446-4e4d-8917-ee6b978565f4","ascent--pol","POL","Ascent","Ohio","Belmont","1787459253071652","OH-150 → OH-647 → Zeyer Rd → OR → OH-7 → OH-798 → OH-647 → Zeyer Rd","saved_pad_gps","saved pad reference","40.1703","-80.788818","OTHER_NUMBERED_HIGHWAY_CANDIDATE","OH-647","directions_clear primary order names OH-647; normalized last usable approved anchor is OH-647","directions_clear","OH-150 SW (2.3 miles) → OH-647 S (0.8 mile) → Zeyer Rd (0.1 mile) → POL PES entrance","true","PIN_ONLY","candidate_start_lacks_exact_master_last_highway_road_id_anchor","OH-647","no","0","0","HELD_IDENTITY","The earliest unresolved cleaned-source blocker is an exact authoritative identity/Road Manager mapping gap.","Planning candidate only: no reviewed exact-record Google Navigate contract exists on main, so runtime remains GPS-only.","Select 1-3 exact road-occurrence waypoints, confirm the final approach by satellite, prove both highway directions where practical, then add one exact-record contract with tests/accounting."
"bb597303-aba8-47d6-9503-692687331658","bb597303-aba8-47d6-9503-692687331658","ascent--premiere","PREMIERE","Ascent","Ohio","Belmont","1786265512886177","I-70 → Exit 213 → OH-331 → Pad → OR → OH-9 → US-22 → Industrial Pkwy → OH-149 → OH-331 → Pad","official_wellhead_reference","official wellhead reference","40.128496","-81.001952","CLEAN_DIRECT_I70_CANDIDATE","OH-331","directions_clear primary order begins with I-70 normalized as I-70; last usable approved numbered-highway anchor is OH-331","directions_clear","I-70 → Exit 213 → OH-331 N (4.7 miles) → Pad entrance","true","PIN_ONLY","no_exact_last_interstate_us_or_state_highway","","no","0","0","HELD_TRANSITION","Named road evidence exists, but at least one exact traveled junction or occurrence receipt is unresolved.","Planning candidate only: no reviewed exact-record Google Navigate contract exists on main, so runtime remains GPS-only.","Select 1-3 exact road-occurrence waypoints, confirm the final approach by satellite, prove both I-70 directions in Google step detail, then add one exact-record contract with tests/accounting."
"4408e188-ccb4-40a6-9627-6c7a648fdd49","4408e188-ccb4-40a6-9627-6c7a648fdd49","ascent--prosser-e","PROSSER E","Ascent","Ohio","Belmont","1786265812046205","I-70 → Exit 208 → OH-149 → OH-40 / National Rd → Left/north On Pancoast Rd","saved_pad_gps","saved pad reference","40.101534","-81.020914","ALIAS_OR_SOURCE_ORDER_AMBIGUITY","US-40","directions_clear last anchor US-40 conflicts with historical-overlay last anchor OH-149","directions_clear","I-70 → Exit 208 → SR-149 N (0.5 mile) → SR-40 / National Rd E (1.5 miles) → Pancoast Rd / TR-263 N (2.3 miles) → Entrance","true","ROUTED_DISPLAY","graph_receipt_ordered_prefix_then_solid_neutral_remainder","OH-149","yes","1","1","HELD_IDENTITY","The earliest unresolved cleaned-source blocker is an exact authoritative identity/Road Manager mapping gap.","Fail closed: directions_clear last anchor US-40 conflicts with historical-overlay last anchor OH-149. Runtime remains GPS-only.","Resolve the primary-source alias/order against the exact intended road occurrence without promoting renderer or overlay labels; only then perform waypoint, satellite, and two-direction QA."
"fd6649db-8828-4f70-8519-8aac5097bfe8","fd6649db-8828-4f70-8519-8aac5097bfe8","ascent--r-hoover","R HOOVER","Ascent","Ohio","Belmont","1786258360881449","OH-1 → US-250 / W/cadiz Pike → Olive Branch Rd → 4. Veer Onto CR36 Rd → CR-36 → Henderson Ridge Rd → OR → OH-1 → E Toward Piedmont- Freeport Rd → US-22 → OH-519 → US-250 → Olive Branch Rd → Sheperdstown Rd → Henderson Ridge Rd","saved_pad_gps","saved pad reference","40.144397","-80.892833","ALIAS_OR_SOURCE_ORDER_AMBIGUITY","US-250","directions_clear last anchor US-250 conflicts with historical-overlay last anchor OH-1","directions_clear","US-250 W / Cadiz Pike (13 miles) → Olive Branch Rd (322 ft) → CR-36 (0.9 mile) → Henderson Ridge Rd (1.9 miles)","true","PIN_ONLY","candidate_start_lacks_exact_master_last_highway_road_id_anchor","OH-1","no","0","0","HELD_IDENTITY","The earliest unresolved cleaned-source blocker is an exact authoritative identity/Road Manager mapping gap.","Fail closed: directions_clear last anchor US-250 conflicts with historical-overlay last anchor OH-1. Runtime remains GPS-only.","Resolve the primary-source alias/order against the exact intended road occurrence without promoting renderer or overlay labels; only then perform waypoint, satellite, and two-direction QA."
"b8490b6c-0924-4b1d-a46e-6dc54e7e7267","b8490b6c-0924-4b1d-a46e-6dc54e7e7267","ascent--reitz","REITZ","Ascent","Ohio","Belmont","1786265812046205","OH-147 → Old Gas Station Wegee Rd → Lease Road","saved_pad_gps","saved pad reference","39.95176","-80.857579","OTHER_NUMBERED_HIGHWAY_CANDIDATE","OH-147","directions_clear 'Route 147' normalized as OH-147 and corroborated by the current exact sequence and/or main overlay","directions_clear","Route 147 E (6.2 miles) → Wegee Rd / CR-48 (0.5 mile) → saved 291 route (about 1.5 miles) → Lease Road","true","ROUTED_DISPLAY","graph_receipt_ordered_prefix_then_solid_neutral_remainder","OH-147","yes","1","1","HELD_IDENTITY","The earliest unresolved cleaned-source blocker is an exact authoritative identity/Road Manager mapping gap.","Planning candidate only: no reviewed exact-record Google Navigate contract exists on main, so runtime remains GPS-only.","Select 1-3 exact road-occurrence waypoints, confirm the final approach by satellite, prove both highway directions where practical, then add one exact-record contract with tests/accounting."
"73f48788-9990-435a-adee-999740e958de","73f48788-9990-435a-adee-999740e958de","ascent--richland-b","RICHLAND B","Ascent","Ohio","Belmont","1786258360881449","I-70 → Exit 213 → OH-331 → US-40 → Lloydsville Bannock Rd → Lude Rd → OR → OH-149 → US-40 → Lloydsville Bannock Rd → Lude Rd → OR → I-70 → Exit 208 → OH-149 → US-40 → Lloydsville Bannock Rd → Lude Rd","saved_pad_gps","saved pad reference","40.077481","-80.995772","CLEAN_DIRECT_I70_CANDIDATE","US-40","directions_clear primary order begins with I-70 normalized as I-70; last usable approved numbered-highway anchor is US-40","directions_clear","I-70 → Exit 213 → OH-331 S (0.2 mile) → US-40 W (1.3 miles) → Lloydsville-Bannock Rd / CR-80 (0.2 mile) → Lude Rd / TR-264 (0.3 mile)","true","ROUTED_DISPLAY","graph_receipt_ordered_prefix_then_solid_neutral_remainder","US-40","yes","3","0","HELD_TRANSITION","Named road evidence exists, but at least one exact traveled junction or occurrence receipt is unresolved.","Planning candidate only: no reviewed exact-record Google Navigate contract exists on main, so runtime remains GPS-only.","Select 1-3 exact road-occurrence waypoints, confirm the final approach by satellite, prove both I-70 directions in Google step detail, then add one exact-record contract with tests/accounting."
"435db86b-8ba5-40e2-a181-252adef649ab","435db86b-8ba5-40e2-a181-252adef649ab","ascent--robinson","ROBINSON","Ascent","Ohio","Belmont","1787459253071652","I-470 → OH-7 → OH-149 → Klee Cross Rd / TR-476 → OH-147 → Fulton Hill Rd / CR-42 → Pad","saved_pad_gps","saved pad reference","40.014531","-80.770108","OTHER_NUMBERED_HIGHWAY_CANDIDATE","OH-147","directions_clear primary order names OH-147; normalized last usable approved anchor is OH-147","directions_clear","I-470 / OH-7 split → OH-7 S (4.2 miles) → OH-147 / OH-149 Bellaire exit → OH-149 (1.1 miles) → Klee Cross Rd / TR-476 (0.16 mile) → OH-147 (0.1 mile) → Fulton Hill Rd / CR-42 (0.3 mile) → Pad entrance","true","PIN_ONLY","no_exact_last_interstate_us_or_state_highway","","no","0","0","HELD_TRANSITION","Named road evidence exists, but at least one exact traveled junction or occurrence receipt is unresolved.","Planning candidate only: no reviewed exact-record Google Navigate contract exists on main, so runtime remains GPS-only.","Select 1-3 exact road-occurrence waypoints, confirm the final approach by satellite, prove both highway directions where practical, then add one exact-record contract with tests/accounting."
"73e32bb0-be54-47c7-a2bf-3472dd16fd33","73e32bb0-be54-47c7-a2bf-3472dd16fd33","ascent--ross","ROSS","Ascent","Ohio","Belmont","1786265812046205","I-70 → Exit 215 → US-40 → Vineyard Rd → Lee Rd → Power Line Rd","saved_pad_gps","saved pad reference","40.105598","-80.954744","CLEAN_DIRECT_I70_CANDIDATE","US-40","directions_clear primary order begins with I-70 normalized as I-70; last usable approved numbered-highway anchor is US-40","directions_clear","I-70 E → Exit 215 → Route 40 W → Vineyard Rd → Lee Rd → Power Line Rd → Lease","true","ROUTED_DISPLAY","graph_receipt_ordered_prefix_then_solid_neutral_remainder","US-40","yes","2","1","HELD_IDENTITY","The earliest unresolved cleaned-source blocker is an exact authoritative identity/Road Manager mapping gap.","Planning candidate only: no reviewed exact-record Google Navigate contract exists on main, so runtime remains GPS-only.","Select 1-3 exact road-occurrence waypoints, confirm the final approach by satellite, prove both I-70 directions in Google step detail, then add one exact-record contract with tests/accounting."
"553870dd-59f1-43c2-845a-ec8d1c28e136","553870dd-59f1-43c2-845a-ec8d1c28e136","ascent--schnegg","SCHNEGG","Ascent","Ohio","Belmont","1786258360881449","CR-56 / Cats Run Rd → Pad","saved_pad_gps","saved pad reference","39.86371","-80.863685","ALIAS_OR_SOURCE_ORDER_AMBIGUITY","OH-148","uncorroborated generic or conflicting alias 'Route 148' normalized provisionally as OH-148","directions_clear","Route 148 from Powhatan Point → Brubakers landmark → CR-56 / Cats Run Rd → Pad","true","PIN_ONLY","no_exact_last_interstate_us_or_state_highway","","no","0","0","HELD_GEOMETRY","Identity/occurrence evidence is sufficient to avoid an identity hold, but exact clipped traveled geometry or the pad-specific terminal connector is not proven.","Fail closed: uncorroborated generic or conflicting alias 'Route 148' normalized provisionally as OH-148. Runtime remains GPS-only.","Resolve the primary-source alias/order against the exact intended road occurrence without promoting renderer or overlay labels; only then perform waypoint, satellite, and two-direction QA."
"f68bb21b-696f-4154-9a2f-09a0285984f0","f68bb21b-696f-4154-9a2f-09a0285984f0","ascent--seabright","SEABRIGHT","Ascent","Ohio","Belmont","1786265812046205","OH-7 → OH-250 → CR-18 / Lansing- Cheermont Rd → OR → OH-519 / Stumptown Rd → OH-250 → CR-18 / Lansing- Cheermont Rd","saved_pad_gps","saved pad reference","40.105655","-80.802137","OTHER_NUMBERED_HIGHWAY_CANDIDATE","US-250","directions_clear 'SR-250' normalized as US-250 and corroborated by the current exact sequence and/or main overlay","directions_clear","Route 7 / SR-250 connection → SR-250 W (4.9 miles) → CR-18 / Lansing-Cheermont Rd S (0.44 mile) → Well-site entrance","true","PIN_ONLY","candidate_start_lacks_exact_master_last_highway_road_id_anchor","OH-250","no","0","0","HELD_IDENTITY","The earliest unresolved cleaned-source blocker is an exact authoritative identity/Road Manager mapping gap.","Planning candidate only: no reviewed exact-record Google Navigate contract exists on main, so runtime remains GPS-only.","Select 1-3 exact road-occurrence waypoints, confirm the final approach by satellite, prove both highway directions where practical, then add one exact-record contract with tests/accounting."
"69c63442-de05-4d15-95da-07da587bc070","69c63442-de05-4d15-95da-07da587bc070","ascent--shutway","SHUTWAY","Ascent","Ohio","Belmont","1788117937351112","I-70 → Exit 208 → OH-149 → Pad","saved_pad_gps","saved pad reference","40.113559","-81.076149","CLEAN_DIRECT_I70_CANDIDATE","OH-149","directions_clear primary order begins with I-70 normalized as I-70; last usable approved numbered-highway anchor is OH-149","directions_clear","I-70 → Exit 208 → OH-149 N (4.5 miles) → Pad","true","ROUTED_DISPLAY","graph_receipt_ordered_prefix_then_solid_neutral_remainder","OH-149","no","0","0","GOOGLE_QA_PENDING","STALE PR #212 EVIDENCE: revision 1787615581785257 does not bind current revision 1788117937351112; primary-source fields and disposition are historical context only. Source-first route and evidence-backed phone-origin candidate are prepared; two-origin interactive Google rendering QA was not transmitted in this run.","Planning candidate only: no reviewed exact-record Google Navigate contract exists on main, so runtime remains GPS-only.","Re-derive SHUTWAY controls against current revision 1788117937351112 before any Google QA; the stale PR #212 candidate cannot be promoted. Then complete satellite and two-direction step-list proof."
"5a0ede1b-4586-4edc-9438-7cb29a24e58e","5a0ede1b-4586-4edc-9438-7cb29a24e58e","ascent--sidwell","SIDWELL","Ascent","Ohio","Belmont","1787459253071652","OH-1 → OH-9 → Unity Church Rd → Pad → OR → I-70 → Exit 216 → OH-9 → Newell Ave → OH-9N → Unity Church Rd → OR → OH-1 → OH-331S → OH-149N → OH-9S → Unity Church Rd","saved_pad_gps","saved pad reference","40.146316","-80.979282","OTHER_NUMBERED_HIGHWAY_CANDIDATE","OH-9","directions_clear primary order names OH-9; normalized last usable approved anchor is OH-9","directions_clear","OH-9 S (7 miles from Cadiz) → OH-9 S (2.1 miles) → Unity Church Rd / CR-64 (0.82 mile) → Pad","true","ROUTED_DISPLAY","graph_receipt_ordered_prefix_then_solid_neutral_remainder","OH-9","yes","7","0","HELD_GEOMETRY","Identity/occurrence evidence is sufficient to avoid an identity hold, but exact clipped traveled geometry or the pad-specific terminal connector is not proven.","Planning candidate only: no reviewed exact-record Google Navigate contract exists on main, so runtime remains GPS-only.","Select 1-3 exact road-occurrence waypoints, confirm the final approach by satellite, prove both highway directions where practical, then add one exact-record contract with tests/accounting."
"7997ba1f-ec1f-4e2f-a67f-8d36837aca67","7997ba1f-ec1f-4e2f-a67f-8d36837aca67","ascent--skyline","SKYLINE","Ascent","Ohio","Belmont","1787459253071652","I-70 → Exit 213 → OH-331 → Lease Road → OR → OH-149 → Lease Road","official_pad_reference","official pad reference","40.163318","-81.007131","CLEAN_DIRECT_I70_CANDIDATE","OH-149","directions_clear primary order begins with I-70 normalized as I-70; last usable approved numbered-highway anchor is OH-149","directions_clear","I-70 → Exit 213 → Route 331 N → Route 149 (2.4 miles) → Lease Road","true","PIN_ONLY","no_exact_last_interstate_us_or_state_highway","","no","0","0","HELD_TRANSITION","Named road evidence exists, but at least one exact traveled junction or occurrence receipt is unresolved.","Planning candidate only: no reviewed exact-record Google Navigate contract exists on main, so runtime remains GPS-only.","Select 1-3 exact road-occurrence waypoints, confirm the final approach by satellite, prove both I-70 directions in Google step detail, then add one exact-record contract with tests/accounting."
"59d66423-1e09-4ac8-b2ab-ae2d06d11f12","59d66423-1e09-4ac8-b2ab-ae2d06d11f12","ascent--smith","SMITH","Ascent","Ohio","Belmont","1786265812046205","OH-7 → US-250 → Lease Road","saved_pad_gps","saved pad reference","40.112328","-80.81926","OTHER_NUMBERED_HIGHWAY_CANDIDATE","US-250","directions_clear 'Route 250' normalized as US-250 and corroborated by the current exact sequence and/or main overlay","directions_clear","Route 7 S → Route 250 → Sharon Rd / CR-6 (approximately 1 mile) → Lease Road","true","PIN_ONLY","candidate_start_lacks_exact_master_last_highway_road_id_anchor","US-250","no","0","0","HELD_IDENTITY","The earliest unresolved cleaned-source blocker is an exact authoritative identity/Road Manager mapping gap.","Planning candidate only: no reviewed exact-record Google Navigate contract exists on main, so runtime remains GPS-only.","Select 1-3 exact road-occurrence waypoints, confirm the final approach by satellite, prove both highway directions where practical, then add one exact-record contract with tests/accounting."
"160d3e78-8db6-44dd-8b2c-4bdeb0f678b9","160d3e78-8db6-44dd-8b2c-4bdeb0f678b9","ascent--sophia-joe","SOPHIA JOE","Ascent","Ohio","Belmont","1786258360881449","US-250 → Mercer Rd → Prokes Rd → Access Road → OR → OH-150 → US-250 → Mercer Rd → Prokes Rd → Access Road","saved_pad_gps","saved pad reference","40.125229","-80.856075","OTHER_NUMBERED_HIGHWAY_CANDIDATE","US-250","directions_clear primary order names US-250; normalized last usable approved anchor is US-250","directions_clear","US-250 E (3.9 miles) → Mercer Rd (0.5 mile) → Prokes Rd (1.4 miles) → Access Road","true","PIN_ONLY","candidate_start_lacks_exact_master_last_highway_road_id_anchor","US-250","no","0","0","HELD_IDENTITY","The earliest unresolved cleaned-source blocker is an exact authoritative identity/Road Manager mapping gap.","Planning candidate only: no reviewed exact-record Google Navigate contract exists on main, so runtime remains GPS-only.","Select 1-3 exact road-occurrence waypoints, confirm the final approach by satellite, prove both highway directions where practical, then add one exact-record contract with tests/accounting."
"d70f5f1d-7f44-4a5e-9b05-06264f56470d","d70f5f1d-7f44-4a5e-9b05-06264f56470d","ascent--three-dads","THREE DADS","Ascent","Ohio","Belmont","1786265812046205","OH-7 → Route 70 → Exit 218 → Mall Rd → US-40 → Barton Rd → Pad","saved_pad_gps","saved pad reference","40.099252","-80.855031","OTHER_NUMBERED_HIGHWAY_CANDIDATE","US-40","directions_clear 'Route 40' normalized as US-40 and corroborated by the current exact sequence and/or main overlay","directions_clear","Route 7 South → Route 70 West → Exit 218 → Mall Rd → Route 40 West (1 mile) → Barton Rd / CR-4 (2.5 miles) → Pad","true","ROUTED_DISPLAY","graph_receipt_ordered_prefix_then_solid_neutral_remainder","US-40","yes","1","0","HELD_TRANSITION","Named road evidence exists, but at least one exact traveled junction or occurrence receipt is unresolved.","Planning candidate only: no reviewed exact-record Google Navigate contract exists on main, so runtime remains GPS-only.","Select 1-3 exact road-occurrence waypoints, confirm the final approach by satellite, prove both highway directions where practical, then add one exact-record contract with tests/accounting."
"ce5d219e-1d2c-47c8-b921-3f2abfe45c5d","ce5d219e-1d2c-47c8-b921-3f2abfe45c5d","ascent--vannelle","VANNELLE","Ascent","Ohio","Belmont","1786258360881449","I-70 → Exit 216 → OH-9 → Shepherdstown Rd → Pad → OR → OH-9 → Shepherdstown Rd → Pad → OR → OH-149 → OH-9 → Shepherdstown Rd → Pad","saved_pad_gps","saved pad reference","40.14744","-80.961696","CLEAN_DIRECT_I70_CANDIDATE","OH-9","directions_clear primary order begins with I-70 normalized as I-70; last usable approved numbered-highway anchor is OH-9","directions_clear","I-70 → Exit 216 → OH-9 N (7.5 miles) → Pad near Shepherdstown Rd / CR-64","true","ROUTED_DISPLAY","graph_receipt_ordered_prefix_then_solid_neutral_remainder","OH-9","yes","6","0","GOOGLE_QA_PENDING","Source-first route and evidence-backed phone-origin candidate are prepared; two-origin interactive Google rendering QA was not transmitted in this run.","Planning candidate only: no reviewed exact-record Google Navigate contract exists on main, so runtime remains GPS-only.","Select 1-3 exact road-occurrence waypoints, confirm the final approach by satellite, prove both I-70 directions in Google step detail, then add one exact-record contract with tests/accounting."
"55f7328d-0da2-430d-8ecb-89ad91260f61","55f7328d-0da2-430d-8ecb-89ad91260f61","ascent--violet","VIOLET","Ascent","Ohio","Belmont","1786265812046205","Route 70 → Exit 208 → OH-149 → OH-147 → CR-4 → Mcclainsville Rd → Pad","saved_pad_gps","saved pad reference","40.014235","-80.793111","OTHER_NUMBERED_HIGHWAY_CANDIDATE","OH-147","directions_clear supplies a generic Route 70 start that remains provisional; the independently named last usable approved numbered-highway anchor is OH-147","directions_clear","Route 70 East → Exit 208 → Route 149 South → Route 147 → CR-4 → McClainsville Rd → Pad","true","ROUTED_DISPLAY","graph_receipt_ordered_prefix_then_solid_neutral_remainder","OH-147","yes","1","1","HELD_TRANSITION","Named road evidence exists, but at least one exact traveled junction or occurrence receipt is unresolved.","Planning candidate only: the generic Route 70 start remains provisional and no reviewed exact-record Google Navigate contract exists on main; runtime remains GPS-only.","Resolve the generic Route 70 start without assuming I-70, select 1-3 exact controls from the independently named last anchor through the written local roads, confirm the final approach by satellite, and prove both practical highway directions before any exact-record contract."
"a26bd78e-5be2-4484-908e-3df512de2296","a26bd78e-5be2-4484-908e-3df512de2296","ascent--wassmann","WASSMANN","Ascent","Ohio","Belmont","1786265812046205","I-70 → Exit 208 → OH-149 → Bethesda Belmont Rd → Bridge St → Main St → OH-147 / Jefferson St → Winding Hill Rd → Lease Road","saved_pad_gps","saved pad reference","39.991086","-80.787849","CLEAN_DIRECT_I70_CANDIDATE","OH-147","directions_clear primary order begins with I-70 normalized as I-70; last usable approved numbered-highway anchor is OH-147","directions_clear","I-70 → Exit 208 → SR-149 S (2.4 miles) → Bethesda Belmont Rd / SR-147 E (0.2 mile) → Bridge St / SR-147 E (400 ft) → W Main St / SR-147 E (0.2 mile) → SR-147 E / Jefferson St (6.7 miles) → SR-147 E (11 miles) → Winding Hill Rd / CR-44 (0.9 mile) → Lease Road","true","ROUTED_DISPLAY","graph_receipt_ordered_prefix_then_solid_neutral_remainder","OH-147","yes","1","1","HELD_TRANSITION","Named road evidence exists, but at least one exact traveled junction or occurrence receipt is unresolved.","Planning candidate only: no reviewed exact-record Google Navigate contract exists on main, so runtime remains GPS-only.","Select 1-3 exact road-occurrence waypoints, confirm the final approach by satellite, prove both I-70 directions in Google step detail, then add one exact-record contract with tests/accounting."
"ebe8e078-ab41-4151-84fb-4186772b4a07","ebe8e078-ab41-4151-84fb-4186772b4a07","ascent--west","WEST","Ascent","Ohio","Belmont","1786265812046205","Exit 208 → OH-149 → OH-147 → Tailor Ct → Country Rd → Route 5 → CR-5 → Lease Road","saved_pad_gps","saved pad reference","39.92022","-80.86322","CLEAN_DIRECT_I70_CANDIDATE","OH-147","directions_clear primary order begins with I-70 normalized as I-70; last usable approved numbered-highway anchor is OH-147","directions_clear","I-70 → Exit 208 → Route 149 S → Route 147 → Route 147 through Belmont / Centerville → County Road 5 → Mount Victory / CR-56 (3.5 miles from CR-5) → Lease Road","true","ROUTED_DISPLAY","graph_receipt_ordered_prefix_then_solid_neutral_remainder","OH-147","yes","1","1","HELD_TRANSITION","Named road evidence exists, but at least one exact traveled junction or occurrence receipt is unresolved.","Planning candidate only: no reviewed exact-record Google Navigate contract exists on main, so runtime remains GPS-only.","Select 1-3 exact road-occurrence waypoints, confirm the final approach by satellite, prove both I-70 directions in Google step detail, then add one exact-record contract with tests/accounting."
"f90abbf8-d7a6-4437-9668-23aadb80eeef","f90abbf8-d7a6-4437-9668-23aadb80eeef","ascent--wise","WISE","Ascent","Ohio","Belmont","1787459253071652","OH-7 → I-470 → Exit 3 → Lease Road","saved_pad_gps","saved pad reference","40.046772","-80.782373","OTHER_NUMBERED_HIGHWAY_CANDIDATE","I-470","directions_clear 'Route 470' normalized as I-470 and corroborated by the current exact sequence and/or main overlay","directions_clear","SR-7 → Route 470 W → Exit 3 → left at top of ramp (approximately 0.75 mile) → Lease Road","true","PIN_ONLY","candidate_start_lacks_exact_master_last_highway_road_id_anchor","I-470","no","0","0","HELD_IDENTITY","The earliest unresolved cleaned-source blocker is an exact authoritative identity/Road Manager mapping gap.","Planning candidate only: no reviewed exact-record Google Navigate contract exists on main, so runtime remains GPS-only.","Select 1-3 exact road-occurrence waypoints, confirm the final approach by satellite, prove both highway directions where practical, then add one exact-record contract with tests/accounting."
"a2e0fe73-db17-44fd-86ce-5a0759971607","a2e0fe73-db17-44fd-86ce-5a0759971607","ascent--wright","WRIGHT","Ascent","Ohio","Belmont","1786265812046205","Exit 208 → OH-149 → OH-147 → Boyds Ridge Rd → Lease Road","saved_pad_gps","saved pad reference","40.006933","-80.845086","CLEAN_DIRECT_I70_CANDIDATE","OH-147","directions_clear primary order begins with I-70 normalized as I-70; last usable approved numbered-highway anchor is OH-147","directions_clear","I-70 → Exit 208 → Route 149 S → Route 147 → Route 147 through Belmont / Centerville (7.7 miles) → Wright turnaround → Route 147 → Boyds Ridge Rd (1.5 miles) → Lease Road","true","ROUTED_DISPLAY","graph_receipt_ordered_prefix_then_solid_neutral_remainder","OH-147","yes","1","1","HELD_IDENTITY","The earliest unresolved cleaned-source blocker is an exact authoritative identity/Road Manager mapping gap.","Planning candidate only: no reviewed exact-record Google Navigate contract exists on main, so runtime remains GPS-only.","Select 1-3 exact road-occurrence waypoints, confirm the final approach by satellite, prove both I-70 directions in Google step detail, then add one exact-record contract with tests/accounting."
"81b842b1-9f67-4be4-b94f-7a2ae402b740","81b842b1-9f67-4be4-b94f-7a2ae402b740","ascent--atmos","ATMOS","Ascent","Ohio","Guernsey","1786258360881449","I-70 → Exit 198 → Fair Rd → Waymor Rd → Lease Road","saved_pad_gps","saved pad reference","40.05752","-81.265294","CLEAN_DIRECT_I70_CANDIDATE","I-70","directions_clear primary order begins with I-70 normalized as I-70; last usable approved numbered-highway anchor is I-70","directions_clear","I-70 → Exit 198 → Fair Rd (0.5 mile) → Waymor Rd (1.1 miles) → Lease Road","true","PIN_ONLY","candidate_start_lacks_exact_master_last_highway_road_id_anchor","I-70","no","0","0","HELD_IDENTITY","The earliest unresolved cleaned-source blocker is an exact authoritative identity/Road Manager mapping gap.","Planning candidate only: no reviewed exact-record Google Navigate contract exists on main, so runtime remains GPS-only.","Select 1-3 exact road-occurrence waypoints, confirm the final approach by satellite, prove both I-70 directions in Google step detail, then add one exact-record contract with tests/accounting."
"0b76ebf9-8ed9-46a7-957d-12c2617d61df","0b76ebf9-8ed9-46a7-957d-12c2617d61df","ascent--ayers","AYERS","Ascent","Ohio","Guernsey","1786265512886177","Rainbow Rd Follow Rainbow Rd → Lease Road","saved_pad_gps","saved pad reference","40.111221","-81.394485","OTHER_NUMBERED_HIGHWAY_CANDIDATE","US-22","directions_clear primary order names US-22; normalized last usable approved anchor is US-22","directions_clear","SR-285 / US-22 intersection → East (1.2 miles) → Rainbow Rd N (0.3 mile) → Lease Road","true","PIN_ONLY","no_exact_last_interstate_us_or_state_highway","","no","0","0","HELD_IDENTITY","The earliest unresolved cleaned-source blocker is an exact authoritative identity/Road Manager mapping gap.","Planning candidate only: no reviewed exact-record Google Navigate contract exists on main, so runtime remains GPS-only.","Select 1-3 exact road-occurrence waypoints, confirm the final approach by satellite, prove both highway directions where practical, then add one exact-record contract with tests/accounting."
"6a76157e-c1c5-4624-bdf3-db996ed3aebd","6a76157e-c1c5-4624-bdf3-db996ed3aebd","ascent--betts","BETTS","Ascent","Ohio","Guernsey","1786258360881449","US-22 → Mc Coy Rd → OR → OH-513 → US-22 → Mc Coy Rd","saved_pad_gps","saved pad reference","40.105342","-81.260282","OTHER_NUMBERED_HIGHWAY_CANDIDATE","US-22","directions_clear primary order names US-22; normalized last usable approved anchor is US-22","directions_clear","US-22 E (15.4 miles from Cambridge) → McCoy Rd / CR-82 (5.6 miles) → Pad","true","ROUTED_DISPLAY","graph_receipt_ordered_prefix_then_solid_neutral_remainder","US-22","yes","3","0","HELD_TRANSITION","Named road evidence exists, but at least one exact traveled junction or occurrence receipt is unresolved.","Planning candidate only: no reviewed exact-record Google Navigate contract exists on main, so runtime remains GPS-only.","Select 1-3 exact road-occurrence waypoints, confirm the final approach by satellite, prove both highway directions where practical, then add one exact-record contract with tests/accounting."
"0dc102c5-1640-47bf-9975-736cf684c227","0dc102c5-1640-47bf-9975-736cf684c227","ascent--brown","BROWN","Ascent","Ohio","Guernsey","1786265812046205","I-77 → Exit Turn Right Up Hill → OH-21 → Lease Road","official_pad_reference","official pad reference","40.182389","-81.413411","ALIAS_OR_SOURCE_ORDER_AMBIGUITY","OH-258","uncorroborated generic or conflicting alias 'Route 258' normalized provisionally as OH-258","directions_clear","I-77 N → Kimbolton exit → saved Route 21 N (approximately 6–7 miles) → Route 258 → Lease Road","true","PIN_ONLY","no_exact_last_interstate_us_or_state_highway","","no","0","0","HELD_TRANSITION","Named road evidence exists, but at least one exact traveled junction or occurrence receipt is unresolved.","Fail closed: uncorroborated generic or conflicting alias 'Route 258' normalized provisionally as OH-258. Runtime remains GPS-only.","Resolve the primary-source alias/order against the exact intended road occurrence without promoting renderer or overlay labels; only then perform waypoint, satellite, and two-direction QA."
"57e1d8d2-0d6c-481f-881d-1839a72a037b","57e1d8d2-0d6c-481f-881d-1839a72a037b","ascent--coad","COAD","Ascent","Ohio","Guernsey","1786258360881449","I-70 → Exit 193 → OH-513 → Oxford Rd → Lease Road → OR → OH-1 → OH-513 / North/batesville Road./pike St → Oxford Rd → Lease Road","saved_pad_gps","saved pad reference","40.033571","-81.258135","CLEAN_DIRECT_I70_CANDIDATE","OH-513","directions_clear primary order begins with I-70 normalized as I-70; last usable approved numbered-highway anchor is OH-513","directions_clear","I-70 → Exit 193 → OH-513 S (2.2 miles) → Oxford Rd (3.0 miles) → Lease Road","true","ROUTED_DISPLAY","graph_receipt_ordered_prefix_then_solid_neutral_remainder","OH-513","yes","2","1","HELD_TRANSITION","Named road evidence exists, but at least one exact traveled junction or occurrence receipt is unresolved.","Planning candidate only: no reviewed exact-record Google Navigate contract exists on main, so runtime remains GPS-only.","Select 1-3 exact road-occurrence waypoints, confirm the final approach by satellite, prove both I-70 directions in Google step detail, then add one exact-record contract with tests/accounting."
"852a50cf-855e-4ebc-96db-19edd085b083","852a50cf-855e-4ebc-96db-19edd085b083","ascent--cooper","COOPER","Ascent","Ohio","Guernsey","1787459253071652","OH-258 → Martha Rd → Titus → Sligo → Turkey Run → Tanglwood Ln → Lease Road","saved_pad_gps","saved pad reference","40.164905","-81.405149","OTHER_NUMBERED_HIGHWAY_CANDIDATE","OH-258","directions_clear primary order names SR-258; normalized last usable approved anchor is OH-258","directions_clear","SR-258 → Martha Rd → Titus Rd → Sligo Rd → Turkey Run Rd → Tanglwood Ln → Lease Road","true","ROUTED_DISPLAY","graph_receipt_ordered_prefix_then_solid_neutral_remainder","OH-258","yes","7","0","HELD_TRANSITION","Named road evidence exists, but at least one exact traveled junction or occurrence receipt is unresolved.","Planning candidate only: no reviewed exact-record Google Navigate contract exists on main, so runtime remains GPS-only.","Select 1-3 exact road-occurrence waypoints, confirm the final approach by satellite, prove both highway directions where practical, then add one exact-record contract with tests/accounting."
"8a7b9669-169d-45a5-bf55-b9be5cbd51e2","8a7b9669-169d-45a5-bf55-b9be5cbd51e2","ascent--donna","DONNA","Ascent","Ohio","Guernsey","1787459253071652","OH-800 → US-22 → Skull Fork Rd → Bond Ln → OR → I-77 → Exit 47 → US-22 → Skull Fork Rd → Bond Ln → OR → I-70 → Exit 193 → OH-513 → US-22 → Skull Fork Rd → Bond Ln","saved_pad_gps","saved pad reference","40.123656","-81.252093","OTHER_NUMBERED_HIGHWAY_CANDIDATE","US-22","directions_clear primary order names US-22; normalized last usable approved anchor is US-22","directions_clear","OH-800 S (2.8 miles) → US-22 (2.8 miles) → Skull Fork Rd (3.5 miles) → Bond Ln (0.4 mile)","true","ROUTED_DISPLAY","graph_receipt_ordered_prefix_then_solid_neutral_remainder","US-22","yes","2","0","HELD_TRANSITION","Named road evidence exists, but at least one exact traveled junction or occurrence receipt is unresolved.","Planning candidate only: no reviewed exact-record Google Navigate contract exists on main, so runtime remains GPS-only.","Select 1-3 exact road-occurrence waypoints, confirm the final approach by satellite, prove both highway directions where practical, then add one exact-record contract with tests/accounting."
"58fd9d03-e992-457e-95d3-6773c8f86b9c","58fd9d03-e992-457e-95d3-6773c8f86b9c","ascent--eggleston","EGGLESTON","Ascent","Ohio","Guernsey","1786258360881449","I-70 → Exit 186 → OH-285 → Buckeye Hiking Trail → County Home Rd → Easton Rd","saved_pad_gps","saved pad reference","40.035153","-81.413456","ALIAS_OR_SOURCE_ORDER_AMBIGUITY","US-40","directions_clear last anchor US-40 conflicts with historical-overlay last anchor OH-285","directions_clear","I-70 → Exit 186 → OH-285 N (0.4 mile) → Buckeye Hiking Trail / US-40 (0.6 mile) → County Home Rd (0.1 mile) → Easton Rd (0.9 mile) → Entrance","true","ROUTED_DISPLAY","graph_receipt_ordered_prefix_then_solid_neutral_remainder","OH-285","yes","1","1","HELD_TRANSITION","Named road evidence exists, but at least one exact traveled junction or occurrence receipt is unresolved.","Fail closed: directions_clear last anchor US-40 conflicts with historical-overlay last anchor OH-285. Runtime remains GPS-only.","Resolve the primary-source alias/order against the exact intended road occurrence without promoting renderer or overlay labels; only then perform waypoint, satellite, and two-direction QA."
"efb704af-2dc0-4298-81c3-bad2ac13787b","efb704af-2dc0-4298-81c3-bad2ac13787b","ascent--gingerich","GINGERICH","Ascent","Ohio","Guernsey","1786265812046205","Route 70 → Exit 193 → OH-513 → OH-22 → Pad","saved_pad_gps","saved pad reference","40.091693","-81.326033","ALIAS_OR_SOURCE_ORDER_AMBIGUITY","OH-513","directions_clear last anchor OH-513 conflicts with historical-overlay last anchor US-22","directions_clear","Saved State Route 22 → Route 513 S (about 1.5 miles) → Pad","true","PIN_ONLY","candidate_start_lacks_exact_master_last_highway_road_id_anchor","OH-22","no","0","0","HELD_TRANSITION","Named road evidence exists, but at least one exact traveled junction or occurrence receipt is unresolved.","Fail closed: directions_clear last anchor OH-513 conflicts with historical-overlay last anchor US-22. Runtime remains GPS-only.","Resolve the primary-source alias/order against the exact intended road occurrence without promoting renderer or overlay labels; only then perform waypoint, satellite, and two-direction QA."
"4d010be1-39a8-4e4e-8bc8-d2b3337964e8","4d010be1-39a8-4e4e-8bc8-d2b3337964e8","ascent--henry","HENRY","Ascent","Ohio","Guernsey","1786265812046205","US-70 → OH-513 → US-22 → Mccoy Rd → Tyson Mill Rd → OR → OH-1 → OH-800 → Mccoy Rd → Tyson Mill Rd","saved_pad_gps","saved pad reference","40.129593","-81.289909","OTHER_NUMBERED_HIGHWAY_CANDIDATE","US-22","directions_clear primary order names US-22; normalized last usable approved anchor is US-22","directions_clear","State Route 800 S (2.8 miles) → US-22 (7.9 miles southwest) → McCoy Rd (3.1 miles east) → Tyson Mill Rd (1.6 miles north) → Access Road","true","ROUTED_DISPLAY","graph_receipt_ordered_prefix_then_solid_neutral_remainder","US-22","yes","2","0","HELD_IDENTITY","The earliest unresolved cleaned-source blocker is an exact authoritative identity/Road Manager mapping gap.","Planning candidate only: no reviewed exact-record Google Navigate contract exists on main, so runtime remains GPS-only.","Select 1-3 exact road-occurrence waypoints, confirm the final approach by satellite, prove both highway directions where practical, then add one exact-record contract with tests/accounting."
"8698112a-c3b4-453e-94d0-bcf4b2476cfb","8698112a-c3b4-453e-94d0-bcf4b2476cfb","ascent--j-barr-j","J BARR J","Ascent","Ohio","Guernsey","1786258360881449","I-70 → Exit 193 → OH-513 → Oxford Rd → Lease Road","saved_pad_gps","saved pad reference","40.03226","-81.263847","CLEAN_DIRECT_I70_CANDIDATE","OH-513","directions_clear primary order begins with I-70 normalized as I-70; last usable approved numbered-highway anchor is OH-513","directions_clear","I-70 → Exit 193 → OH-513 S (2.2 miles) → Oxford Rd (3.0 miles) → Lease Road","true","ROUTED_DISPLAY","graph_receipt_ordered_prefix_then_solid_neutral_remainder","OH-513","yes","2","1","HELD_TRANSITION","Named road evidence exists, but at least one exact traveled junction or occurrence receipt is unresolved.","Planning candidate only: no reviewed exact-record Google Navigate contract exists on main, so runtime remains GPS-only.","Select 1-3 exact road-occurrence waypoints, confirm the final approach by satellite, prove both I-70 directions in Google step detail, then add one exact-record contract with tests/accounting."
"894fffa5-bd8f-4de6-acea-6296382d9c14","894fffa5-bd8f-4de6-acea-6296382d9c14","ascent--kroby","KROBY","Ascent","Ohio","Guernsey","1786258360881449","Ohsr22 To Lodge Rd → Pad","saved_pad_gps","saved pad reference","40.122349","-81.360599","OTHER_NUMBERED_HIGHWAY_CANDIDATE","US-22","directions_clear 'SR-22' normalized as US-22 and corroborated by the current exact sequence and/or main overlay","directions_clear","OH SR-22 → Lodge Rd in Antrim → about 300 yd north → Pad","true","PIN_ONLY","no_exact_last_interstate_us_or_state_highway","","no","0","0","HELD_IDENTITY","The earliest unresolved cleaned-source blocker is an exact authoritative identity/Road Manager mapping gap.","Planning candidate only: no reviewed exact-record Google Navigate contract exists on main, so runtime remains GPS-only.","Select 1-3 exact road-occurrence waypoints, confirm the final approach by satellite, prove both highway directions where practical, then add one exact-record contract with tests/accounting."
"883420b3-07b9-4682-912e-42ba278d1132","883420b3-07b9-4682-912e-42ba278d1132","ascent--lavada","LAVADA","Ascent","Ohio","Guernsey","1786265812046205","I-70 → Exit 186 → OH-285 → OH-265 → Salem Rd → Lease Road","saved_pad_gps","saved pad reference","39.97411","-81.412098","CLEAN_DIRECT_I70_CANDIDATE","OH-265","directions_clear primary order begins with I-70 normalized as I-70; last usable approved numbered-highway anchor is OH-265","directions_clear","I-70 → Exit 186 → SR-285 S (3.4 miles) → SR-265 E (2.4 miles) → Salem Rd (0.6 mile) → Lease Road","true","ROUTED_DISPLAY","graph_receipt_ordered_prefix_then_solid_neutral_remainder","OH-265","yes","1","0","HELD_TRANSITION","Named road evidence exists, but at least one exact traveled junction or occurrence receipt is unresolved.","Planning candidate only: no reviewed exact-record Google Navigate contract exists on main, so runtime remains GPS-only.","Select 1-3 exact road-occurrence waypoints, confirm the final approach by satellite, prove both I-70 directions in Google step detail, then add one exact-record contract with tests/accounting."
"65083627-e1a1-4688-8ed0-d279011963e2","65083627-e1a1-4688-8ed0-d279011963e2","ascent--leila","LEILA","Ascent","Ohio","Guernsey","1787459253071652","OH-22 → OH-800","saved_pad_gps","saved pad reference","40.168102","-81.2548","OTHER_NUMBERED_HIGHWAY_CANDIDATE","OH-800","directions_clear 'Route 800' normalized as OH-800 and corroborated by the current exact sequence and/or main overlay","directions_clear","State Route 22 West → Route 800 north/south landmark → Pad","true","PIN_ONLY","no_exact_last_interstate_us_or_state_highway","","no","0","0","HELD_TRANSITION","Named road evidence exists, but at least one exact traveled junction or occurrence receipt is unresolved.","Planning candidate only: no reviewed exact-record Google Navigate contract exists on main, so runtime remains GPS-only.","Select 1-3 exact road-occurrence waypoints, confirm the final approach by satellite, prove both highway directions where practical, then add one exact-record contract with tests/accounting."
"6a46001d-bc61-4cd2-8c30-40e5366aaa69","6a46001d-bc61-4cd2-8c30-40e5366aaa69","ascent--lincoln","LINCOLN","Ascent","Ohio","Guernsey","1786258360881449","I-77 → Exit 47 → US-22E → A Right On Fairground Rd → Rhinehart Rd → Lease Road → OR → US-22","saved_pad_gps","saved pad reference","40.091674","-81.360771","OTHER_NUMBERED_HIGHWAY_CANDIDATE","US-22","directions_clear primary order names US-22; normalized last usable approved anchor is US-22","directions_clear","I-77 → Exit 47 → US-22 E (15 miles) → Fairground Rd (0.25 mile) → Rhinehart Rd (0.7 mile to lease after turn) → Lease Road","true","ROUTED_DISPLAY","graph_evidence_receipt_missing_route_retained","US-22","no","0","0","HELD_IDENTITY","The earliest unresolved cleaned-source blocker is an exact authoritative identity/Road Manager mapping gap.","Planning candidate only: no reviewed exact-record Google Navigate contract exists on main, so runtime remains GPS-only.","Select 1-3 exact road-occurrence waypoints, confirm the final approach by satellite, prove both highway directions where practical, then add one exact-record contract with tests/accounting."
"6d89d217-9479-40ea-ab0e-64937b8cebc6","6d89d217-9479-40ea-ab0e-64937b8cebc6","ascent--miller-farms","MILLER FARMS","Ascent","Ohio","Guernsey","1786265812046205","OH-22 → OH-800 / Smyrna Rd → Eest Main St → High St → OH-342 Westchester Rd → OH-342 → Martha Rd → Titus Rd → Slingo Rd → Sugartree Rd → Pad","saved_pad_gps","saved pad reference","40.174982","-81.380498","ALIAS_OR_SOURCE_ORDER_AMBIGUITY","OH-258","directions_clear last anchor OH-258 conflicts with historical-overlay last anchor OH-342","directions_clear","Saved SR-22 W (17 miles) → SR-800 / Smyrna Rd (3.3 miles) → Eest Main St (500 ft) → High St (450 ft) → SR-342 / Westchester Rd (5.2 miles) → SR-258 (3.6 miles) → Martha Rd / New Town Rd (300 ft) → Martha Rd / CR-878 (0.1 mile) → Titus Rd / CR-878 (2.2 miles) → Slingo Rd / CR-870 (1.2 miles) → Sugartree Rd / CR-84 (0.5 mile) → Pad","true","PIN_ONLY","candidate_start_lacks_exact_master_last_highway_road_id_anchor","OH-342","no","0","0","HELD_TRANSITION","Named road evidence exists, but at least one exact traveled junction or occurrence receipt is unresolved.","Fail closed: directions_clear last anchor OH-258 conflicts with historical-overlay last anchor OH-342. Runtime remains GPS-only.","Resolve the primary-source alias/order against the exact intended road occurrence without promoting renderer or overlay labels; only then perform waypoint, satellite, and two-direction QA."
"fc8a81c6-ccd5-4d1c-9eb6-507f05317688","fc8a81c6-ccd5-4d1c-9eb6-507f05317688","ascent--mohorovich","MOHOROVICH","Ascent","Ohio","Guernsey","1786265812046205","I-70 → OH-513 → OH-265 → OH-761 → Sparrow Rd","saved_pad_gps","saved pad reference","39.951763","-81.374778","ALIAS_OR_SOURCE_ORDER_AMBIGUITY","OH-761","directions_clear last anchor OH-761 conflicts with historical-overlay last anchor OH-265","directions_clear","I-70 → Route 513 S (6.7 miles) → Route 265 W (2.4 miles) → Route 761 S (3.9 miles) → Mel Frakes / Frankfort Rd (1.4 miles combined) → Sparrow Rd → Lease Road","true","ROUTED_DISPLAY","graph_receipt_ordered_prefix_then_solid_neutral_remainder","OH-265","yes","1","1","HELD_IDENTITY","The earliest unresolved cleaned-source blocker is an exact authoritative identity/Road Manager mapping gap.","Fail closed: directions_clear last anchor OH-761 conflicts with historical-overlay last anchor OH-265. Runtime remains GPS-only.","Resolve the primary-source alias/order against the exact intended road occurrence without promoting renderer or overlay labels; only then perform waypoint, satellite, and two-direction QA."
"24ad118d-5618-49c4-a805-40b137f1ebb6","24ad118d-5618-49c4-a805-40b137f1ebb6","ascent--raber","RABER","Ascent","Ohio","Guernsey","1786258360881449","OH-800 / South/smyrna Rd → OH-513 → Hoover Rd → OR → Northeast On US-22 East/highland Ave → US-22 → OH-513 → Hoover Rd → OR → I-70 → Exit 193 → OH-513 → Hoover Rd","saved_pad_gps","saved pad reference","40.086629","-81.341006","OTHER_NUMBERED_HIGHWAY_CANDIDATE","OH-513","directions_clear primary order names OH-513; normalized last usable approved anchor is OH-513","directions_clear","OH-800 S / Smyrna Rd (2.8 miles) → OH-800 S / US-22 W (8.2 miles) → OH-513 S (2 miles) → Hoover Rd (0.9 mile) → Entrance","true","ROUTED_DISPLAY","graph_receipt_ordered_prefix_then_solid_neutral_remainder","OH-513","yes","1","1","HELD_IDENTITY","The earliest unresolved cleaned-source blocker is an exact authoritative identity/Road Manager mapping gap.","Planning candidate only: no reviewed exact-record Google Navigate contract exists on main, so runtime remains GPS-only.","Select 1-3 exact road-occurrence waypoints, confirm the final approach by satellite, prove both highway directions where practical, then add one exact-record contract with tests/accounting."
"0a2a4a64-6e64-4b7d-9652-e1a97db4fc4f","0a2a4a64-6e64-4b7d-9652-e1a97db4fc4f","ascent--rector-c","RECTOR-C","Ascent","Ohio","Guernsey","1786265812046205","OH-285 → OH-313E → Salem Rd → New Gottengen Rd → Meadowlark Rd → Lease Road","saved_pad_gps","saved pad reference","39.955552","-81.395087","CLEAN_DIRECT_I70_CANDIDATE","OH-313","directions_clear primary order begins with I-70 normalized as I-70; last usable approved numbered-highway anchor is OH-313","directions_clear","I-70 → Exit 186 → OH-285 S (7.6 miles) → OH-313 E (0.8 mile) → Salem Rd (3.1 miles) → New Gottengen Rd (1.5 miles) → Meadowlark Rd (0.8 mile) → Lease Road","true","ROUTED_DISPLAY","graph_receipt_ordered_prefix_then_solid_neutral_remainder","OH-313","yes","1","1","HELD_TRANSITION","Named road evidence exists, but at least one exact traveled junction or occurrence receipt is unresolved.","Planning candidate only: no reviewed exact-record Google Navigate contract exists on main, so runtime remains GPS-only.","Select 1-3 exact road-occurrence waypoints, confirm the final approach by satellite, prove both I-70 directions in Google step detail, then add one exact-record contract with tests/accounting."
"49621232-da89-4960-b1b2-037a7151b28b","49621232-da89-4960-b1b2-037a7151b28b","ascent--shipman","SHIPMAN","Ascent","Ohio","Guernsey","1786258360881449","I-70 → Exit 186 → OH-285 → Buckeye Hiking Trail → County Home Rd → OR → I-77 → Exit 44A → I-70 → Exit 186 → OH-285 → Buckeye Hiking Trail → County Home Rd","saved_pad_gps","saved pad reference","40.031159","-81.432415","ALIAS_OR_SOURCE_ORDER_AMBIGUITY","US-40","directions_clear last anchor US-40 conflicts with historical-overlay last anchor OH-285","directions_clear","I-70 → Exit 186 → OH-285 N / US-40 W → Buckeye Hiking Trail (0.6 mile) → County Home Rd / CR-73 (0.3 mile) → Entrance","true","ROUTED_DISPLAY","graph_receipt_ordered_prefix_then_solid_neutral_remainder","OH-285","no","0","0","HELD_IDENTITY","The earliest unresolved cleaned-source blocker is an exact authoritative identity/Road Manager mapping gap.","Fail closed: directions_clear last anchor US-40 conflicts with historical-overlay last anchor OH-285. Runtime remains GPS-only.","Resolve the primary-source alias/order against the exact intended road occurrence without promoting renderer or overlay labels; only then perform waypoint, satellite, and two-direction QA."
"8ed9b8f8-33f6-4701-a4a4-4849d4b8c254","8ed9b8f8-33f6-4701-a4a4-4849d4b8c254","ascent--shugert-daddy","SHUGERT DADDY","Ascent","Ohio","Guernsey","1787459253071652","","saved_pad_gps","saved pad reference","40.0061875","-81.4118155","EXCLUDED_OR_INSUFFICIENT","","No usable canonical anchor is available.","written_directions","","false","PIN_ONLY","no_exact_last_interstate_us_or_state_highway","","no","0","0","INSUFFICIENT","Only unstructured written directions are available; a canonical route cannot be inferred without guessing.","Only unstructured written directions are available; a canonical route cannot be inferred without guessing.","Obtain a canonical authoritative road order; do not infer one from unstructured prose."
"eae4741b-7fb4-4bc3-8b20-26043032acda","eae4741b-7fb4-4bc3-8b20-26043032acda","ascent--slabaugh","SLABAUGH","Ascent","Ohio","Guernsey","1786265512886177","I-70 → OH-285 → OH-313 → Salem Rd → Nighthawk Rd → Lease Road","saved_pad_gps","saved pad reference","39.95541","-81.4408","CLEAN_DIRECT_I70_CANDIDATE","OH-313","directions_clear primary order begins with I-70 normalized as I-70; last usable approved numbered-highway anchor is OH-313","directions_clear","I-70 → Exit 186 → OH-285 S (7.4 miles) → OH-313 E (0.9 mile) → Salem Rd (1.4 miles) → Nighthawk Rd (0.4 mile) → Lease Road","true","ROUTED_DISPLAY","graph_receipt_ordered_prefix_then_solid_neutral_remainder","OH-313","yes","2","0","HELD_TRANSITION","Named road evidence exists, but at least one exact traveled junction or occurrence receipt is unresolved.","Planning candidate only: no reviewed exact-record Google Navigate contract exists on main, so runtime remains GPS-only.","Select 1-3 exact road-occurrence waypoints, confirm the final approach by satellite, prove both I-70 directions in Google step detail, then add one exact-record contract with tests/accounting."
"90d4f3e4-f0a1-48eb-81f8-ea66ee6c80bb","90d4f3e4-f0a1-48eb-81f8-ea66ee6c80bb","ascent--stella","STELLA","Ascent","Ohio","Guernsey","1787459253071652","I-70 → Exit 193 → Hobbler Rd → Access Road → OR → US-22 → Hobbler Rd → Access Road","saved_pad_gps","saved pad reference","40.113555","-81.37761","ALIAS_OR_SOURCE_ORDER_AMBIGUITY","US-22","directions_clear last anchor US-22 conflicts with historical-overlay last anchor I-70","directions_clear","I-70 → Exit 193 → Route 513 N (6.1 miles) → US-22 W (2.4 miles) → Hobbler Rd (0.032 mile) → Access Road","true","PIN_ONLY","candidate_start_lacks_exact_master_last_highway_road_id_anchor","I-70","no","0","0","HELD_IDENTITY","The earliest unresolved cleaned-source blocker is an exact authoritative identity/Road Manager mapping gap.","Fail closed: directions_clear last anchor US-22 conflicts with historical-overlay last anchor I-70. Runtime remains GPS-only.","Resolve the primary-source alias/order against the exact intended road occurrence without promoting renderer or overlay labels; only then perform waypoint, satellite, and two-direction QA."
"25dc64b5-4a52-4cef-8b2c-62e7e36d64c7","25dc64b5-4a52-4cef-8b2c-62e7e36d64c7","ascent--tarpley","TARPLEY","Ascent","Ohio","Guernsey","1786265812046205","Route 70 → OH-513 → Bridgewater Rd → Lease Road","saved_pad_gps","saved pad reference","40.063839","-81.293734","OTHER_NUMBERED_HIGHWAY_CANDIDATE","OH-513","directions_clear supplies a generic Route 70 start that remains provisional; the independently named last usable approved numbered-highway anchor is OH-513","directions_clear","Route 70 W → Quaker City Exit 193 → Route 513 N → Bridgewater Rd / 690 E (about 1.7 miles) → 94 N / Pisgah Rd (about 0.5 mile) → Lease Road","true","ROUTED_DISPLAY","graph_receipt_ordered_prefix_then_solid_neutral_remainder","OH-513","yes","2","0","HELD_IDENTITY","The earliest unresolved cleaned-source blocker is an exact authoritative identity/Road Manager mapping gap.","Planning candidate only: the generic Route 70 start remains provisional and no reviewed exact-record Google Navigate contract exists on main; runtime remains GPS-only.","Resolve the generic Route 70 start without assuming I-70, select 1-3 exact controls from the independently named last anchor through the written local roads, confirm the final approach by satellite, and prove both practical highway directions before any exact-record contract."
"07e2e252-8d2b-47b7-a12a-040deecefcae","07e2e252-8d2b-47b7-a12a-040deecefcae","ascent--wagler","WAGLER","Ascent","Ohio","Guernsey","1786258360881449","Titus Rd → Deck Rd → Lease Road","saved_pad_gps","saved pad reference","40.164906","-81.308695","ALIAS_OR_SOURCE_ORDER_AMBIGUITY","US-22","uncorroborated generic or conflicting alias 'State Route 22' normalized provisionally as US-22","directions_clear","State Route 22 → Titus Rd / CR-878 (0.25 mile) → Deck Rd / CR-981 (0.50 mile) → Lease Road","true","PIN_ONLY","no_exact_last_interstate_us_or_state_highway","","no","0","0","HELD_IDENTITY","The earliest unresolved cleaned-source blocker is an exact authoritative identity/Road Manager mapping gap.","Fail closed: uncorroborated generic or conflicting alias 'State Route 22' normalized provisionally as US-22. Runtime remains GPS-only.","Resolve the primary-source alias/order against the exact intended road occurrence without promoting renderer or overlay labels; only then perform waypoint, satellite, and two-direction QA."
"c4ef4511-c391-48af-9e1a-7b70b90e9294","c4ef4511-c391-48af-9e1a-7b70b90e9294","ascent--wagner","WAGNER","Ascent","Ohio","Guernsey","1786246617744175","I-77 → Exit 44A → I-70 → Exit 193 → OH-513 → Oxford Rd → Basket Rd → Starr Rd → OR → OH-513 → Oxford Rd → Basket Rd → Starr Rd → OR → I-70 → Exit 193 → OH-513 → Oxford Rd → Basket Rd → Starr Rd","official_pad_reference","official pad reference","40.021181","-81.239429","OTHER_NUMBERED_HIGHWAY_CANDIDATE","OH-513","directions_clear primary order names OH-513; normalized last usable approved anchor is OH-513","directions_clear","I-77 → Exit 44A → I-70 E (6 miles) → Exit 193 → OH-513 S (2.2 miles) → Oxford Rd (3.8 miles) → Basket Rd (1.3 miles) → Starr Rd (0.7 mile) → Entrance","true","PIN_ONLY","no_exact_last_interstate_us_or_state_highway","","no","0","0","HELD_IDENTITY","The earliest unresolved cleaned-source blocker is an exact authoritative identity/Road Manager mapping gap.","Planning candidate only: no reviewed exact-record Google Navigate contract exists on main, so runtime remains GPS-only.","Select 1-3 exact road-occurrence waypoints, confirm the final approach by satellite, prove both highway directions where practical, then add one exact-record contract with tests/accounting."
"f8597217-c26a-4b87-aad9-10be70e41590","f8597217-c26a-4b87-aad9-10be70e41590","ascent--waldo","WALDO","Ascent","Ohio","Guernsey","1786265812046205","OH-800 → OH-342 → Martha Rd → Titus Rd → Sligo Rd → Birmingham Rd → Freedom Rd → Lease Road","saved_pad_gps","saved pad reference","40.171589","-81.445777","ALIAS_OR_SOURCE_ORDER_AMBIGUITY","OH-258","uncorroborated generic or conflicting alias 'Route 258' normalized provisionally as OH-258; directions_clear last anchor OH-258 conflicts with historical-overlay last anchor OH-342","directions_clear","Route 800 N (3.2 miles) → Route 342 (4.7 miles) → Route 258 (3.6 miles) → Martha Rd (0.1 mile) → Titus Rd (2.2 miles) → Sligo Rd (4.6 miles) → Birmingham Rd / Peoli Rd (0.2 mile) → Freedom Rd (0.2 mile) → Lease Road / Devault Rd","true","PIN_ONLY","candidate_start_lacks_exact_master_last_highway_road_id_anchor","OH-342","no","0","0","HELD_TRANSITION","Named road evidence exists, but at least one exact traveled junction or occurrence receipt is unresolved.","Fail closed: uncorroborated generic or conflicting alias 'Route 258' normalized provisionally as OH-258; directions_clear last anchor OH-258 conflicts with historical-overlay last anchor OH-342. Runtime remains GPS-only.","Resolve the primary-source alias/order against the exact intended road occurrence without promoting renderer or overlay labels; only then perform waypoint, satellite, and two-direction QA."
"8e823835-2c10-4275-84e9-4067376fa364","8e823835-2c10-4275-84e9-4067376fa364","ascent--wampum","WAMPUM","Ascent","Ohio","Guernsey","1786258360881449","I-70 → OH-285 → OH-313 → Salem Rd → Nighthawk Rd → Keep Right Onto Divison Rd → Lease Road","saved_pad_gps","saved pad reference","39.962923","-81.440117","CLEAN_DIRECT_I70_CANDIDATE","OH-313","directions_clear primary order begins with I-70 normalized as I-70; last usable approved numbered-highway anchor is OH-313","directions_clear","I-70 → Exit 186 → OH-285 S (7.4 miles) → OH-313 E (0.9 mile) → Salem Rd (1.4 miles) → Nighthawk Rd (0.7 mile) → Divison Rd (0.3 mile) → Lease Road","true","ROUTED_DISPLAY","graph_receipt_ordered_prefix_then_solid_neutral_remainder","OH-313","yes","3","0","HELD_IDENTITY","The earliest unresolved cleaned-source blocker is an exact authoritative identity/Road Manager mapping gap.","Planning candidate only: no reviewed exact-record Google Navigate contract exists on main, so runtime remains GPS-only.","Select 1-3 exact road-occurrence waypoints, confirm the final approach by satellite, prove both I-70 directions in Google step detail, then add one exact-record contract with tests/accounting."
"88709ded-fda7-42df-ba94-b6bb6c04e45a","88709ded-fda7-42df-ba94-b6bb6c04e45a","ascent--watson","WATSON","Ascent","Ohio","Guernsey","1786265812046205","Route 70 → Exit 193 → OH-513 → OH-265 → OH-761 → Mel Franks Rd → Pad","saved_pad_gps","saved pad reference","39.963226","-81.362466","ALIAS_OR_SOURCE_ORDER_AMBIGUITY","OH-761","directions_clear last anchor OH-761 conflicts with historical-overlay last anchor OH-265","directions_clear","Route 70 → Quaker City Exit 193 → Route 513 S → Route 265 W (about 2 miles) → Route 761 S (about 4 miles) → Mel Franks Rd / Frankfort Rd → about 0.5 mile → Pad","true","ROUTED_DISPLAY","graph_receipt_ordered_prefix_then_solid_neutral_remainder","OH-265","yes","1","1","HELD_IDENTITY","The earliest unresolved cleaned-source blocker is an exact authoritative identity/Road Manager mapping gap.","Fail closed: directions_clear last anchor OH-761 conflicts with historical-overlay last anchor OH-265. Runtime remains GPS-only.","Resolve the primary-source alias/order against the exact intended road occurrence without promoting renderer or overlay labels; only then perform waypoint, satellite, and two-direction QA."
"5e3668fe-65aa-47b0-b7a9-168686b1827a","5e3668fe-65aa-47b0-b7a9-168686b1827a","ascent--able","ABLE","Ascent","Ohio","Harrison","1786258360881449","","official_pad_reference","official pad reference","40.300459","-80.98825","EXCLUDED_OR_INSUFFICIENT","","No usable canonical anchor is available.","written_directions","","false","PIN_ONLY","no_exact_last_interstate_us_or_state_highway","","no","0","0","INSUFFICIENT","Only unstructured written directions are available; a canonical route cannot be inferred without guessing.","Only unstructured written directions are available; a canonical route cannot be inferred without guessing.","Obtain a canonical authoritative road order; do not infer one from unstructured prose."
"f84fe2e3-be3f-400d-9683-4d111332fa2b","f84fe2e3-be3f-400d-9683-4d111332fa2b","ascent--ace","ACE","Ascent","Ohio","Harrison","1786265812046205","US-250 → Barriclow Rd → Deersville Rd → Aronld Rd → Pad","saved_pad_gps","saved pad reference","40.280406","-81.068282","OTHER_NUMBERED_HIGHWAY_CANDIDATE","US-250","directions_clear 'Route 250' normalized as US-250 and corroborated by the current exact sequence and/or main overlay","directions_clear","Route 250 W → Barriclow Rd (0.5 mile) → Deersville Rd (1.5 miles) → Aronld Rd (0.25 mile) → Pad","true","PIN_ONLY","candidate_start_lacks_exact_master_last_highway_road_id_anchor","US-250","no","0","0","HELD_IDENTITY","The earliest unresolved cleaned-source blocker is an exact authoritative identity/Road Manager mapping gap.","Planning candidate only: no reviewed exact-record Google Navigate contract exists on main, so runtime remains GPS-only.","Select 1-3 exact road-occurrence waypoints, confirm the final approach by satellite, prove both highway directions where practical, then add one exact-record contract with tests/accounting."
"9f32ed65-4fb4-4e23-9cf6-87afdb0acb9c","9f32ed65-4fb4-4e23-9cf6-87afdb0acb9c","ascent--alpha","ALPHA","Ascent","Ohio","Harrison","1786265812046205","Route 22 → Industrial Park Rd → OH-519 → Lease Road → OR → Route 70 → OH-9 → OH-519 → Route 22 → Lease Road","saved_pad_gps","saved pad reference","40.197838","-81.060432","OTHER_NUMBERED_HIGHWAY_CANDIDATE","OH-519","directions_clear 'Route 519' normalized as OH-519 and corroborated by the current exact sequence and/or main overlay","directions_clear","Route 22 West → Industrial Park Rd (2.4 miles) → Route 9 (4.5 miles to New Athens) → Route 519 West (approximately 3.9 miles) → Alpha entrance","true","PIN_ONLY","candidate_start_lacks_exact_master_last_highway_road_id_anchor","OH-519","no","0","0","HELD_TRANSITION","Named road evidence exists, but at least one exact traveled junction or occurrence receipt is unresolved.","Planning candidate only: no reviewed exact-record Google Navigate contract exists on main, so runtime remains GPS-only.","Select 1-3 exact road-occurrence waypoints, confirm the final approach by satellite, prove both highway directions where practical, then add one exact-record contract with tests/accounting."
"39014302-2bd7-4c96-a5f0-0857f99986db","39014302-2bd7-4c96-a5f0-0857f99986db","ascent--beacon","BEACON","Ascent","Ohio","Harrison","1786258360881449","Domino Pad On Airport Rd → Pad","saved_pad_gps","saved pad reference","40.228358","-81.038333","NO_USABLE_NUMBERED_HIGHWAY_ANCHOR","","No non-saved Interstate, U.S., or Ohio state-route anchor can be selected from the authoritative current directions without guessing.","directions_clear","Airport Rd → Domino pad → approximately 0.5 mile → Beacon pad","true","PIN_ONLY","no_exact_last_interstate_us_or_state_highway","","no","0","0","HELD_IDENTITY","The earliest unresolved cleaned-source blocker is an exact authoritative identity/Road Manager mapping gap.","Fail closed: the authoritative card has no usable Interstate, U.S., or Ohio state-route handoff anchor. Runtime remains pin-only/GPS-only.","Stay GPS-only/pin-only unless a later authoritative current card supplies a usable numbered-highway anchor."
"807ccb15-6f57-4c7a-978d-ab02e7a7c4ba","807ccb15-6f57-4c7a-978d-ab02e7a7c4ba","ascent--bella","BELLA","Ascent","Ohio","Harrison","1786265812046205","Route 22 → OH-9 → Airport Rd → Pad","saved_pad_gps","saved pad reference","40.235367","-81.0188","OTHER_NUMBERED_HIGHWAY_CANDIDATE","OH-9","directions_clear 'Route 9' normalized as OH-9 and corroborated by the current exact sequence and/or main overlay","directions_clear","Route 22 W → Route 9 S → Airport Rd → Pad","true","ROUTED_DISPLAY","graph_receipt_ordered_prefix_then_solid_neutral_remainder","OH-9","yes","11","0","HELD_IDENTITY","The earliest unresolved cleaned-source blocker is an exact authoritative identity/Road Manager mapping gap.","Planning candidate only: no reviewed exact-record Google Navigate contract exists on main, so runtime remains GPS-only.","Select 1-3 exact road-occurrence waypoints, confirm the final approach by satellite, prove both highway directions where practical, then add one exact-record contract with tests/accounting."
"3e03a228-2ad4-4d0a-b3cb-5a25e8d54006","3e03a228-2ad4-4d0a-b3cb-5a25e8d54006","ascent--bouska","BOUSKA","Ascent","Ohio","Harrison","1786265512886177","I-70 → Exit 202 → US-800 → US-22 → Peidmont Freeport Rd → Lease Road → OR → I-77 → Exit 47 → US-22 → Peidmont Freeport Rd → Lease Road → OR → US-22 → US-250 → Peidmont Freeport Rd → Lease Road","saved_pad_gps","saved pad reference","40.19661","-81.232275","OTHER_NUMBERED_HIGHWAY_CANDIDATE","US-22","directions_clear primary order names US-22; normalized last usable approved anchor is US-22","directions_clear","I-77 → Exit 47 → US-22 E (23 miles) → Peidmont Freeport Rd (1.1 miles) → Lease Road","true","ROUTED_DISPLAY","graph_receipt_ordered_prefix_then_solid_neutral_remainder","US-22","yes","1","1","HELD_IDENTITY","The earliest unresolved cleaned-source blocker is an exact authoritative identity/Road Manager mapping gap.","Planning candidate only: no reviewed exact-record Google Navigate contract exists on main, so runtime remains GPS-only.","Select 1-3 exact road-occurrence waypoints, confirm the final approach by satellite, prove both highway directions where practical, then add one exact-record contract with tests/accounting."
"c3b42375-2422-470e-8949-f27e1f00b3d3","c3b42375-2422-470e-8949-f27e1f00b3d3","ascent--bsa","BSA","Ascent","Ohio","Harrison","1786258360881449","I-70 → Exit 202 → OH-800 → US-22 → Main St → OH-799 → Redeye Rd → Access Road → OR → US-22 → OH-800 → Main St → OH-799 → Redeye Rd → Access Road → OR → US-250 → OH-800 → Center St → Taylor Ave → OH-799 → Redeye Rd → Access Road","saved_pad_gps","saved pad reference","40.256309","-81.155001","CLEAN_DIRECT_I70_CANDIDATE","OH-799","directions_clear primary order begins with I-70 normalized as I-70; last usable approved numbered-highway anchor is OH-799","directions_clear","I-70 W (23 miles from Wheeling) → Exit 202 → OH-800 (11.5 miles) → US-22 E (0.6 mile) → OH-800 N (3.3 miles) → E Main St (0.2 mile) → OH-800 N (1.4 miles) → OH-799 E (2.8 miles) → OH-799 E (3.2 miles) → Redeye Rd / CR-60 (0.3 mile) → Redeye Rd (2.2 miles) → Minksville Rd / CR-54 (1.9 miles) → Brushy Fork Rd / CR-1 (1.0 mile) → Stringtown Rd / TR-339 (0.3 mile) → Access Road","true","ROUTED_DISPLAY","graph_receipt_ordered_prefix_then_solid_neutral_remainder","OH-799","yes","1","0","HELD_IDENTITY","The earliest unresolved cleaned-source blocker is an exact authoritative identity/Road Manager mapping gap.","Planning candidate only: no reviewed exact-record Google Navigate contract exists on main, so runtime remains GPS-only.","Select 1-3 exact road-occurrence waypoints, confirm the final approach by satellite, prove both I-70 directions in Google step detail, then add one exact-record contract with tests/accounting."
"8152a466-3229-4cb0-8f9f-9f2929aceed4","8152a466-3229-4cb0-8f9f-9f2929aceed4","ascent--charley","CHARLEY","Ascent","Ohio","Harrison","1786265812046205","OH-22 → OH-9 → Airport/ Dickerson Church Rd → Airport Rd → Last Pad On Airport Rd → Pad","official_pad_reference","official pad reference","40.22127","-81.053351","OTHER_NUMBERED_HIGHWAY_CANDIDATE","OH-9","directions_clear 'Route 9' normalized as OH-9 and corroborated by the current exact sequence and/or main overlay","directions_clear","State Route 22 → Route 9 S in Cadiz → Airport / Dickerson Church Rd → Airport Rd at split → Beacon pad landmark → Charley pad","true","PIN_ONLY","no_exact_last_interstate_us_or_state_highway","","no","0","0","HELD_IDENTITY","The earliest unresolved cleaned-source blocker is an exact authoritative identity/Road Manager mapping gap.","Planning candidate only: no reviewed exact-record Google Navigate contract exists on main, so runtime remains GPS-only.","Select 1-3 exact road-occurrence waypoints, confirm the final approach by satellite, prove both highway directions where practical, then add one exact-record contract with tests/accounting."
"b614c93c-06d1-4993-b3fb-ad840f359e4c","b614c93c-06d1-4993-b3fb-ad840f359e4c","ascent--cobra","COBRA","Ascent","Ohio","Harrison","1787459253071652","US-22 / Dennison Ave → CR-11 → I-70 → Exit 180B → I-77 → Exit 47 → Use The Right Ln → US-250 → Dennison Ave → OR → US-250 → Pad","saved_pad_gps","saved pad reference","40.282608","-81.012491","OTHER_NUMBERED_HIGHWAY_CANDIDATE","US-250","directions_clear 'Route 250' normalized as US-250 and corroborated by the current exact sequence and/or main overlay","directions_clear","Route 250 from Cadiz (0.25 mile) → First right → Pad","true","PIN_ONLY","candidate_start_lacks_exact_master_last_highway_road_id_anchor","US-250","no","0","0","HELD_TRANSITION","Named road evidence exists, but at least one exact traveled junction or occurrence receipt is unresolved.","Planning candidate only: no reviewed exact-record Google Navigate contract exists on main, so runtime remains GPS-only.","Select 1-3 exact road-occurrence waypoints, confirm the final approach by satellite, prove both highway directions where practical, then add one exact-record contract with tests/accounting."
"7c3c39de-f6be-4838-bb7f-56ec8ff44db7","7c3c39de-f6be-4838-bb7f-56ec8ff44db7","ascent--collectors","COLLECTORS","Ascent","Ohio","Harrison","1786258360881449","I-70 → Exit 202 → OH-800 → US-22 → Main St → OH-799 → Redeye Rd → Minksville Rd → Brushy Fork Rd → Slab Camp Rd → Harris Rd → Access Road → OR → US-22 → OH-800 → Main St → OH-799 → Redeye Rd → Minksville Rd → Brushy Fork Rd → Slab Camp Rd → Harris Rd → Access Road → OR → US-250 → OH-800 → Center St → Taylor Ave → OH-799 → Redeye Rd → Minksville Rd → Brushy Fork Rd → Slab Camp Rd → Harris Rd → Access Road","saved_pad_gps","saved pad reference","40.265648","-81.120595","CLEAN_DIRECT_I70_CANDIDATE","OH-799","directions_clear primary order begins with I-70 normalized as I-70; last usable approved numbered-highway anchor is OH-799","directions_clear","I-70 W (23 miles from Wheeling) → Exit 202 → OH-800 (11.5 miles) → US-22 E (0.6 mile) → OH-800 N (3.3 miles) → E Main St (0.2 mile) → OH-800 N (1.4 miles) → OH-799 E (3.2 miles) → Redeye Rd (0.3 mile) → Redeye Rd (2.2 miles) → Minksville Rd (1.9 miles) → Brushy Fork Rd (0.8 mile) → Slab Camp Rd → Harris Rd (0.2 mile) → Access Road","true","ROUTED_DISPLAY","graph_receipt_ordered_prefix_then_solid_neutral_remainder","OH-799","yes","1","0","HELD_IDENTITY","The earliest unresolved cleaned-source blocker is an exact authoritative identity/Road Manager mapping gap.","Planning candidate only: no reviewed exact-record Google Navigate contract exists on main, so runtime remains GPS-only.","Select 1-3 exact road-occurrence waypoints, confirm the final approach by satellite, prove both I-70 directions in Google step detail, then add one exact-record contract with tests/accounting."
"6ccc2641-82d8-4398-bc7c-572d95cb9f0b","6ccc2641-82d8-4398-bc7c-572d95cb9f0b","ascent--corder","CORDER","Ascent","Ohio","Harrison","1786258360881449","I-70 → Exit 202 → OH-800 → US-22 → Main St → OH-799 → Redeye Rd → Minksville Rd → Bushy Fork Rd → Access Road → OR → US-22 → OH-800 → Main St → OH-799 → Redeye Rd → Minksville Rd → Bushy Fork Rd → Access Road → OR → US-250 → OH-800 → Center St → Taylor Ave → OH-799 → Redeye Rd → Minksville Rd → Bushy Fork Rd → Access Road","saved_pad_gps","saved pad reference","40.26227","-81.137581","CLEAN_DIRECT_I70_CANDIDATE","OH-799","directions_clear primary order begins with I-70 normalized as I-70; last usable approved numbered-highway anchor is OH-799","directions_clear","I-70 W (23 miles from Wheeling) → Exit 202 → OH-800 (11.5 miles) → US-22 E (0.6 mile) → OH-800 N (3.3 miles) → E Main St (0.2 mile) → OH-800 N (1.4 miles) → OH-799 E (3.2 miles) → Redeye Rd (0.3 mile) → Redeye Rd (2.2 miles) → Minksville Rd (1.9 miles) → Bushy Fork Rd (0.1 mile) → Access Road","true","ROUTED_DISPLAY","graph_receipt_ordered_prefix_then_solid_neutral_remainder","OH-799","yes","3","0","HELD_IDENTITY","The earliest unresolved cleaned-source blocker is an exact authoritative identity/Road Manager mapping gap.","Planning candidate only: no reviewed exact-record Google Navigate contract exists on main, so runtime remains GPS-only.","Select 1-3 exact road-occurrence waypoints, confirm the final approach by satellite, prove both I-70 directions in Google step detail, then add one exact-record contract with tests/accounting."
"4b0b99b7-da77-4b27-a2f7-7e8d3a9875d3","4b0b99b7-da77-4b27-a2f7-7e8d3a9875d3","ascent--cravat-coal","CRAVAT COAL","Ascent","Ohio","Harrison","1786258360881449","I-70 → Exit 216 → OH-9 → Shepherdstown Rd → 5. Continue Onto City Rd → OR → OH-9 → Shepherdstown Rd → 3. Continue Onto City Rd → OR → OH-149 → OH-9 → Shepherdstown Rd → 5. Continue Onto City Rd","saved_pad_gps","saved pad reference","40.168593","-80.931288","CLEAN_DIRECT_I70_CANDIDATE","OH-9","directions_clear primary order begins with I-70 normalized as I-70; last usable approved numbered-highway anchor is OH-9","directions_clear","I-70 → Exit 216 → OH-9 N (7.5 miles) → Shepherdstown Rd / CR-64 (1.4 miles) → City Road 36 (0.7 mile) → Entrance","true","ROUTED_DISPLAY","graph_receipt_ordered_prefix_then_solid_neutral_remainder","OH-9","yes","6","0","HELD_IDENTITY","The earliest unresolved cleaned-source blocker is an exact authoritative identity/Road Manager mapping gap.","Planning candidate only: no reviewed exact-record Google Navigate contract exists on main, so runtime remains GPS-only.","Select 1-3 exact road-occurrence waypoints, confirm the final approach by satellite, prove both I-70 directions in Google step detail, then add one exact-record contract with tests/accounting."
"3a72c3df-f0a1-4639-a468-019989c78f43","3a72c3df-f0a1-4639-a468-019989c78f43","ascent--cricket","CRICKET","Ascent","Ohio","Harrison","1786265812046205","US-250 → Foxes Bottom Rd → Springdale Hill Rd → Lamborn Rd → Lease Road","saved_pad_gps","saved pad reference","40.221655","-80.881193","OTHER_NUMBERED_HIGHWAY_CANDIDATE","US-250","directions_clear 'Route 250' normalized as US-250 and corroborated by the current exact sequence and/or main overlay","directions_clear","Route 250 E (3 miles from Cadiz) → Foxes Bottom Rd (2.4 miles) → Springdale Hill Rd (0.9 mile) → Lamborn Rd (2.3 miles) → Lease Road","true","PIN_ONLY","candidate_start_lacks_exact_master_last_highway_road_id_anchor","US-250","no","0","0","HELD_TRANSITION","Named road evidence exists, but at least one exact traveled junction or occurrence receipt is unresolved.","Planning candidate only: no reviewed exact-record Google Navigate contract exists on main, so runtime remains GPS-only.","Select 1-3 exact road-occurrence waypoints, confirm the final approach by satellite, prove both highway directions where practical, then add one exact-record contract with tests/accounting."
"a4281545-b928-4130-90c5-1b18d6050717","a4281545-b928-4130-90c5-1b18d6050717","ascent--cypress","CYPRESS","Ascent","Ohio","Harrison","1786265512886177","Lease Road","official_wellhead_reference","official wellhead reference","40.230671","-80.986542","ALIAS_OR_SOURCE_ORDER_AMBIGUITY","US-250","uncorroborated generic or conflicting alias 'Route 250' normalized provisionally as US-250","directions_clear","Route 250 → Dickerson Church Rd (0.72 mile) → Y in road → Lease Road","true","PIN_ONLY","no_exact_last_interstate_us_or_state_highway","","no","0","0","HELD_IDENTITY","The earliest unresolved cleaned-source blocker is an exact authoritative identity/Road Manager mapping gap.","Fail closed: uncorroborated generic or conflicting alias 'Route 250' normalized provisionally as US-250. Runtime remains GPS-only.","Resolve the primary-source alias/order against the exact intended road occurrence without promoting renderer or overlay labels; only then perform waypoint, satellite, and two-direction QA."
"3e3f48e1-40bf-41f4-99f9-6cab7e69d8eb","3e3f48e1-40bf-41f4-99f9-6cab7e69d8eb","ascent--domino","DOMINO","Ascent","Ohio","Harrison","1786265812046205","OH-9 → Airport Rd → Pad","official_pad_reference","official pad reference","40.230738","-81.023713","OTHER_NUMBERED_HIGHWAY_CANDIDATE","OH-9","directions_clear 'Route 9' normalized as OH-9 and corroborated by the current exact sequence and/or main overlay","directions_clear","Route 9 E from New Athens → Airport Rd → End of pavement → Bella pad landmark → Domino pad","true","PIN_ONLY","no_exact_last_interstate_us_or_state_highway","","no","0","0","HELD_IDENTITY","The earliest unresolved cleaned-source blocker is an exact authoritative identity/Road Manager mapping gap.","Planning candidate only: no reviewed exact-record Google Navigate contract exists on main, so runtime remains GPS-only.","Select 1-3 exact road-occurrence waypoints, confirm the final approach by satellite, prove both highway directions where practical, then add one exact-record contract with tests/accounting."
"922acc11-2fd1-44a4-8a94-90f653e2ce58","922acc11-2fd1-44a4-8a94-90f653e2ce58","ascent--dwayne","DWAYNE","Ascent","Ohio","Harrison","1786258360881449","Route 22 → Southeast On County Rd → CR-13 → Upper Clearfork Rd → Harrison County Rd → Rose Valley Rd → York Rd → Pad","verified_driver_entrance","verified driver entrance","40.263022","-80.893276","OTHER_NUMBERED_HIGHWAY_CANDIDATE","US-22","directions_clear 'Route 22' normalized as US-22 and corroborated by the current exact sequence and/or main overlay","directions_clear","Route 22 → CR-13 → CR-12 → CR-14 / Rose Valley Rd (about 1 mile) → York Rd (about 0.5 mile) → Pad","true","PIN_ONLY","no_exact_last_interstate_us_or_state_highway","","no","0","0","HELD_IDENTITY","The earliest unresolved cleaned-source blocker is an exact authoritative identity/Road Manager mapping gap.","Planning candidate only: no reviewed exact-record Google Navigate contract exists on main, so runtime remains GPS-only.","Select 1-3 exact road-occurrence waypoints, confirm the final approach by satellite, prove both highway directions where practical, then add one exact-record contract with tests/accounting."
"59411ad1-15c6-4c77-88d8-ddd6dc852782","59411ad1-15c6-4c77-88d8-ddd6dc852782","ascent--edington","EDINGTON","Ascent","Ohio","Harrison","1786258360881449","Chaney → Pad","saved_pad_gps","saved pad reference","40.178626","-81.057008","ALIAS_OR_SOURCE_ORDER_AMBIGUITY","OH-149","uncorroborated generic or conflicting alias 'Route 149' normalized provisionally as OH-149","directions_clear","Route 149 → Chaney Rd → Jockey Hallow Rd → Echo pad landmark → Stop sign → Pad","true","PIN_ONLY","no_exact_last_interstate_us_or_state_highway","","no","0","0","HELD_IDENTITY","The earliest unresolved cleaned-source blocker is an exact authoritative identity/Road Manager mapping gap.","Fail closed: uncorroborated generic or conflicting alias 'Route 149' normalized provisionally as OH-149. Runtime remains GPS-only.","Resolve the primary-source alias/order against the exact intended road occurrence without promoting renderer or overlay labels; only then perform waypoint, satellite, and two-direction QA."
"8148f6bd-b58f-4a61-81b4-e6018c185fde","8148f6bd-b58f-4a61-81b4-e6018c185fde","ascent--foxtrot","FOXTROT","Ascent","Ohio","Harrison","1786265812046205","US-22 → OH-519 → Webb Rd → OH-9 → Webber Rd → Lease Road","saved_pad_gps","saved pad reference","40.18615","-81.001693","ALIAS_OR_SOURCE_ORDER_AMBIGUITY","OH-519","directions_clear last anchor OH-519 conflicts with historical-overlay last anchor OH-9","directions_clear","US-22 E → Route 519 E → Webb Rd → Lease Road","true","ROUTED_DISPLAY","graph_receipt_ordered_prefix_then_solid_neutral_remainder","OH-9","yes","10","0","HELD_IDENTITY","The earliest unresolved cleaned-source blocker is an exact authoritative identity/Road Manager mapping gap.","Fail closed: directions_clear last anchor OH-519 conflicts with historical-overlay last anchor OH-9. Runtime remains GPS-only.","Resolve the primary-source alias/order against the exact intended road occurrence without promoting renderer or overlay labels; only then perform waypoint, satellite, and two-direction QA."
"3d8f12eb-538a-49b7-b668-08288e3a26a1","3d8f12eb-538a-49b7-b668-08288e3a26a1","ascent--jones","JONES","Ascent","Ohio","Harrison","1786258360881449","Co Rd → Route 800 → Jones Rd → Turns Into Kennedy Ridge Rd → OH-799 → Redeye Rd → Minksville Rd → Bushy Fork Rd → Springtown Rd → That Rd → Pad","saved_pad_gps","saved pad reference","40.261571","-81.17006","OTHER_NUMBERED_HIGHWAY_CANDIDATE","OH-799","directions_clear 'Route 799' normalized as OH-799 and corroborated by the current exact sequence and/or main overlay","directions_clear","Route 800 → Route 799 (6 miles) → Redeye Rd (0.3 mile) → Jones Rd (0.8 mile) → Entrance","true","ROUTED_DISPLAY","graph_receipt_ordered_prefix_then_solid_neutral_remainder","OH-799","yes","1","0","HELD_IDENTITY","The earliest unresolved cleaned-source blocker is an exact authoritative identity/Road Manager mapping gap.","Planning candidate only: no reviewed exact-record Google Navigate contract exists on main, so runtime remains GPS-only.","Select 1-3 exact road-occurrence waypoints, confirm the final approach by satellite, prove both highway directions where practical, then add one exact-record contract with tests/accounting."
"b11e4ded-76d0-403f-8a50-d76c413e5db5","b11e4ded-76d0-403f-8a50-d76c413e5db5","ascent--liggett","LIGGETT","Ascent","Ohio","Harrison","1786265812046205","Route 22 → OR → Route 22 → OH-9 → Dickerson Church Rd → Pad","saved_pad_gps","saved pad reference","40.221926","-80.988679","OTHER_NUMBERED_HIGHWAY_CANDIDATE","US-250","directions_clear primary order names US-250; normalized last usable approved anchor is US-250","directions_clear","Route 22 → Cadiz Route 9 exit → Route 9 S → US-250 (3.6 miles) → Dickerson Church Rd → Stone-plant road → Pad","true","PIN_ONLY","no_exact_last_interstate_us_or_state_highway","","no","0","0","HELD_IDENTITY","The earliest unresolved cleaned-source blocker is an exact authoritative identity/Road Manager mapping gap.","Planning candidate only: no reviewed exact-record Google Navigate contract exists on main, so runtime remains GPS-only.","Select 1-3 exact road-occurrence waypoints, confirm the final approach by satellite, prove both highway directions where practical, then add one exact-record contract with tests/accounting."
"c7fffd5d-1e83-47c6-8f51-ee9a7ce490e7","c7fffd5d-1e83-47c6-8f51-ee9a7ce490e7","ascent--medinah","MEDINAH","Ascent","Ohio","Harrison","1787459253071652","Route 22 → 2nd Rd → Lease Road","saved_pad_gps","saved pad reference","40.311514","-80.896954","ALIAS_OR_SOURCE_ORDER_AMBIGUITY","OH-151","uncorroborated generic or conflicting alias 'Route 151' normalized provisionally as OH-151","directions_clear","Route 22 E → Hopedale exit → Route 151 → CR-14 → Lease Road","true","PIN_ONLY","no_exact_last_interstate_us_or_state_highway","","no","0","0","HELD_TRANSITION","Named road evidence exists, but at least one exact traveled junction or occurrence receipt is unresolved.","Fail closed: uncorroborated generic or conflicting alias 'Route 151' normalized provisionally as OH-151. Runtime remains GPS-only.","Resolve the primary-source alias/order against the exact intended road occurrence without promoting renderer or overlay labels; only then perform waypoint, satellite, and two-direction QA."
"cce7cf93-bb03-4766-8c54-711034ec2a4f","cce7cf93-bb03-4766-8c54-711034ec2a4f","ascent--pine-valley","PINE VALLEY","Ascent","Ohio","Harrison","1786258360881449","Route 22 → Route 12 → Countyline Rd → Pad","saved_pad_gps","saved pad reference","40.285899","-80.881753","OTHER_NUMBERED_HIGHWAY_CANDIDATE","OH-151","directions_clear primary order names State Route 151; normalized last usable approved anchor is OH-151","directions_clear","Route 22 → Hopedale → State Route 151 → CR-14 → CR-12 (1 mile) → Sheporgi landmark → Countyline Rd (1 mile) → Pad","true","PIN_ONLY","no_exact_last_interstate_us_or_state_highway","","no","0","0","HELD_IDENTITY","The earliest unresolved cleaned-source blocker is an exact authoritative identity/Road Manager mapping gap.","Planning candidate only: no reviewed exact-record Google Navigate contract exists on main, so runtime remains GPS-only.","Select 1-3 exact road-occurrence waypoints, confirm the final approach by satellite, prove both highway directions where practical, then add one exact-record contract with tests/accounting."
"2320c393-cad9-4c1b-94f9-7021c8488bd1","2320c393-cad9-4c1b-94f9-7021c8488bd1","ascent--rose","ROSE","Ascent","Ohio","Harrison","1787459253071652","OH-799 → Redeye Rd → Pad","saved_pad_gps","saved pad reference","40.17011544","-81.08306636","OTHER_NUMBERED_HIGHWAY_CANDIDATE","OH-799","directions_clear 'Route 799' normalized as OH-799 and corroborated by the current exact sequence and/or main overlay","directions_clear","Route 800 → Route 799 (6 miles) → Redeye Rd → Switchback → Minksville Rd landmark → Pad","true","PIN_ONLY","no_exact_last_interstate_us_or_state_highway","","no","0","0","HELD_IDENTITY","The earliest unresolved cleaned-source blocker is an exact authoritative identity/Road Manager mapping gap.","Planning candidate only: no reviewed exact-record Google Navigate contract exists on main, so runtime remains GPS-only.","Select 1-3 exact road-occurrence waypoints, confirm the final approach by satellite, prove both highway directions where practical, then add one exact-record contract with tests/accounting."
"6ef0746f-341a-4d29-9399-a81cfbec11e8","6ef0746f-341a-4d29-9399-a81cfbec11e8","ascent--scout","SCOUT","Ascent","Ohio","Harrison","1788117937351112","OH-150 → US-250 → Olive Branch Rd → CR-36","saved_pad_gps","saved pad reference","40.165091","-80.903485","OTHER_NUMBERED_HIGHWAY_CANDIDATE","US-250","directions_clear primary order names US-250; normalized last usable approved anchor is US-250","directions_clear","OH-150 W (3.5 miles) → US-250 W (2.2 miles) → Olive Branch Rd (0.1 mile) → CR-36 (1.3 miles) → Entrance","true","PIN_ONLY","candidate_start_lacks_exact_master_last_highway_road_id_anchor","US-250","no","0","0","HELD_TRANSITION","STALE PR #212 EVIDENCE: revision 1787615581785257 does not bind current revision 1788117937351112; primary-source fields and disposition are historical context only. Named road evidence exists, but at least one exact traveled junction or occurrence receipt is unresolved.","Planning candidate only: no reviewed exact-record Google Navigate contract exists on main, so runtime remains GPS-only.","Re-derive the primary order and exact occurrences against current revision 1788117937351112, then complete satellite and two-direction highway QA before any exact-record contract."
"9b9ddf20-a551-43c6-a709-0552a3aee134","9b9ddf20-a551-43c6-a709-0552a3aee134","ascent--sheporgi","SHEPORGI","Ascent","Ohio","Harrison","1786258360881449","Route 22 → CR-13 → CR-12 → Valley Continue Uip The Hill → Southeast On Unionvale-kenwood Rd → Upper Clearfork Rd → Harrison County Rd → Rdcontinue To Follow Unionvale Rd → Pad","saved_pad_gps","saved pad reference","40.277767","-80.888526","OTHER_NUMBERED_HIGHWAY_CANDIDATE","US-22","directions_clear 'Route 22' normalized as US-22 and corroborated by the current exact sequence and/or main overlay","directions_clear","Route 22 W → CR-13 → CR-12 → Rose Valley landmark → Uphill → Pad","true","PIN_ONLY","no_exact_last_interstate_us_or_state_highway","","no","0","0","HELD_IDENTITY","The earliest unresolved cleaned-source blocker is an exact authoritative identity/Road Manager mapping gap.","Planning candidate only: no reviewed exact-record Google Navigate contract exists on main, so runtime remains GPS-only.","Select 1-3 exact road-occurrence waypoints, confirm the final approach by satellite, prove both highway directions where practical, then add one exact-record contract with tests/accounting."
"ec0637e2-1673-41c8-9004-cc317a9c9060","ec0637e2-1673-41c8-9004-cc317a9c9060","ascent--sherwood","SHERWOOD","Ascent","Ohio","Harrison","1786265812046205","I-77 → Exit 47 → US-22 / East/cadiz Rd → Industrial Rd → OH-519","saved_pad_gps","saved pad reference","40.208184","-81.120811","ALIAS_OR_SOURCE_ORDER_AMBIGUITY","US-22","directions_clear last anchor US-22 conflicts with historical-overlay last anchor OH-519","directions_clear","Route 519 → Route 22 W → Nottingham / white-church landmark → Sherwood","true","PIN_ONLY","candidate_start_lacks_exact_master_last_highway_road_id_anchor","OH-519","no","0","0","HELD_TRANSITION","Named road evidence exists, but at least one exact traveled junction or occurrence receipt is unresolved.","Fail closed: directions_clear last anchor US-22 conflicts with historical-overlay last anchor OH-519. Runtime remains GPS-only.","Resolve the primary-source alias/order against the exact intended road occurrence without promoting renderer or overlay labels; only then perform waypoint, satellite, and two-direction QA."
"09d47bdb-8607-4e4b-b558-63bf5266bdd3","09d47bdb-8607-4e4b-b558-63bf5266bdd3","ascent--sparger","SPARGER","Ascent","Ohio","Harrison","1786258360881449","Route 22 → Rankin Rd Continue Rankin Rd → Cassville Rd → Pugh Rd → Lease Road","saved_pad_gps","saved pad reference","40.251961","-81.139182","OTHER_NUMBERED_HIGHWAY_CANDIDATE","US-22","directions_clear 'Route 22' normalized as US-22 and corroborated by the current exact sequence and/or main overlay","directions_clear","Route 519 W → Route 22 → CR-31 / Rankin Rd → Old Piedmont Rd → Cassville Rd → Pugh Rd → Lease Road","true","PIN_ONLY","no_exact_last_interstate_us_or_state_highway","","no","0","0","HELD_IDENTITY","The earliest unresolved cleaned-source blocker is an exact authoritative identity/Road Manager mapping gap.","Planning candidate only: no reviewed exact-record Google Navigate contract exists on main, so runtime remains GPS-only.","Select 1-3 exact road-occurrence waypoints, confirm the final approach by satellite, prove both highway directions where practical, then add one exact-record contract with tests/accounting."
"8a41dad0-5602-4a6b-bd04-9bc9cae27941","8a41dad0-5602-4a6b-bd04-9bc9cae27941","ascent--tarbert","TARBERT","Ascent","Ohio","Harrison","1786258360881449","OH-800 / South/johnson Ave → US-22 → Old Piedmont Rd → Moore Rd → OR → US-22 → Old Piedmont Rd → Moore Rd → OR → I-70 → Exit 202 → US-22 → Old Piedmont Rd → Moore Rd","saved_pad_gps","saved pad reference","40.203776","-81.17709","OTHER_NUMBERED_HIGHWAY_CANDIDATE","US-22","directions_clear primary order names US-22; normalized last usable approved anchor is US-22","directions_clear","OH-800 S / Johnson Ave (19.9 miles) → US-22 E (2.8 miles) → Old Piedmont Rd / CR-16 (1.2 miles) → Moore Rd / TR-336 → Entrance","true","ROUTED_DISPLAY","graph_receipt_ordered_prefix_then_solid_neutral_remainder","US-22","yes","1","0","HELD_TRANSITION","Named road evidence exists, but at least one exact traveled junction or occurrence receipt is unresolved.","Planning candidate only: no reviewed exact-record Google Navigate contract exists on main, so runtime remains GPS-only.","Select 1-3 exact road-occurrence waypoints, confirm the final approach by satellite, prove both highway directions where practical, then add one exact-record contract with tests/accounting."
"15f62c54-ba3f-4c8d-bf17-2f410c9eb092","15f62c54-ba3f-4c8d-bf17-2f410c9eb092","ascent--triplett","TRIPLETT","Ascent","Ohio","Harrison","1786258360881449","US-250 → Deersville Rd → Barber Hill Rd → Lease Road → OR → OH-646 → US-250 → Deersville Rd → Main St → Moravian Trail Rd → Barber Hill Rd","saved_pad_gps","saved pad reference","40.32084","-81.22495","OTHER_NUMBERED_HIGHWAY_CANDIDATE","US-250","directions_clear primary order names US-250; normalized last usable approved anchor is US-250","directions_clear","US-250 E (15.2 miles) → Deersville Rd → Barber Hill Rd (0.3 mile) → Lease Road","true","PIN_ONLY","candidate_start_lacks_exact_master_last_highway_road_id_anchor","US-250","no","0","0","HELD_IDENTITY","The earliest unresolved cleaned-source blocker is an exact authoritative identity/Road Manager mapping gap.","Planning candidate only: no reviewed exact-record Google Navigate contract exists on main, so runtime remains GPS-only.","Select 1-3 exact road-occurrence waypoints, confirm the final approach by satellite, prove both highway directions where practical, then add one exact-record contract with tests/accounting."
"0b675c3f-2c04-4901-955d-8629e7dba05e","0b675c3f-2c04-4901-955d-8629e7dba05e","ascent--una","UNA","Ascent","Ohio","Harrison","1787732756762534","US-250 → WEST GROVE RD → LEASE ROUTE","saved_pad_gps","saved pad reference","40.228835","-80.933934","OTHER_NUMBERED_HIGHWAY_CANDIDATE","US-250","directions_clear primary order names US-250; normalized last usable approved anchor is US-250","directions_clear","US-250 W (3.2 miles from Harrisville) → Georgetown → West Grove Rd → 1 mile → UNA lease","true","PIN_ONLY","candidate_start_lacks_exact_master_last_highway_road_id_anchor","US-250","no","0","0","HELD_GEOMETRY","Identity/occurrence evidence is sufficient to avoid an identity hold, but exact clipped traveled geometry or the pad-specific terminal connector is not proven.","Planning candidate only: no reviewed exact-record Google Navigate contract exists on main, so runtime remains GPS-only.","Select 1-3 exact road-occurrence waypoints, confirm the final approach by satellite, prove both highway directions where practical, then add one exact-record contract with tests/accounting."
"c8637048-5fcd-4565-94f0-8dcfce624dd2","c8637048-5fcd-4565-94f0-8dcfce624dd2","ascent--victor","VICTOR","Ascent","Ohio","Harrison","1786258360881449","I-70 → Exit 202 → Shannon Rd → Pad","saved_pad_gps","saved pad reference","40.016413","-81.189751","ALIAS_OR_SOURCE_ORDER_AMBIGUITY","OH-800","uncorroborated generic or conflicting alias 'Route 800' normalized provisionally as OH-800; directions_clear last anchor OH-800 conflicts with historical-overlay last anchor I-70","directions_clear","I-70 W → Exit 202 → Route 800 S (4.2 miles) → Shannon Rd → Victor pad","true","PIN_ONLY","candidate_start_lacks_exact_master_last_highway_road_id_anchor","I-70","no","0","0","HELD_IDENTITY","The earliest unresolved cleaned-source blocker is an exact authoritative identity/Road Manager mapping gap.","Fail closed: uncorroborated generic or conflicting alias 'Route 800' normalized provisionally as OH-800; directions_clear last anchor OH-800 conflicts with historical-overlay last anchor I-70. Runtime remains GPS-only.","Resolve the primary-source alias/order against the exact intended road occurrence without promoting renderer or overlay labels; only then perform waypoint, satellite, and two-direction QA."
"7b6efac2-1fa8-46d0-be01-d58ed5762164","7b6efac2-1fa8-46d0-be01-d58ed5762164","ascent--victoria","VICTORIA","Ascent","Ohio","Harrison","1787459253071652","OH-331 → OH-149 → OH-519 → Lease Road","saved_pad_gps","saved pad reference","40.9992946","-81.0666759","OTHER_NUMBERED_HIGHWAY_CANDIDATE","OH-519","directions_clear supplies a generic Route 70 start that remains provisional; the independently named last usable approved numbered-highway anchor is OH-519","directions_clear","Route 70 → Route 331 → Route 149 → New Athens → Route 519 W → 3-mile marker → Alpha pad landmark → Victoria lease","true","PIN_ONLY","no_exact_last_interstate_us_or_state_highway","","no","0","0","HELD_TRANSITION","Named road evidence exists, but at least one exact traveled junction or occurrence receipt is unresolved.","Planning candidate only: the generic Route 70 start remains provisional and no reviewed exact-record Google Navigate contract exists on main; runtime remains GPS-only.","Resolve the generic Route 70 start without assuming I-70, select 1-3 exact controls from the independently named last anchor through the written local roads, confirm the final approach by satellite, and prove both practical highway directions before any exact-record contract."
"2650c579-b317-4cf5-baf4-1456abec1cb8","2650c579-b317-4cf5-baf4-1456abec1cb8","ascent--amber","AMBER","Ascent","Ohio","Jefferson","1787459253071652","OH-7 → Litter Rd → Warren Ridge → CR-16 → CR-15 → Graham Rd → Blues Run Rd","saved_pad_gps","saved pad reference","40.255469","-80.702589","ALIAS_OR_SOURCE_ORDER_AMBIGUITY","OH-150","directions_clear last anchor OH-150 conflicts with historical-overlay last anchor OH-7","directions_clear","Route 7 South → OH-150 West → Litter Rd → Warren Ridge / Smithfield-Rayland Rd → CR-16 → CR-15 → Warren Ridge Rd / CR-17 → Graham Rd / CR-18 → Blues Run Rd / Township 156 (1.1 miles) → Pad","true","ROUTED_DISPLAY","graph_evidence_receipt_missing_route_retained","OH-7","no","0","0","HELD_IDENTITY","The earliest unresolved cleaned-source blocker is an exact authoritative identity/Road Manager mapping gap.","Fail closed: directions_clear last anchor OH-150 conflicts with historical-overlay last anchor OH-7. Runtime remains GPS-only.","Resolve the primary-source alias/order against the exact intended road occurrence without promoting renderer or overlay labels; only then perform waypoint, satellite, and two-direction QA."
"896e6e84-29b1-493c-b77f-f531153351d0","896e6e84-29b1-493c-b77f-f531153351d0","ascent--archie","ARCHIE","Ascent","Ohio","Jefferson","1787459253071652","Exit 152 → US-22 → High St → Co Rd → Pad","saved_pad_gps","saved pad reference","40.335786","-80.817855","ALIAS_OR_SOURCE_ORDER_AMBIGUITY","OH-152","uncorroborated generic or conflicting alias 'Route 152' normalized provisionally as OH-152; directions_clear last anchor OH-152 conflicts with historical-overlay last anchor US-22","directions_clear","Route 22 East → Bloomingdale / Route 152 exit → High St / CR-23 → CR-23 and CR-26 intersection → Pad","true","ROUTED_DISPLAY","graph_receipt_ordered_prefix_then_solid_neutral_remainder","US-22","yes","2","1","HELD_TRANSITION","Named road evidence exists, but at least one exact traveled junction or occurrence receipt is unresolved.","Fail closed: uncorroborated generic or conflicting alias 'Route 152' normalized provisionally as OH-152; directions_clear last anchor OH-152 conflicts with historical-overlay last anchor US-22. Runtime remains GPS-only.","Resolve the primary-source alias/order against the exact intended road occurrence without promoting renderer or overlay labels; only then perform waypoint, satellite, and two-direction QA."
"86f059bc-72e2-468c-a93c-f468069d0295","86f059bc-72e2-468c-a93c-f468069d0295","ascent--atlas","ATLAS","Ascent","Ohio","Jefferson","1787459253071652","OH-7 → Rayland / Dillonvale Exit → Route 15 → Lease Road","saved_pad_gps","saved pad reference","40.25091","-80.751329","OTHER_NUMBERED_HIGHWAY_CANDIDATE","OH-7","directions_clear 'Route 7' normalized as OH-7 and corroborated by the current exact sequence and/or main overlay","directions_clear","Route 7 → Rayland / Dillonvale exit → Dairy Queen landmark → Route 15 (6.2 miles) → Lease Road","true","PIN_ONLY","no_exact_last_interstate_us_or_state_highway","","no","0","0","HELD_IDENTITY","The earliest unresolved cleaned-source blocker is an exact authoritative identity/Road Manager mapping gap.","Planning candidate only: no reviewed exact-record Google Navigate contract exists on main, so runtime remains GPS-only.","Select 1-3 exact road-occurrence waypoints, confirm the final approach by satellite, prove both highway directions where practical, then add one exact-record contract with tests/accounting."
"b6dae008-74d4-4976-9c72-fba7ae349c50","b6dae008-74d4-4976-9c72-fba7ae349c50","ascent--besece","BESECE","Ascent","Ohio","Jefferson","1788117937351112","US-250 → OH-150 → Lease Road","saved_pad_gps","saved pad reference","40.189775","-80.842997","OTHER_NUMBERED_HIGHWAY_CANDIDATE","OH-150","directions_clear primary order names OH-150; normalized last usable approved anchor is OH-150","directions_clear","US-250 E → OH-150 N (1.0 mile) → Lease Road","true","ROUTED_DISPLAY","graph_receipt_ordered_prefix_then_solid_neutral_remainder","OH-150","yes","1","1","HELD_TRANSITION","STALE PR #212 EVIDENCE: revision 1787615581785257 does not bind current revision 1788117937351112; primary-source fields and disposition are historical context only. Named road evidence exists, but at least one exact traveled junction or occurrence receipt is unresolved.","Planning candidate only: no reviewed exact-record Google Navigate contract exists on main, so runtime remains GPS-only.","Re-derive the primary order and exact occurrences against current revision 1788117937351112, then complete satellite and two-direction highway QA before any exact-record contract."
"859bb8c8-e902-4085-b089-d0375c28ae6c","859bb8c8-e902-4085-b089-d0375c28ae6c","ascent--borum","BORUM","Ascent","Ohio","Jefferson","1787459253071652","US-22 → OH-151 → Lease Road","saved_pad_gps","saved pad reference","40.290672","-80.85661","OTHER_NUMBERED_HIGHWAY_CANDIDATE","OH-151","directions_clear 'Route 151' normalized as OH-151 and corroborated by the current exact sequence and/or main overlay","directions_clear","Route 22 E → Route 151 / Hopedale exit → Route 151 E → Wayne Township Rd 192 → Lease Road","true","ROUTED_DISPLAY","graph_receipt_ordered_prefix_then_solid_neutral_remainder","OH-151","yes","1","1","HELD_IDENTITY","The earliest unresolved cleaned-source blocker is an exact authoritative identity/Road Manager mapping gap.","Planning candidate only: no reviewed exact-record Google Navigate contract exists on main, so runtime remains GPS-only.","Select 1-3 exact road-occurrence waypoints, confirm the final approach by satellite, prove both highway directions where practical, then add one exact-record contract with tests/accounting."
"45b2cfd7-1936-406d-bf6c-de0b8acc8e88","45b2cfd7-1936-406d-bf6c-de0b8acc8e88","ascent--cecelia","CECELIA","Ascent","Ohio","Jefferson","1787459253071652","US-22 → OH-151 → A Left Onto County Rd → CR-25 → Pad","saved_pad_gps","saved pad reference","40.282447","-80.756322","OTHER_NUMBERED_HIGHWAY_CANDIDATE","OH-151","directions_clear 'Route 151' normalized as OH-151 and corroborated by the current exact sequence and/or main overlay","directions_clear","Route 22 → Hopedale exit → Route 151 E → Route 151 E at Smithfield (1.2 miles) → CR-25 (approximately 300 ft) → Pad","true","ROUTED_DISPLAY","graph_receipt_ordered_prefix_then_solid_neutral_remainder","OH-151","yes","1","1","HELD_TRANSITION","Named road evidence exists, but at least one exact traveled junction or occurrence receipt is unresolved.","Planning candidate only: no reviewed exact-record Google Navigate contract exists on main, so runtime remains GPS-only.","Select 1-3 exact road-occurrence waypoints, confirm the final approach by satellite, prove both highway directions where practical, then add one exact-record contract with tests/accounting."
"2fd33dcc-6dbe-4496-a730-295914cef940","2fd33dcc-6dbe-4496-a730-295914cef940","ascent--cena","CENA","Ascent","Ohio","Jefferson","1787459253071652","Route 70 → I-77 → US-22 → OH-26 → Route 212 → Pad","saved_pad_gps","saved pad reference","40.346562","-80.770844","ALIAS_OR_SOURCE_ORDER_AMBIGUITY","US-22","directions_clear last anchor US-22 conflicts with historical-overlay last anchor OH-26","directions_clear","Route 70 E → Route 77 N → Route 22 E → Bloomingdale exit → Flashing light → Route 26 (about 1 mile) → Route 212 (about 1 mile) → Pad","true","PIN_ONLY","candidate_start_exceeds_25_air_miles_from_destination","OH-26","no","0","0","HELD_IDENTITY","The earliest unresolved cleaned-source blocker is an exact authoritative identity/Road Manager mapping gap.","Fail closed: directions_clear last anchor US-22 conflicts with historical-overlay last anchor OH-26. Runtime remains GPS-only.","Resolve the primary-source alias/order against the exact intended road occurrence without promoting renderer or overlay labels; only then perform waypoint, satellite, and two-direction QA."
"3e31e56b-6c85-4f0c-9a38-0554b42581a5","3e31e56b-6c85-4f0c-9a38-0554b42581a5","ascent--cermak","CERMAK","Ascent","Ohio","Jefferson","1787459253071652","OH-9 → I-70 → I-470 → Exit 6 → OH-7 → 2nd St → CR-80 → Liberty Ave → OH-150 → OH-152 → CR-11 → Piney Fork Rd → OR → US-22 → OH-151 / Mill St → OH-152 / South/main St → CR-11 → Piney Fork Rd","saved_pad_gps","saved pad reference","40.244707","-80.807728","OTHER_NUMBERED_HIGHWAY_CANDIDATE","OH-152","directions_clear primary order names OH-152; normalized last usable approved anchor is OH-152","directions_clear","OH-9 S (0.1 mile) → I-70 E ramp (0.1 mile) → I-70 E (2.6 miles) → I-470 E (6.3 miles) → Exit 6 → OH-7 N (4.2 miles) → 2nd St (0.3 mile) → OH-7 N (6.7 miles) → OH-150 exit (0.1 mile) → CR-80 (318 ft) → Liberty Ave (0.2 mile) → OH-150 W (6.1 miles) → OH-152 N (4.3 miles) → CR-11 / Piney Fork Rd (0.8 mile) → Entrance","true","ROUTED_DISPLAY","graph_evidence_receipt_missing_route_retained","OH-152","no","0","0","HELD_TRANSITION","Named road evidence exists, but at least one exact traveled junction or occurrence receipt is unresolved.","Planning candidate only: no reviewed exact-record Google Navigate contract exists on main, so runtime remains GPS-only.","Select 1-3 exact road-occurrence waypoints, confirm the final approach by satellite, prove both highway directions where practical, then add one exact-record contract with tests/accounting."
"757f6f6d-b427-4037-829e-9f31847421c8","757f6f6d-b427-4037-829e-9f31847421c8","ascent--cesario","CESARIO","Ascent","Ohio","Jefferson","1786258360881449","OH-1 → US-22E → CR-13 / County Rd → CR-12 → Township Hwy → TR-141 → Smithfield-adena Rd → 1st Cross St → TR-120 → Route 120 → Lease Road","saved_pad_gps","saved pad reference","40.198778","-80.784513","OTHER_NUMBERED_HIGHWAY_CANDIDATE","US-22","directions_clear primary order names US-22; normalized last usable approved anchor is US-22","directions_clear","US-22 E → CR-13 → CR-12 (3.6 miles) → Township Hwy 141 / TR-141 (0.7 mile) → Smithfield-Adena Rd / CR-10 (0.8 mile) → TR-120 → approximately 1.3 miles → saved Route 120 turn → approximately 4 miles → Lease Road","true","ROUTED_DISPLAY","graph_receipt_ordered_prefix_then_solid_neutral_remainder","US-22","yes","1","1","HELD_IDENTITY","The earliest unresolved cleaned-source blocker is an exact authoritative identity/Road Manager mapping gap.","Planning candidate only: no reviewed exact-record Google Navigate contract exists on main, so runtime remains GPS-only.","Select 1-3 exact road-occurrence waypoints, confirm the final approach by satellite, prove both highway directions where practical, then add one exact-record contract with tests/accounting."
"0ce3a5b6-b2e0-4daa-b8de-66216c1818fc","0ce3a5b6-b2e0-4daa-b8de-66216c1818fc","ascent--club","CLUB","Ascent","Ohio","Jefferson","1787459253071652","US-22 → OR → US-22 → CR-13 → Left/east Onto County Rd → CR-12 / Unionvale Road/harrison County Rd → Right/south Onto Township Hwy → TR-141 → Right/south Onto County Rd → CR-10 → Left/east Onto Township Rd → End Of Rd → Pad","saved_pad_gps","saved pad reference","40.220486","-80.852604","OTHER_NUMBERED_HIGHWAY_CANDIDATE","US-22","directions_clear primary order names US-22; normalized last usable approved anchor is US-22","directions_clear","US-22 W (17 miles from Steubenville) → CR-13 / Unionvale-Kenwood Rd (3.3 miles) → CR-12 / Unionvale Rd / Harrison County Rd 13 (3.6 miles) → Township Hwy 141 (0.7 mile) → CR-10 (2.7 miles) → TR-130 (1.2 miles) → Pad","true","ROUTED_DISPLAY","graph_receipt_ordered_prefix_then_solid_neutral_remainder","US-22","yes","1","1","HELD_IDENTITY","The earliest unresolved cleaned-source blocker is an exact authoritative identity/Road Manager mapping gap.","Planning candidate only: no reviewed exact-record Google Navigate contract exists on main, so runtime remains GPS-only.","Select 1-3 exact road-occurrence waypoints, confirm the final approach by satellite, prove both highway directions where practical, then add one exact-record contract with tests/accounting."
"6775a5be-1184-441c-a50c-4c51efd86eb1","6775a5be-1184-441c-a50c-4c51efd86eb1","ascent--colaianni","COLAIANNI","Ascent","Ohio","Jefferson","1787459253071652","US-250 → OH-150 → Pleasant Grove Rd → Access Road → OR → OH-152 → OR → OH-150 → Smithfield St → Main St → Concord St → Union St → Market St → Pleasant Grove Rd → Access Road → OR → R 7 Take Hanover St → Zane Hwy → Carlisle St → OH-647 → Union St → Market St → OH-150 → Pleasant Grove Rd → Access Road","saved_pad_gps","saved pad reference","40.167723","-80.824732","OTHER_NUMBERED_HIGHWAY_CANDIDATE","OH-150","directions_clear primary order names OH-150; normalized last usable approved anchor is OH-150","directions_clear","US-250 E (1.8 miles) → OH-150 E (2.1 miles) → Pleasant Grove Rd (0.2 mile) → Access Road","true","ROUTED_DISPLAY","graph_receipt_ordered_prefix_then_solid_neutral_remainder","OH-150","yes","1","1","HELD_IDENTITY","The earliest unresolved cleaned-source blocker is an exact authoritative identity/Road Manager mapping gap.","Planning candidate only: no reviewed exact-record Google Navigate contract exists on main, so runtime remains GPS-only.","Select 1-3 exact road-occurrence waypoints, confirm the final approach by satellite, prove both highway directions where practical, then add one exact-record contract with tests/accounting."
"4f23bc46-4d15-4582-838f-e2ec74f7fe0c","4f23bc46-4d15-4582-838f-e2ec74f7fe0c","ascent--collins","COLLINS","Ascent","Ohio","Jefferson","1786265812046205","US-22 → CR-26","saved_pad_gps","saved pad reference","40.349789","-80.809605","ALIAS_OR_SOURCE_ORDER_AMBIGUITY","OH-152","uncorroborated generic or conflicting alias 'Route 152' normalized provisionally as OH-152; directions_clear last anchor OH-152 conflicts with historical-overlay last anchor US-22","directions_clear","Route 22 E → Route 152 / Bloomingdale exit → CR-25 → CR-26 → Lease entrance → Collins pad","true","ROUTED_DISPLAY","graph_receipt_ordered_prefix_then_solid_neutral_remainder","US-22","yes","4","1","HELD_TRANSITION","Named road evidence exists, but at least one exact traveled junction or occurrence receipt is unresolved.","Fail closed: uncorroborated generic or conflicting alias 'Route 152' normalized provisionally as OH-152; directions_clear last anchor OH-152 conflicts with historical-overlay last anchor US-22. Runtime remains GPS-only.","Resolve the primary-source alias/order against the exact intended road occurrence without promoting renderer or overlay labels; only then perform waypoint, satellite, and two-direction QA."
"e70c6c4f-8f0e-480f-8a77-448fcf6d6d9c","e70c6c4f-8f0e-480f-8a77-448fcf6d6d9c","ascent--creamer","CREAMER","Ascent","Ohio","Jefferson","1787459253071652","OH-150 → CR-15 → CR-14 → Lease Road","saved_pad_gps","saved pad reference","40.205254","-80.727134","OTHER_NUMBERED_HIGHWAY_CANDIDATE","OH-150","directions_clear 'Route 150' normalized as OH-150 and corroborated by the current exact sequence and/or main overlay","directions_clear","Route 150 W → CR-15 (3.3 miles) → CR-14 (1.1 miles) → Lease Road","true","ROUTED_DISPLAY","graph_receipt_ordered_prefix_then_solid_neutral_remainder","OH-150","yes","1","1","HELD_TRANSITION","Named road evidence exists, but at least one exact traveled junction or occurrence receipt is unresolved.","Planning candidate only: no reviewed exact-record Google Navigate contract exists on main, so runtime remains GPS-only.","Select 1-3 exact road-occurrence waypoints, confirm the final approach by satellite, prove both highway directions where practical, then add one exact-record contract with tests/accounting."
"69c4cf2d-f404-48c5-b4a9-08099de4664b","69c4cf2d-f404-48c5-b4a9-08099de4664b","ascent--cross-creek","CROSS CREEK","Ascent","Ohio","Jefferson","1787459253071652","OH-7 → Fork → OH-152 → E Studenville St → Bloomingdale- Smithfield- Chandl/high St → Fernwood Bloomingdale Rd → Dawson Rd → Township Hwy → Cross Creek → OR → OH-9 → OH-152 → Steubenville Rd → Bloomingdale- Smithfield- Chandl/high St → Fernwood Bloomingdale Rd → Dawson Rd → Township Hwy → Cross Creek → OR → OH-152 → 2. Continue To Steubenville Rd → Bloomingdale- Smithfield- Chandl/high St → Fernwood Bloomingdale Rd → Dawson Rd → Township Hwy → Cross Creek","saved_pad_gps","saved pad reference","40.310116","-80.711596","EXCLUDED_OR_INSUFFICIENT","OH-152","Potential anchor OH-152 is recorded only for inspection; explicit owner exclusion or insufficient-source hold takes precedence.","directions_clear","OH-7 N (0.7 mile) → US-22 W (12.5 miles) → OH-152 exit → OH-152 S → E Studenville St (0.3 mile) → Bloomingdale-Smithfield-Chandl / High St → Fernwood Bloomingdale Rd (2.3 miles) → Dawson Rd (2.1 miles) → Township Hwy 187 (0.3 mile) → Entrance","true","ROUTED_DISPLAY","graph_receipt_ordered_prefix_then_solid_neutral_remainder","OH-152","yes","2","1","HELD_IDENTITY","The earliest unresolved cleaned-source blocker is an exact authoritative identity/Road Manager mapping gap.","Explicit owner scope hold: inspectable only; do not publish or revive the old four-pad patch unless this current exact record completes the BLAYNEY-grade gate.","Complete the explicit current-record review gate described in the fail-closed reason; no publication from this board."
"055798cd-468d-4681-842c-7a53d72f95a8","055798cd-468d-4681-842c-7a53d72f95a8","ascent--crowell","CROWELL","Ascent","Ohio","Jefferson","1787459253071652","US-22 → TR-65 → Immediate Left To County Rd → Route 22A → Pad","saved_pad_gps","saved pad reference","40.33203","-80.83421","OTHER_NUMBERED_HIGHWAY_CANDIDATE","US-22","directions_clear 'Route 22' normalized as US-22 and corroborated by the current exact sequence and/or main overlay","directions_clear","Route 22 E → TR-65 → CR-22A (2.5 miles) → CR-24 / Cow Path Rd (about 0.3 mile) → Pad","true","ROUTED_DISPLAY","graph_receipt_ordered_prefix_then_solid_neutral_remainder","US-22","yes","1","1","HELD_IDENTITY","The earliest unresolved cleaned-source blocker is an exact authoritative identity/Road Manager mapping gap.","Planning candidate only: no reviewed exact-record Google Navigate contract exists on main, so runtime remains GPS-only.","Select 1-3 exact road-occurrence waypoints, confirm the final approach by satellite, prove both highway directions where practical, then add one exact-record contract with tests/accounting."
"2a3415ba-72b0-4125-93c2-06340504bc5e","2a3415ba-72b0-4125-93c2-06340504bc5e","ascent--dalrymple","DALRYMPLE","Ascent","Ohio","Jefferson","1787459253071652","OH-1 → Southeast On Unionvale-kenwood Rd → Upper Clearfork Rd → Harrison County Rd → Township Hwy → Smithfield-adena Rd","saved_pad_gps","saved pad reference","40.253123","-80.860539","OTHER_NUMBERED_HIGHWAY_CANDIDATE","OH-1","The exact current structuredRoadSequence starts on OH-1 and main overlay evidence records OH-1 as lastHighway; directions_clear omits that starting anchor, so the source-order discrepancy remains an explicit QA gate.","directions_clear","Unionvale-Kenwood Rd SE (1.3 miles) → Upper Clearfork Rd (1.9 miles) → Harrison County Rd 12 / Unionvale Rd (3.6 miles) → Township Hwy 141 / TR-141 (0.7 mile) → Smithfield-Adena Rd (1.2 miles) → Destination","true","PIN_ONLY","candidate_start_lacks_exact_master_last_highway_road_id_anchor","OH-1","no","0","0","HELD_IDENTITY","The earliest unresolved cleaned-source blocker is an exact authoritative identity/Road Manager mapping gap.","Planning candidate only: the current exact record supplies OH-1, but directions_clear omits that start and no exact occurrence control is proved; runtime remains GPS-only.","Resolve the OH-1 source-order discrepancy, locate the exact OH-1 to Unionvale-Kenwood occurrence, then complete satellite and two-direction Google QA before any exact-record contract."
"95682186-7210-47b5-bd14-2f82ce775515","95682186-7210-47b5-bd14-2f82ce775515","ascent--darrow","DARROW","Ascent","Ohio","Jefferson","1787459253071652","US-22 → US-250 → OH-150 → Around For County Rd → Pad","saved_pad_gps","saved pad reference","40.184639","-80.823008","OTHER_NUMBERED_HIGHWAY_CANDIDATE","OH-150","directions_clear 'Route 150' normalized as OH-150 and corroborated by the current exact sequence and/or main overlay","directions_clear","Route 22 → Route 250 E → Route 150 E (approximately 4 miles) → Ascent turnaround / CR-6 → Pad","true","ROUTED_DISPLAY","graph_receipt_ordered_prefix_then_solid_neutral_remainder","OH-150","yes","1","1","HELD_TRANSITION","Named road evidence exists, but at least one exact traveled junction or occurrence receipt is unresolved.","Planning candidate only: no reviewed exact-record Google Navigate contract exists on main, so runtime remains GPS-only.","Select 1-3 exact road-occurrence waypoints, confirm the final approach by satellite, prove both highway directions where practical, then add one exact-record contract with tests/accounting."
"18befd60-a104-4845-9e35-34a73cb9b109","18befd60-a104-4845-9e35-34a73cb9b109","ascent--dawson","DAWSON","Ascent","Ohio","Jefferson","1787459253071652","Hopedale Smithfield Rd → Route 138 → Lease Road","saved_pad_gps","saved pad reference","40.280689","-80.808585","OTHER_NUMBERED_HIGHWAY_CANDIDATE","OH-151","directions_clear primary order names State Route 151; normalized last usable approved anchor is OH-151","directions_clear","Hopedale Smithfield Rd / State Route 151 (6.5 miles) → Township Road 138 (0.3 mile) → Dawson lease road","true","PIN_ONLY","no_exact_last_interstate_us_or_state_highway","","no","0","0","HELD_IDENTITY","The earliest unresolved cleaned-source blocker is an exact authoritative identity/Road Manager mapping gap.","Planning candidate only: no reviewed exact-record Google Navigate contract exists on main, so runtime remains GPS-only.","Select 1-3 exact road-occurrence waypoints, confirm the final approach by satellite, prove both highway directions where practical, then add one exact-record contract with tests/accounting."
"18257dbf-d681-46dd-be38-a8e4a6aab56f","18257dbf-d681-46dd-be38-a8e4a6aab56f","ascent--dickson","DICKSON","Ascent","Ohio","Jefferson","1787459253071652","OH-1 → OH-152 → Steubenville St → Bloomingdale- Smithfield- Chandl/high St → Fernwood Bloomingdale Rd → Dawson Rd → Township Hwy → TR-187","saved_pad_gps","saved pad reference","40.307082","-80.694744","OTHER_NUMBERED_HIGHWAY_CANDIDATE","OH-152","directions_clear primary order names OH-152; normalized last usable approved anchor is OH-152","directions_clear","OH-152 S (0.1 mile) → E Steubenville St (0.4 mile) → Bloomingdale-Smithfield-Chandl / High St (0.2 mile) → Fernwood Bloomingdale Rd (2.3 miles) → Fernwood Bloomingdale Rd (2.5 miles) → Dawson Rd (1.2 miles) → Township Hwy 187 (1.3 miles) → Dawson Rd (1.2 miles) → Access","true","ROUTED_DISPLAY","graph_receipt_ordered_prefix_then_solid_neutral_remainder","OH-152","yes","2","2","HELD_IDENTITY","The earliest unresolved cleaned-source blocker is an exact authoritative identity/Road Manager mapping gap.","Planning candidate only: no reviewed exact-record Google Navigate contract exists on main, so runtime remains GPS-only.","Select 1-3 exact road-occurrence waypoints, confirm the final approach by satellite, prove both highway directions where practical, then add one exact-record contract with tests/accounting."
"cc6fa7ae-178c-434a-a36a-321a5d326563","cc6fa7ae-178c-434a-a36a-321a5d326563","ascent--doyen","DOYEN","Ascent","Ohio","Jefferson","1787459253071652","Rayland Go In County Rd → CR-15 → Route 15 → Route 17 → Route 18 → Route 156 → Lease Road","saved_pad_gps","saved pad reference","40.256018","-80.697324","ALIAS_OR_SOURCE_ORDER_AMBIGUITY","OH-150","uncorroborated generic or conflicting alias 'Route 150' normalized provisionally as OH-150","directions_clear","Route 150 at Rayland → County Rd 15 → Route 17 → Route 18 → Route 156 → Amber / Doyen lease road","true","PIN_ONLY","no_exact_last_interstate_us_or_state_highway","","no","0","0","HELD_IDENTITY","The earliest unresolved cleaned-source blocker is an exact authoritative identity/Road Manager mapping gap.","Fail closed: uncorroborated generic or conflicting alias 'Route 150' normalized provisionally as OH-150. Runtime remains GPS-only.","Resolve the primary-source alias/order against the exact intended road occurrence without promoting renderer or overlay labels; only then perform waypoint, satellite, and two-direction QA."
"5484ef9c-cc1f-4eca-9527-63d4a64183fb","5484ef9c-cc1f-4eca-9527-63d4a64183fb","ascent--elite","ELITE","Ascent","Ohio","Jefferson","1787459253071652","OH-150","saved_pad_gps","saved pad reference","40.188588","-80.805198","OTHER_NUMBERED_HIGHWAY_CANDIDATE","OH-150","directions_clear 'Route 150' normalized as OH-150 and corroborated by the current exact sequence and/or main overlay","directions_clear","Route 250 → Route 150 E → TR-107A → Access Road","true","ROUTED_DISPLAY","graph_receipt_ordered_prefix_then_solid_neutral_remainder","OH-150","yes","4","1","HELD_IDENTITY","The earliest unresolved cleaned-source blocker is an exact authoritative identity/Road Manager mapping gap.","Planning candidate only: no reviewed exact-record Google Navigate contract exists on main, so runtime remains GPS-only.","Select 1-3 exact road-occurrence waypoints, confirm the final approach by satellite, prove both highway directions where practical, then add one exact-record contract with tests/accounting."
"b17d1649-f569-4bff-87e3-0530138ba511","b17d1649-f569-4bff-87e3-0530138ba511","ascent--faldowski","FALDOWSKI","Ascent","Ohio","Jefferson","1787459253071652","OH-1 → US-22E → CR-13 / County Rd → CR-12 → Township Hwy → TR-141 → Smithfield-adena Rd → 1st Cross St → TR-120 → Route 120 → Lease Road","saved_pad_gps","saved pad reference","40.217224","-80.808182","OTHER_NUMBERED_HIGHWAY_CANDIDATE","US-22","directions_clear primary order names US-22; normalized last usable approved anchor is US-22","directions_clear","US-22 E → CR-13 → CR-12 (3.6 miles) → Township Hwy 141 / TR-141 (0.7 mile) → Smithfield-Adena Rd / CR-10 (0.8 mile) → TR-120 → approximately 1.3 miles → saved Route 120 turn → approximately 3.2 miles → Lease Road","true","ROUTED_DISPLAY","graph_receipt_ordered_prefix_then_solid_neutral_remainder","US-22","yes","1","1","HELD_IDENTITY","The earliest unresolved cleaned-source blocker is an exact authoritative identity/Road Manager mapping gap.","Planning candidate only: no reviewed exact-record Google Navigate contract exists on main, so runtime remains GPS-only.","Select 1-3 exact road-occurrence waypoints, confirm the final approach by satellite, prove both highway directions where practical, then add one exact-record contract with tests/accounting."
"d026b46b-5e9b-478c-b59f-fcb9a29d7ed0","d026b46b-5e9b-478c-b59f-fcb9a29d7ed0","ascent--fauna","FAUNA","Ascent","Ohio","Jefferson","1786265812046205","OH-7 → OH-151 → Route 19 → Route 167 → Lease Road","official_wellhead_reference","official wellhead reference","40.279773","-80.627905","OTHER_NUMBERED_HIGHWAY_CANDIDATE","OH-151","directions_clear primary order names SR-151; normalized last usable approved anchor is OH-151","directions_clear","SR-7 at Brilliant → SR-151 N → Route 19 (1.8 miles) → Route 167 (0.6 mile) → Lease Road","true","PIN_ONLY","no_exact_last_interstate_us_or_state_highway","","no","0","0","HELD_IDENTITY","The earliest unresolved cleaned-source blocker is an exact authoritative identity/Road Manager mapping gap.","Planning candidate only: no reviewed exact-record Google Navigate contract exists on main, so runtime remains GPS-only.","Select 1-3 exact road-occurrence waypoints, confirm the final approach by satellite, prove both highway directions where practical, then add one exact-record contract with tests/accounting."
"f9ba8f15-85b3-402f-847b-d3b3d32bfc0a","f9ba8f15-85b3-402f-847b-d3b3d32bfc0a","ascent--ferguson","FERGUSON","Ascent","Ohio","Jefferson","1787459253071652","OH-1 → Northwest On East Market St → 1st Cross St → Main St → US-22 / East/cadiz-steubenville Rd → OH-151 / Mill St → OH-152 / South/main St → OH-150 → Dry Fork Rd → OR → OH-1 → US-40 → OH-149 → Main St → Wheeling St → OH-519 / East/stumptown Rd → US-250 → OH-150 → Union St → Concord St → Dry Fork Rd → TR-118","saved_pad_gps","saved pad reference","40.234358","-80.779074","OTHER_NUMBERED_HIGHWAY_CANDIDATE","OH-150","directions_clear primary order names OH-150; normalized last usable approved anchor is OH-150","directions_clear","E Market St NW (69 ft) → N Main St (1.3 miles) → toward US-22 E (0.1 mile) → US-22 E / Cadiz-Steubenville Rd (4.9 miles) → OH-151 E exit (0.3 mile) → OH-151 / Mill St (0.2 mile) → OH-151 E / Mill St (8.4 miles) → OH-152 S / Main St (6.2 miles) → OH-150 E (0.9 mile) → Dry Fork Rd / CR-8 (1 mile) → TR-118 (1 mile)","true","ROUTED_DISPLAY","graph_evidence_receipt_missing_route_retained","OH-150","no","0","0","HELD_TRANSITION","Named road evidence exists, but at least one exact traveled junction or occurrence receipt is unresolved.","Planning candidate only: no reviewed exact-record Google Navigate contract exists on main, so runtime remains GPS-only.","Select 1-3 exact road-occurrence waypoints, confirm the final approach by satellite, prove both highway directions where practical, then add one exact-record contract with tests/accounting."
"9aba1dc6-2e10-4560-8e16-1a6e87edea30","9aba1dc6-2e10-4560-8e16-1a6e87edea30","ascent--gabriel","GABRIEL","Ascent","Ohio","Jefferson","1787459253071652","OH-7 → Crossing → Route 15 → Route 17 → Route 18 → Access Road","saved_pad_gps","saved pad reference","40.25435","-80.722696","ALIAS_OR_SOURCE_ORDER_AMBIGUITY","OH-150","uncorroborated generic or conflicting alias 'Route 150' normalized provisionally as OH-150; directions_clear last anchor OH-150 conflicts with historical-overlay last anchor OH-7","directions_clear","Route 7 → Route 150 / Rayland-Dillonvale exit → Route 15 (approximately 6.8 miles) → Route 17 → Route 18 (approximately 1 mile) → Gabriel access","true","ROUTED_DISPLAY","graph_evidence_receipt_missing_route_retained","OH-7","no","0","0","HELD_IDENTITY","The earliest unresolved cleaned-source blocker is an exact authoritative identity/Road Manager mapping gap.","Fail closed: uncorroborated generic or conflicting alias 'Route 150' normalized provisionally as OH-150; directions_clear last anchor OH-150 conflicts with historical-overlay last anchor OH-7. Runtime remains GPS-only.","Resolve the primary-source alias/order against the exact intended road occurrence without promoting renderer or overlay labels; only then perform waypoint, satellite, and two-direction QA."
"d8602def-c1de-44a3-a38d-2def80ac4ff3","d8602def-c1de-44a3-a38d-2def80ac4ff3","ascent--geno","GENO","Ascent","Ohio","Jefferson","1786265812046205","Geno Pad 1653 County Hwy → OH-151 → US-22 → Route 13 → Route 141 → Pad","saved_pad_gps","saved pad reference","40.276687","-80.817741","ALIAS_OR_SOURCE_ORDER_AMBIGUITY","OH-152","uncorroborated generic or conflicting alias 'Route 152' normalized provisionally as OH-152; directions_clear last anchor OH-152 conflicts with historical-overlay last anchor US-22","directions_clear","Route 22 → Route 151 → Smithfield → Route 152 (0.9 mile) → County Road 10 (1.4 miles) → Lease Road","true","ROUTED_DISPLAY","graph_receipt_ordered_prefix_then_solid_neutral_remainder","US-22","yes","1","1","HELD_TRANSITION","Named road evidence exists, but at least one exact traveled junction or occurrence receipt is unresolved.","Fail closed: uncorroborated generic or conflicting alias 'Route 152' normalized provisionally as OH-152; directions_clear last anchor OH-152 conflicts with historical-overlay last anchor US-22. Runtime remains GPS-only.","Resolve the primary-source alias/order against the exact intended road occurrence without promoting renderer or overlay labels; only then perform waypoint, satellite, and two-direction QA."
"4a24f660-f6c9-4b5b-a405-43402c41e365","4a24f660-f6c9-4b5b-a405-43402c41e365","ascent--giusto","GIUSTO","Ascent","Ohio","Jefferson","1786258360881449","US-22 E → CR-43 Exit → CR-43 → Left Fork at Y → Fernwood Rd → CR-33 → CR-26","saved_pad_gps","saved pad reference","40.346415","-80.678759","OTHER_NUMBERED_HIGHWAY_CANDIDATE","US-22","directions_clear primary order names US-22; normalized last usable approved anchor is US-22","directions_clear","US-22 E → CR-43 exit → CR-43 → left fork at Y → Fernwood Rd → CR-33 → CR-26","false","ROUTED_DISPLAY","graph_receipt_ordered_prefix_then_solid_neutral_remainder","OH-152","yes","1","0","HELD_IDENTITY","The earliest unresolved cleaned-source blocker is an exact authoritative identity/Road Manager mapping gap.","Planning candidate only: no reviewed exact-record Google Navigate contract exists on main, so runtime remains GPS-only.","Select 1-3 exact road-occurrence waypoints, confirm the final approach by satellite, prove both highway directions where practical, then add one exact-record contract with tests/accounting."
"b7e472dd-7102-494f-8114-45c124f4e2bc","b7e472dd-7102-494f-8114-45c124f4e2bc","ascent--gordon","GORDON","Ascent","Ohio","Jefferson","1787459253071652","US-22 → Steubenville St → Bloomingdale- Smithfield-chandl/high St → Fernwood Bloomingdale Rd → Dawson Rd → Lease Road","saved_pad_gps","saved pad reference","40.315718","-80.716675","ALIAS_OR_SOURCE_ORDER_AMBIGUITY","OH-152","directions_clear last anchor OH-152 conflicts with historical-overlay last anchor US-22","directions_clear","US-22 → E Steubenville St / SR-152 (0.3 mile) → Bloomingdale-Smithfield-Chandl / High St (0.2 mile) → Fernwood Bloomingdale Rd (2.3 miles) → Fernwood Bloomingdale Rd (2.3 miles) → Dawson Rd (1.1 miles) → Straight (2 miles) → Lease Road","true","ROUTED_DISPLAY","graph_evidence_receipt_missing_route_retained","US-22","no","0","0","HELD_IDENTITY","The earliest unresolved cleaned-source blocker is an exact authoritative identity/Road Manager mapping gap.","Fail closed: directions_clear last anchor OH-152 conflicts with historical-overlay last anchor US-22. Runtime remains GPS-only.","Resolve the primary-source alias/order against the exact intended road occurrence without promoting renderer or overlay labels; only then perform waypoint, satellite, and two-direction QA."
"74264915-dd02-430f-9e56-e109a5fdff58","74264915-dd02-430f-9e56-e109a5fdff58","ascent--griswold","GRISWOLD","Ascent","Ohio","Jefferson","1787459253071652","US-22 → CR-23 → Lease Road","saved_pad_gps","saved pad reference","40.31714","-80.801752","ALIAS_OR_SOURCE_ORDER_AMBIGUITY","OH-152","uncorroborated generic or conflicting alias 'Route 152' normalized provisionally as OH-152; directions_clear last anchor OH-152 conflicts with historical-overlay last anchor US-22","directions_clear","Route 22 E → Route 152 / Bloomingdale exit → CR-23 (approximately 2 miles) → Lease Road","true","ROUTED_DISPLAY","graph_receipt_ordered_prefix_then_solid_neutral_remainder","US-22","yes","4","1","HELD_TRANSITION","Named road evidence exists, but at least one exact traveled junction or occurrence receipt is unresolved.","Fail closed: uncorroborated generic or conflicting alias 'Route 152' normalized provisionally as OH-152; directions_clear last anchor OH-152 conflicts with historical-overlay last anchor US-22. Runtime remains GPS-only.","Resolve the primary-source alias/order against the exact intended road occurrence without promoting renderer or overlay labels; only then perform waypoint, satellite, and two-direction QA."
"656f5543-21fc-4b7b-a541-0497b7fab488","656f5543-21fc-4b7b-a541-0497b7fab488","ascent--grywalski","GRYWALSKI","Ascent","Ohio","Jefferson","1787459253071652","Cadiz East On St → OH-150 → CR-6 → Lease Road → OR → Bridgeport West On St → OH-150 → CR-6 → Lease Road","saved_pad_gps","saved pad reference","40.201238","-80.829907","OTHER_NUMBERED_HIGHWAY_CANDIDATE","OH-150","directions_clear 'Route 150' normalized as OH-150 and corroborated by the current exact sequence and/or main overlay","directions_clear","Route 250 E (approximately 12 miles) → Route 150 E → Ascent turnaround → Route 150 W → County Road 6 → Township Rd 8 → Lease Road","true","ROUTED_DISPLAY","graph_evidence_receipt_missing_route_retained","OH-150","no","0","0","HELD_IDENTITY","The earliest unresolved cleaned-source blocker is an exact authoritative identity/Road Manager mapping gap.","Planning candidate only: no reviewed exact-record Google Navigate contract exists on main, so runtime remains GPS-only.","Select 1-3 exact road-occurrence waypoints, confirm the final approach by satellite, prove both highway directions where practical, then add one exact-record contract with tests/accounting."
"3c3ef18f-8bca-4c97-af4e-9dce8cf8733b","3c3ef18f-8bca-4c97-af4e-9dce8cf8733b","ascent--hammock","HAMMOCK","Ascent","Ohio","Jefferson","1787459253071652","Fernwood Bloomingdale Rd → Lease Road","saved_pad_gps","saved pad reference","40.353166","-80.671297","ALIAS_OR_SOURCE_ORDER_AMBIGUITY","US-22","uncorroborated generic or conflicting alias 'Route 22' normalized provisionally as US-22","directions_clear","Route 22 → Bloomingdale exit → Light → Fernwood Bloomingdale Rd / CR-26 (2.3 miles) → Fernwood Bloomingdale Rd / CR-26 (7.3 miles) → Pad","true","PIN_ONLY","no_exact_last_interstate_us_or_state_highway","","no","0","0","HELD_IDENTITY","The earliest unresolved cleaned-source blocker is an exact authoritative identity/Road Manager mapping gap.","Fail closed: uncorroborated generic or conflicting alias 'Route 22' normalized provisionally as US-22. Runtime remains GPS-only.","Resolve the primary-source alias/order against the exact intended road occurrence without promoting renderer or overlay labels; only then perform waypoint, satellite, and two-direction QA."
"d5b3f275-6467-4a42-a7fb-f9fda6fd4448","d5b3f275-6467-4a42-a7fb-f9fda6fd4448","ascent--harr","HARR","Ascent","Ohio","Jefferson","1787459253071652","OH-1 → US-250 → OH-150 → Union St → OH-647 → Left/east On County Rd → CR-3 → OR → I-70 → Exit 220 → US-40 → US-250 → Cross St → OH-150 → Union St → OH-647 → Left/east On County Rd → CR-3","saved_pad_gps","saved pad reference","40.158999","-80.768217","OTHER_NUMBERED_HIGHWAY_CANDIDATE","OH-647","directions_clear primary order names OH-647; normalized last usable approved anchor is OH-647","directions_clear","US-250 E (12.3 miles) → OH-150 E (3.4 miles) → Union St → OH-647 S (0.8 mile) → CR-3 / Zeyer Rd (1.7 miles) → Site","true","PIN_ONLY","candidate_start_lacks_exact_master_last_highway_road_id_anchor","OH-647","no","0","0","HELD_IDENTITY","The earliest unresolved cleaned-source blocker is an exact authoritative identity/Road Manager mapping gap.","Planning candidate only: no reviewed exact-record Google Navigate contract exists on main, so runtime remains GPS-only.","Select 1-3 exact road-occurrence waypoints, confirm the final approach by satellite, prove both highway directions where practical, then add one exact-record contract with tests/accounting."
"2805772b-58c9-4a41-9c75-de5355f2904a","2805772b-58c9-4a41-9c75-de5355f2904a","ascent--howell","HOWELL","Ascent","Ohio","Jefferson","1787459253071652","OH-7 → OH-151 → OH-152 → US-22 → Pad","saved_pad_gps","saved pad reference","40.234171","-80.787957","ALIAS_OR_SOURCE_ORDER_AMBIGUITY","OH-152","directions_clear last anchor OH-152 conflicts with historical-overlay last anchor US-22","directions_clear","Route 151 / Route 152 junction in Smithfield → Route 152 S (3.5 miles) → Pad","true","ROUTED_DISPLAY","graph_receipt_ordered_prefix_then_solid_neutral_remainder","US-22","yes","1","1","HELD_TRANSITION","Named road evidence exists, but at least one exact traveled junction or occurrence receipt is unresolved.","Fail closed: directions_clear last anchor OH-152 conflicts with historical-overlay last anchor US-22. Runtime remains GPS-only.","Resolve the primary-source alias/order against the exact intended road occurrence without promoting renderer or overlay labels; only then perform waypoint, satellite, and two-direction QA."
"0d883bcc-a811-4f4d-95aa-ae9a0194f3d0","0d883bcc-a811-4f4d-95aa-ae9a0194f3d0","ascent--jack-hamilton","JACK HAMILTON","Ascent","Ohio","Jefferson","1787459253071652","OH-1 → US-22E → CR-13 → CR-12 → Township Hwy → TR-141 → Smithfield-adena Rd → 1st Cross St → TR-120","saved_pad_gps","saved pad reference","40.254676","-80.850726","OTHER_NUMBERED_HIGHWAY_CANDIDATE","US-22","directions_clear primary order names US-22; normalized last usable approved anchor is US-22","directions_clear","US-22 E → CR-13 → CR-12 (3.6 miles) → Township Hwy 141 / TR-141 (0.7 mile) → Smithfield-Adena Rd / CR-10 (0.8 mile) → TR-120 (0.8 mile)","true","ROUTED_DISPLAY","graph_receipt_ordered_prefix_then_solid_neutral_remainder","US-22","yes","1","1","HELD_IDENTITY","The earliest unresolved cleaned-source blocker is an exact authoritative identity/Road Manager mapping gap.","Planning candidate only: no reviewed exact-record Google Navigate contract exists on main, so runtime remains GPS-only.","Select 1-3 exact road-occurrence waypoints, confirm the final approach by satellite, prove both highway directions where practical, then add one exact-record contract with tests/accounting."
"672dc563-2612-47b1-a14b-0b67085318e9","672dc563-2612-47b1-a14b-0b67085318e9","ascent--jade","JADE","Ascent","Ohio","Jefferson","1787459253071652","R 150 Take County Rd → CR-15A → Pad","saved_pad_gps","saved pad reference","40.268832","-80.764032","ALIAS_OR_SOURCE_ORDER_AMBIGUITY","OH-150","uncorroborated generic or conflicting alias 'Route 150' normalized provisionally as OH-150","directions_clear","South Route 150 → CR-15A N → CR-15 → Smithfield → Pad","true","PIN_ONLY","no_exact_last_interstate_us_or_state_highway","","no","0","0","HELD_GEOMETRY","Identity/occurrence evidence is sufficient to avoid an identity hold, but exact clipped traveled geometry or the pad-specific terminal connector is not proven.","Fail closed: uncorroborated generic or conflicting alias 'Route 150' normalized provisionally as OH-150. Runtime remains GPS-only.","Resolve the primary-source alias/order against the exact intended road occurrence without promoting renderer or overlay labels; only then perform waypoint, satellite, and two-direction QA."
"83025484-8a55-4e69-a1fb-aa315a6e79f9","83025484-8a55-4e69-a1fb-aa315a6e79f9","ascent--kelpie","KELPIE","Ascent","Ohio","Jefferson","1787459253071652","OH-7 → Litter Rd → Warren Ridge → CR-16 → CR-15 → Graham Rd → Blues Run Rd → Youngs Rd → Pad","saved_pad_gps","saved pad reference","40.249923","-80.703784","ALIAS_OR_SOURCE_ORDER_AMBIGUITY","OH-150","directions_clear last anchor OH-150 conflicts with historical-overlay last anchor OH-7","directions_clear","Route 7 S → OH-150 W / Dillonvale → Litter Rd → Warren Ridge / Smithfield-Rayland Rd → CR-16 → CR-15 → Warren Ridge Rd / CR-17 → Graham Rd / CR-18 → Blues Run Rd / TWP-156 (1.5 miles) → Youngs Rd landmark → Pad entrance","true","ROUTED_DISPLAY","graph_evidence_receipt_missing_route_retained","OH-7","no","0","0","HELD_IDENTITY","The earliest unresolved cleaned-source blocker is an exact authoritative identity/Road Manager mapping gap.","Fail closed: directions_clear last anchor OH-150 conflicts with historical-overlay last anchor OH-7. Runtime remains GPS-only.","Resolve the primary-source alias/order against the exact intended road occurrence without promoting renderer or overlay labels; only then perform waypoint, satellite, and two-direction QA."
"594c10ae-9588-4f9b-80da-9053adef114d","594c10ae-9588-4f9b-80da-9053adef114d","ascent--krinke","KRINKE","Ascent","Ohio","Jefferson","1787459253071652","OH-7 → OH-7 North Take Hanover St → Zane Hwy → Carlisle St → OH-647 → Access Road → OR → US-250 → OH-150 → Market St → Union St → OH-647 → Access Road","saved_pad_gps","saved pad reference","40.166701","-80.798244","OTHER_NUMBERED_HIGHWAY_CANDIDATE","OH-647","directions_clear primary order names OH-647; normalized last usable approved anchor is OH-647","directions_clear","SR-7 N → Hanover St / OH-647 (0.2 mile) → N Zane Hwy / OH-647 (300 ft) → Carlisle St / OH-647 (0.2 mile) → OH-647 N (8.4 miles) → Access Road","true","PIN_ONLY","candidate_start_lacks_exact_master_last_highway_road_id_anchor","OH-647","no","0","0","HELD_IDENTITY","The earliest unresolved cleaned-source blocker is an exact authoritative identity/Road Manager mapping gap.","Planning candidate only: no reviewed exact-record Google Navigate contract exists on main, so runtime remains GPS-only.","Select 1-3 exact road-occurrence waypoints, confirm the final approach by satellite, prove both highway directions where practical, then add one exact-record contract with tests/accounting."
"bead73eb-9f83-4f9d-97ca-fb45b479b317","bead73eb-9f83-4f9d-97ca-fb45b479b317","ascent--lori","LORI","Ascent","Ohio","Jefferson","1787459253071652","OH-7 → CR-8 → County Hwy → CR-80 → Warren St → OR → Dillonvale To County Rd → OH-150 → Lori Pad Follow County Rd → CR-8 → TR-118 → Lease Road","saved_pad_gps","saved pad reference","40.238669","-80.771593","ALIAS_OR_SOURCE_ORDER_AMBIGUITY","OH-150","directions_clear last anchor OH-150 conflicts with historical-overlay last anchor OH-7","directions_clear","OH-7 N → OH-150 exit toward Rayland / Dillonvale → CR-80 → Warren St / OH-150 (4.8 miles) → CR-8 / Dry Fork Rd → TR-118 (0.8 mile) → TR-118 (1.5 miles) → lease road on right","true","ROUTED_DISPLAY","graph_evidence_receipt_missing_route_retained","OH-7","no","0","0","HELD_TRANSITION","Named road evidence exists, but at least one exact traveled junction or occurrence receipt is unresolved.","Fail closed: directions_clear last anchor OH-150 conflicts with historical-overlay last anchor OH-7. Runtime remains GPS-only.","Resolve the primary-source alias/order against the exact intended road occurrence without promoting renderer or overlay labels; only then perform waypoint, satellite, and two-direction QA."
"638487d0-2ef4-4e5c-8a16-cbb478c490c6","638487d0-2ef4-4e5c-8a16-cbb478c490c6","ascent--marquard","MARQUARD","Ascent","Ohio","Jefferson","1787459253071652","OH-150 → Access Road","saved_pad_gps","saved pad reference","40.190145","-80.798772","OTHER_NUMBERED_HIGHWAY_CANDIDATE","OH-150","directions_clear 'Route 150' normalized as OH-150 and corroborated by the current exact sequence and/or main overlay","directions_clear","Route 250 → Route 150 E → TR-107A → Access Road → Marquard behind Elite pad","true","ROUTED_DISPLAY","graph_receipt_ordered_prefix_then_solid_neutral_remainder","OH-150","yes","4","1","HELD_IDENTITY","The earliest unresolved cleaned-source blocker is an exact authoritative identity/Road Manager mapping gap.","Planning candidate only: no reviewed exact-record Google Navigate contract exists on main, so runtime remains GPS-only.","Select 1-3 exact road-occurrence waypoints, confirm the final approach by satellite, prove both highway directions where practical, then add one exact-record contract with tests/accounting."
"9d90b16d-f53f-4d50-9fc6-e3c045d2580c","9d90b16d-f53f-4d50-9fc6-e3c045d2580c","ascent--mingo","MINGO","Ascent","Ohio","Jefferson","1787459253071652","OH-1 → OH-152 → Steubenville St → Bloomingdale-smithfield-chandl/high St → Fernwood Bloomingdale Rd → Pad","saved_pad_gps","saved pad reference","40.323879","-80.745448","OTHER_NUMBERED_HIGHWAY_CANDIDATE","OH-152","directions_clear primary order names OH-152; normalized last usable approved anchor is OH-152","directions_clear","OH-152 S (0.1 mile) → E Steubenville St (0.4 mile) → Bloomingdale-Smithfield-Chandl / High St (0.2 mile) → Fernwood Bloomingdale Rd (2.3 miles) → Fernwood Bloomingdale Rd (2.5 miles) → Pad","true","ROUTED_DISPLAY","graph_receipt_ordered_prefix_then_solid_neutral_remainder","OH-152","yes","2","2","HELD_IDENTITY","The earliest unresolved cleaned-source blocker is an exact authoritative identity/Road Manager mapping gap.","Planning candidate only: no reviewed exact-record Google Navigate contract exists on main, so runtime remains GPS-only.","Select 1-3 exact road-occurrence waypoints, confirm the final approach by satellite, prove both highway directions where practical, then add one exact-record contract with tests/accounting."
"f48d9979-961a-456c-a2a6-af18dfea0845","f48d9979-961a-456c-a2a6-af18dfea0845","ascent--noelle","NOELLE","Ascent","Ohio","Jefferson","1787459253071652","US-22 → CR-23 → CR-26 → OH-26 → CR-33 → Lease Road","saved_pad_gps","saved pad reference","40.362018","-80.716719","ALIAS_OR_SOURCE_ORDER_AMBIGUITY","US-22","directions_clear last anchor US-22 conflicts with historical-overlay last anchor OH-26","directions_clear","Route 22 → Bloomingdale exit → CR-23 / High St → CR-26 → CR-26 at 25/26 split → Fernwood Forest → CR-26 → CR-33 → Lease Road","true","PIN_ONLY","candidate_start_exceeds_25_air_miles_from_destination","OH-26","no","0","0","HELD_TRANSITION","Named road evidence exists, but at least one exact traveled junction or occurrence receipt is unresolved.","Fail closed: directions_clear last anchor US-22 conflicts with historical-overlay last anchor OH-26. Runtime remains GPS-only.","Resolve the primary-source alias/order against the exact intended road occurrence without promoting renderer or overlay labels; only then perform waypoint, satellite, and two-direction QA."
"dc080ad5-27c3-44e9-b4ed-65d19a68cafa","dc080ad5-27c3-44e9-b4ed-65d19a68cafa","ascent--nolan","NOLAN","Ascent","Ohio","Jefferson","1787459253071652","OH-1 → US-22 → Steubenville St → Bloomingdale- Smithfield-chandl/high St → Fernwood Bloomingdale Rd → Lake Betsy Rd → Pad","saved_pad_gps","saved pad reference","40.308658","-80.755504","ALIAS_OR_SOURCE_ORDER_AMBIGUITY","OH-152","directions_clear last anchor OH-152 conflicts with historical-overlay last anchor US-22","directions_clear","US-22 → E Steubenville St / SR-152 (0.3 mile) → Bloomingdale-Smithfield-Chandl / High St (0.2 mile) → Fernwood Bloomingdale Rd (2.3 miles) → Fernwood Bloomingdale Rd (2.3 miles) → Lake Betsy Rd / 189 (1.5 miles) → Pad","true","ROUTED_DISPLAY","graph_evidence_receipt_missing_route_retained","US-22","no","0","0","HELD_IDENTITY","The earliest unresolved cleaned-source blocker is an exact authoritative identity/Road Manager mapping gap.","Fail closed: directions_clear last anchor OH-152 conflicts with historical-overlay last anchor US-22. Runtime remains GPS-only.","Resolve the primary-source alias/order against the exact intended road occurrence without promoting renderer or overlay labels; only then perform waypoint, satellite, and two-direction QA."
"5428a3b7-c17a-4dd2-9cd9-c0ce3b19a605","5428a3b7-c17a-4dd2-9cd9-c0ce3b19a605","ascent--omaits","OMAITS","Ascent","Ohio","Jefferson","1787459253071652","OH-150 → Co Rd → Route 10 → Lease Road → OR → OH-152 → CR-10 → Pad","saved_pad_gps","saved pad reference","40.269755","-80.790909","ALIAS_OR_SOURCE_ORDER_AMBIGUITY","OH-152","directions_clear last anchor OH-152 conflicts with historical-overlay last anchor OH-150","directions_clear","Route 7 → Route 150 / Rayland exit → Route 150 → SR-152 → County Road 10 → Lease Road","true","ROUTED_DISPLAY","graph_receipt_ordered_prefix_then_solid_neutral_remainder","OH-150","yes","1","1","HELD_TRANSITION","Named road evidence exists, but at least one exact traveled junction or occurrence receipt is unresolved.","Fail closed: directions_clear last anchor OH-152 conflicts with historical-overlay last anchor OH-150. Runtime remains GPS-only.","Resolve the primary-source alias/order against the exact intended road occurrence without promoting renderer or overlay labels; only then perform waypoint, satellite, and two-direction QA."
"2f7f37b4-c4d6-48df-b670-4abd114465e2","2f7f37b4-c4d6-48df-b670-4abd114465e2","ascent--packer","PACKER","Ascent","Ohio","Jefferson","1786265812046205","US-22 → OH-519 / Stumptown Rd → US-250 → Pad","saved_pad_gps","saved pad reference","40.17684","-80.86321","OTHER_NUMBERED_HIGHWAY_CANDIDATE","US-250","directions_clear primary order names US-250; normalized last usable approved anchor is US-250","directions_clear","US-22 E → OH-519 / Stumptown Rd E → US-250 E → Packer pad","true","PIN_ONLY","candidate_start_lacks_exact_master_last_highway_road_id_anchor","US-250","no","0","0","HELD_TRANSITION","Named road evidence exists, but at least one exact traveled junction or occurrence receipt is unresolved.","Planning candidate only: no reviewed exact-record Google Navigate contract exists on main, so runtime remains GPS-only.","Select 1-3 exact road-occurrence waypoints, confirm the final approach by satellite, prove both highway directions where practical, then add one exact-record contract with tests/accounting."
"9d48f5ed-d2fb-4dbd-9b43-f4cc3adb719c","9d48f5ed-d2fb-4dbd-9b43-f4cc3adb719c","ascent--patriot","PATRIOT","Ascent","Ohio","Jefferson","1787459253071652","OH-7 → OH-151 → Cool Spring Rd → Access","saved_pad_gps","saved pad reference","40.300765","-80.644606","OTHER_NUMBERED_HIGHWAY_CANDIDATE","OH-151","directions_clear 'Route 151' normalized as OH-151 and corroborated by the current exact sequence and/or main overlay","directions_clear","Route 7 → Route 151 W / New Alexandria exit (1.5 miles) → Cool Spring Rd (0.8 mile) → Pad access","true","ROUTED_DISPLAY","graph_receipt_ordered_prefix_then_solid_neutral_remainder","OH-151","yes","1","1","HELD_IDENTITY","The earliest unresolved cleaned-source blocker is an exact authoritative identity/Road Manager mapping gap.","Planning candidate only: no reviewed exact-record Google Navigate contract exists on main, so runtime remains GPS-only.","Select 1-3 exact road-occurrence waypoints, confirm the final approach by satellite, prove both highway directions where practical, then add one exact-record contract with tests/accounting."
"874fc5f7-fa3c-4efd-8462-efe9e97b2a2f","874fc5f7-fa3c-4efd-8462-efe9e97b2a2f","ascent--pearl","PEARL","Ascent","Ohio","Jefferson","1786265812046205","OH-151 → 19/main St → Route 19 → Lease Road","saved_pad_gps","saved pad reference","40.272776","-80.632975","OTHER_NUMBERED_HIGHWAY_CANDIDATE","OH-151","directions_clear 'Route 151' normalized as OH-151 and corroborated by the current exact sequence and/or main overlay","directions_clear","Route 7 → Route 151 → New Alexandria → Route 19 / Main St → Lease Road","true","ROUTED_DISPLAY","graph_receipt_ordered_prefix_then_solid_neutral_remainder","OH-151","yes","1","1","HELD_IDENTITY","The earliest unresolved cleaned-source blocker is an exact authoritative identity/Road Manager mapping gap.","Planning candidate only: no reviewed exact-record Google Navigate contract exists on main, so runtime remains GPS-only.","Select 1-3 exact road-occurrence waypoints, confirm the final approach by satellite, prove both highway directions where practical, then add one exact-record contract with tests/accounting."
"887512e9-c56f-4357-940c-fd3570f7306a","887512e9-c56f-4357-940c-fd3570f7306a","ascent--phillips","PHILLIPS","Ascent","Ohio","Jefferson","1787459253071652","US-250 → OH-150 → Lease Road","saved_pad_gps","saved pad reference","40.1649","-80.84443","OTHER_NUMBERED_HIGHWAY_CANDIDATE","OH-150","directions_clear 'Route 150' normalized as OH-150 and corroborated by the current exact sequence and/or main overlay","directions_clear","US-250 E → Harrisville → stay on US-250 past Route 150 E split → Storage-unit landmark → Lease Road","true","ROUTED_DISPLAY","graph_receipt_ordered_prefix_then_solid_neutral_remainder","OH-150","yes","1","1","HELD_GEOMETRY","Identity/occurrence evidence is sufficient to avoid an identity hold, but exact clipped traveled geometry or the pad-specific terminal connector is not proven.","Planning candidate only: no reviewed exact-record Google Navigate contract exists on main, so runtime remains GPS-only.","Select 1-3 exact road-occurrence waypoints, confirm the final approach by satellite, prove both highway directions where practical, then add one exact-record contract with tests/accounting."
"23d9d5c1-fe94-4b27-81cf-7e981182c933","23d9d5c1-fe94-4b27-81cf-7e981182c933","ascent--piergallini","PIERGALLINI","Ascent","Ohio","Jefferson","1787459253071652","OH-43 → OH-7 → OH-151 → OH-152 → C R 10/smithfield- Adena Rd → OR → I-70 → I-470 → Exit 6 → OH-7 → OH-150 → OH-152 → C R 10/smithfield- Adena Rd","saved_pad_gps","saved pad reference","40.270236","-80.815011","OTHER_NUMBERED_HIGHWAY_CANDIDATE","OH-152","directions_clear primary order names OH-152; normalized last usable approved anchor is OH-152","directions_clear","OH-43 S (1.4 miles) → OH-7 S (4.6 miles) → OH-151 exit → OH-151 W (9.7 miles) → OH-152 (0.9 mile) → CR-10 / Smithfield-Adena Rd (1.4 miles) → Entrance","true","ROUTED_DISPLAY","graph_evidence_receipt_missing_route_retained","OH-152","no","0","0","HELD_TRANSITION","Named road evidence exists, but at least one exact traveled junction or occurrence receipt is unresolved.","Planning candidate only: no reviewed exact-record Google Navigate contract exists on main, so runtime remains GPS-only.","Select 1-3 exact road-occurrence waypoints, confirm the final approach by satellite, prove both highway directions where practical, then add one exact-record contract with tests/accounting."
"a6c3b68e-4f85-4b1d-9f2c-897fa14a36b5","a6c3b68e-4f85-4b1d-9f2c-897fa14a36b5","ascent--porco","PORCO","Ascent","Ohio","Jefferson","1787459253071652","R 150 Take County Rd → CR-15A → Pat Is On County Rd → Route 15 → CR-114 → OH-7 → Pad","saved_pad_gps","saved pad reference","40.219548","-80.73759","ALIAS_OR_SOURCE_ORDER_AMBIGUITY","OH-150","uncorroborated generic or conflicting alias 'Route 150' normalized provisionally as OH-150; directions_clear last anchor OH-150 conflicts with historical-overlay last anchor OH-7","directions_clear","Route 150 → CR-15A North → CR-15 toward Smithfield (about 3–4 miles) → Pad","true","ROUTED_DISPLAY","graph_evidence_receipt_missing_route_retained","OH-7","no","0","0","HELD_GEOMETRY","Identity/occurrence evidence is sufficient to avoid an identity hold, but exact clipped traveled geometry or the pad-specific terminal connector is not proven.","Fail closed: uncorroborated generic or conflicting alias 'Route 150' normalized provisionally as OH-150; directions_clear last anchor OH-150 conflicts with historical-overlay last anchor OH-7. Runtime remains GPS-only.","Resolve the primary-source alias/order against the exact intended road occurrence without promoting renderer or overlay labels; only then perform waypoint, satellite, and two-direction QA."
"ce1bff99-9c64-435e-a517-e5b8f1a102b7","ce1bff99-9c64-435e-a517-e5b8f1a102b7","ascent--puggle","PUGGLE","Ascent","Ohio","Jefferson","1787459253071652","US-22 → CR-23 → CR-26 → Pad","saved_pad_gps","saved pad reference","40.318098","-80.774283","OTHER_NUMBERED_HIGHWAY_CANDIDATE","US-22","directions_clear 'Route 22' normalized as US-22 and corroborated by the current exact sequence and/or main overlay","directions_clear","Route 22 → Bloomingdale exit → CR-23 (0.2 mile) → CR-26 → CR-25 (approximately 1 mile) → NAC B / Puggle pad","true","ROUTED_DISPLAY","graph_receipt_ordered_prefix_then_solid_neutral_remainder","US-22","yes","4","1","HELD_TRANSITION","Named road evidence exists, but at least one exact traveled junction or occurrence receipt is unresolved.","Planning candidate only: no reviewed exact-record Google Navigate contract exists on main, so runtime remains GPS-only.","Select 1-3 exact road-occurrence waypoints, confirm the final approach by satellite, prove both highway directions where practical, then add one exact-record contract with tests/accounting."
"fb3dc329-db70-482a-b3d4-8d6f43e4ef57","fb3dc329-db70-482a-b3d4-8d6f43e4ef57","ascent--rector","RECTOR","Ascent","Ohio","Jefferson","1787459253071652","US-250 → OH-150 / Township Rd → TR-128 → Pad","saved_pad_gps","saved pad reference","40.186799","-80.860696","ALIAS_OR_SOURCE_ORDER_AMBIGUITY","OH-150","directions_clear last anchor OH-150 conflicts with historical-overlay last anchor US-250","directions_clear","OH-150 E (0.9 mile) → TR-128 (1.1 miles) → Rector pad","true","PIN_ONLY","candidate_start_lacks_exact_master_last_highway_road_id_anchor","US-250","no","0","0","HELD_TRANSITION","Named road evidence exists, but at least one exact traveled junction or occurrence receipt is unresolved.","Fail closed: directions_clear last anchor OH-150 conflicts with historical-overlay last anchor US-250. Runtime remains GPS-only.","Resolve the primary-source alias/order against the exact intended road occurrence without promoting renderer or overlay labels; only then perform waypoint, satellite, and two-direction QA."
"54bbef2d-fc87-4a33-b999-1fec24fc3c62","54bbef2d-fc87-4a33-b999-1fec24fc3c62","ascent--riley","RILEY","Ascent","Ohio","Jefferson","1786246617744175","US-250 → OH-150 → Pleasant Grove Rd → Access Road → OR → OH-152 → OR → OH-150 → Smithfield St → Main St → Concord St → Union St → Market St → Pleasant Grove Rd → Access Road → OR → R 7 Take Hanover St → Zane Hwy → Carlisle St → OH-647 → Union St → Market St → OH-150 → Pleasant Grove Rd → Access Road","official_pad_reference","official pad reference","40.167109","-80.821194","OTHER_NUMBERED_HIGHWAY_CANDIDATE","OH-150","directions_clear primary order names OH-150; normalized last usable approved anchor is OH-150","directions_clear","US-250 E (1.8 miles) → OH-150 E (2.1 miles) → Pleasant Grove Rd (0.2 mile) → Colaianni Access Rd → TR-103 (0.25 mile) → Access Road","true","PIN_ONLY","no_exact_last_interstate_us_or_state_highway","","no","0","0","HELD_IDENTITY","The earliest unresolved cleaned-source blocker is an exact authoritative identity/Road Manager mapping gap.","Planning candidate only: no reviewed exact-record Google Navigate contract exists on main, so runtime remains GPS-only.","Select 1-3 exact road-occurrence waypoints, confirm the final approach by satellite, prove both highway directions where practical, then add one exact-record contract with tests/accounting."
"5c979547-7519-41b8-9e08-62f5f330fbb6","5c979547-7519-41b8-9e08-62f5f330fbb6","ascent--ronald","RONALD","Ascent","Ohio","Jefferson","1787459253071652","OH-1 → US-22E → CR-13 / County Rd → CR-12 → Township Hwy → TR-141 → Smithfield-adena Rd → 1st Cross St → TR-120 → Route 120 → Lease Road","saved_pad_gps","saved pad reference","40.241391","-80.817798","OTHER_NUMBERED_HIGHWAY_CANDIDATE","US-22","directions_clear primary order names US-22; normalized last usable approved anchor is US-22","directions_clear","US-22 E → CR-13 → CR-12 (3.6 miles) → Township Hwy 141 / TR-141 (0.7 mile) → Smithfield-Adena Rd / CR-10 (0.8 mile) → TR-120 → approximately 1.3 miles → saved Route 120 turn → approximately 1.6 miles → Lease Road","true","ROUTED_DISPLAY","graph_receipt_ordered_prefix_then_solid_neutral_remainder","US-22","yes","1","1","HELD_IDENTITY","The earliest unresolved cleaned-source blocker is an exact authoritative identity/Road Manager mapping gap.","Planning candidate only: no reviewed exact-record Google Navigate contract exists on main, so runtime remains GPS-only.","Select 1-3 exact road-occurrence waypoints, confirm the final approach by satellite, prove both highway directions where practical, then add one exact-record contract with tests/accounting."
"d7eb406a-8744-4cd3-bb2c-86d3c922669d","d7eb406a-8744-4cd3-bb2c-86d3c922669d","ascent--roxy","ROXY","Ascent","Ohio","Jefferson","1787459253071652","Bloomingdale Fernwood-bloomingdale Rd → OH-26 → Pad","saved_pad_gps","saved pad reference","40.324793","-80.747144","ALIAS_OR_SOURCE_ORDER_AMBIGUITY","US-22","uncorroborated generic or conflicting alias 'Route 22' normalized provisionally as US-22; directions_clear last anchor US-22 conflicts with historical-overlay last anchor OH-26","directions_clear","Route 22 → Bloomingdale → Fernwood-Bloomingdale Rd / 26 → 26 / 184 split → stay on 26 → Pad","true","PIN_ONLY","candidate_start_exceeds_25_air_miles_from_destination","OH-26","no","0","0","HELD_IDENTITY","The earliest unresolved cleaned-source blocker is an exact authoritative identity/Road Manager mapping gap.","Fail closed: uncorroborated generic or conflicting alias 'Route 22' normalized provisionally as US-22; directions_clear last anchor US-22 conflicts with historical-overlay last anchor OH-26. Runtime remains GPS-only.","Resolve the primary-source alias/order against the exact intended road occurrence without promoting renderer or overlay labels; only then perform waypoint, satellite, and two-direction QA."
"bbd05a00-7125-49ca-9496-30ab857874b4","bbd05a00-7125-49ca-9496-30ab857874b4","ascent--satori","SATORI","Ascent","Ohio","Jefferson","1787459253071652","OH-151 → OH-7 → Whitton Rd → Ascent Signs On Plum Rd → Pad","saved_pad_gps","saved pad reference","40.262247","-80.734851","ALIAS_OR_SOURCE_ORDER_AMBIGUITY","OH-151","directions_clear last anchor OH-151 conflicts with historical-overlay last anchor OH-7","directions_clear","SR-7 → Route 151 W (7.4 miles) → Whitton Rd → Plum Rd / Ascent signs → Pad","true","ROUTED_DISPLAY","graph_evidence_receipt_missing_route_retained","OH-7","no","0","0","HELD_IDENTITY","The earliest unresolved cleaned-source blocker is an exact authoritative identity/Road Manager mapping gap.","Fail closed: directions_clear last anchor OH-151 conflicts with historical-overlay last anchor OH-7. Runtime remains GPS-only.","Resolve the primary-source alias/order against the exact intended road occurrence without promoting renderer or overlay labels; only then perform waypoint, satellite, and two-direction QA."
"229679a2-1711-419d-8b9f-089978c9f5cf","229679a2-1711-419d-8b9f-089978c9f5cf","ascent--smithfield","SMITHFIELD","Ascent","Ohio","Jefferson","1787459253071652","US-22 → Harrison County Rd → Township Hwy → Smithfield-adena Rd → Main Rd → Lease Road","saved_pad_gps","saved pad reference","40.234965","-80.841444","OTHER_NUMBERED_HIGHWAY_CANDIDATE","US-22","directions_clear primary order names US-22; normalized last usable approved anchor is US-22","directions_clear","US-22 W (17.0 miles) → CR-13 (3.3 miles) → Harrison County Rd 12 / Unionvale Rd (3.6 miles) → Township Hwy 141 (0.7 mile) → Smithfield-Adena Rd / CR-10 (2.0 miles) → Short Creek Sportsman Club → Gate → Main road → Lease Road","true","ROUTED_DISPLAY","graph_receipt_ordered_prefix_then_solid_neutral_remainder","US-22","yes","1","1","HELD_IDENTITY","The earliest unresolved cleaned-source blocker is an exact authoritative identity/Road Manager mapping gap.","Planning candidate only: no reviewed exact-record Google Navigate contract exists on main, so runtime remains GPS-only.","Select 1-3 exact road-occurrence waypoints, confirm the final approach by satellite, prove both highway directions where practical, then add one exact-record contract with tests/accounting."
"78b91045-a2ee-42f5-a008-5bb7eb66777a","78b91045-a2ee-42f5-a008-5bb7eb66777a","ascent--sport","SPORT","Ascent","Ohio","Jefferson","1787459253071652","US-22 → OH-152 → Route 23 → OH-26 → Lease Road","saved_pad_gps","saved pad reference","40.325738","-80.773014","ALIAS_OR_SOURCE_ORDER_AMBIGUITY","OH-152","directions_clear last anchor OH-152 conflicts with historical-overlay last anchor OH-26","directions_clear","Route 22 → Route 152 → Route 23 → Route 26 → Route 26 → Lease Road","true","PIN_ONLY","candidate_start_exceeds_25_air_miles_from_destination","OH-26","no","0","0","HELD_TRANSITION","Named road evidence exists, but at least one exact traveled junction or occurrence receipt is unresolved.","Fail closed: directions_clear last anchor OH-152 conflicts with historical-overlay last anchor OH-26. Runtime remains GPS-only.","Resolve the primary-source alias/order against the exact intended road occurrence without promoting renderer or overlay labels; only then perform waypoint, satellite, and two-direction QA."
"5b8d00dc-1814-4a38-bda9-1e9d6f1b7ced","5b8d00dc-1814-4a38-bda9-1e9d6f1b7ced","ascent--stone","STONE","Ascent","Ohio","Jefferson","1787459253071652","Northeast On Us-22/cadiz- Steubenville Rd → US-22 → Steubenville Rd → Fernwood-bloomingdale Rd → OR → Pad → OR → US-22 → Steubenville Rd → Fernwood-bloomingdale Rd → OR → Lease Road","saved_pad_gps","saved pad reference","40.347579","-80.690543","ALIAS_OR_SOURCE_ORDER_AMBIGUITY","OH-152","directions_clear last anchor OH-152 conflicts with historical-overlay last anchor US-22","directions_clear","US-22 / Cadiz-Steubenville Rd NE (11.6 miles) → OH-152 exit → E Steubenville Rd S (0.3 mile) → High St / Bloomingdale-Smithfield-Chandler Rd (0.1 mile) → Fernwood-Bloomingdale Rd / CR-26 (2.2 miles) → CR-26 continuation → Residential area (approximately 2.5 miles) → Pad","true","ROUTED_DISPLAY","graph_receipt_ordered_prefix_then_solid_neutral_remainder","US-22","yes","4","1","HELD_IDENTITY","The earliest unresolved cleaned-source blocker is an exact authoritative identity/Road Manager mapping gap.","Fail closed: directions_clear last anchor OH-152 conflicts with historical-overlay last anchor US-22. Runtime remains GPS-only.","Resolve the primary-source alias/order against the exact intended road occurrence without promoting renderer or overlay labels; only then perform waypoint, satellite, and two-direction QA."
"20f3a681-598a-4e42-87c4-915e68cca777","20f3a681-598a-4e42-87c4-915e68cca777","ascent--tanner","TANNER","Ascent","Ohio","Jefferson","1786265812046205","Route 23 → OH-26 → Lease Road","saved_pad_gps","saved pad reference","40.346529","-80.812857","ALIAS_OR_SOURCE_ORDER_AMBIGUITY","OH-152","uncorroborated generic or conflicting alias 'Route 152' normalized provisionally as OH-152; directions_clear last anchor OH-152 conflicts with historical-overlay last anchor OH-26","directions_clear","Route 22 E → Route 152 exit → Route 23 → Route 26 → Lease Road","true","PIN_ONLY","candidate_start_exceeds_25_air_miles_from_destination","OH-26","no","0","0","HELD_TRANSITION","Named road evidence exists, but at least one exact traveled junction or occurrence receipt is unresolved.","Fail closed: uncorroborated generic or conflicting alias 'Route 152' normalized provisionally as OH-152; directions_clear last anchor OH-152 conflicts with historical-overlay last anchor OH-26. Runtime remains GPS-only.","Resolve the primary-source alias/order against the exact intended road occurrence without promoting renderer or overlay labels; only then perform waypoint, satellite, and two-direction QA."
"7eb68543-476e-4da6-a575-b11f1a2702ee","7eb68543-476e-4da6-a575-b11f1a2702ee","ascent--thompson","THOMPSON","Ascent","Ohio","Jefferson","1787459253071652","OH-151 → OH-152 → Main St → CR-10 / Smithfield Adena Rd → Lease Road","saved_pad_gps","saved pad reference","40.276893","-80.830242","OTHER_NUMBERED_HIGHWAY_CANDIDATE","OH-152","directions_clear 'Route 152' normalized as OH-152 and corroborated by the current exact sequence and/or main overlay","directions_clear","Route 22 W → Route 151 E (10.3 miles) → Route 152 / S Main St (0.9 mile) → CR-10 / Smithfield-Adena Rd (1.9 miles) → TR-139 / Anthony Mine Rd (0.02 mile) → Lease Road","true","ROUTED_DISPLAY","graph_evidence_receipt_missing_route_retained","OH-152","no","0","0","HELD_IDENTITY","The earliest unresolved cleaned-source blocker is an exact authoritative identity/Road Manager mapping gap.","Planning candidate only: no reviewed exact-record Google Navigate contract exists on main, so runtime remains GPS-only.","Select 1-3 exact road-occurrence waypoints, confirm the final approach by satellite, prove both highway directions where practical, then add one exact-record contract with tests/accounting."
"e1078190-1832-4c54-a825-bf053959f84b","e1078190-1832-4c54-a825-bf053959f84b","ascent--vincent","VINCENT","Ascent","Ohio","Jefferson","1787459253071652","OH-7 → OH-150 → Pleasant Grove Rd → CR-5 → Access Road","saved_pad_gps","saved pad reference","40.169304","-80.827132","OTHER_NUMBERED_HIGHWAY_CANDIDATE","OH-150","directions_clear primary order names OH-150; normalized last usable approved anchor is OH-150","directions_clear","Route 7 S → OH-150 W → Mount Pleasant → OH-150 (1.4 miles) → Pleasant Grove Rd / Jefferson CR-5 (0.2 mile) → Access Road","true","ROUTED_DISPLAY","graph_receipt_ordered_prefix_then_solid_neutral_remainder","OH-150","yes","1","1","HELD_TRANSITION","Named road evidence exists, but at least one exact traveled junction or occurrence receipt is unresolved.","Planning candidate only: no reviewed exact-record Google Navigate contract exists on main, so runtime remains GPS-only.","Select 1-3 exact road-occurrence waypoints, confirm the final approach by satellite, prove both highway directions where practical, then add one exact-record contract with tests/accounting."
"6f21fcf3-eceb-4748-884b-c1930c42014e","6f21fcf3-eceb-4748-884b-c1930c42014e","ascent--wilma","WILMA","Ascent","Ohio","Jefferson","1787459253071652","US-250 → OH-150 → OH-647 → Left/east Onto County Rd → CR-1A → 1a Continue On County Rd → Turning Onto County Rd","saved_pad_gps","saved pad reference","40.17523","-80.75489","OTHER_NUMBERED_HIGHWAY_CANDIDATE","OH-647","directions_clear primary order names SR-647; normalized last usable approved anchor is OH-647","directions_clear","US-250 E (12.3 miles) → SR-150 E (3.76 miles) → SR-647 (0.5 mile) → CR-1A (2.3 miles) → Well site entrance","true","PIN_ONLY","candidate_start_lacks_exact_master_last_highway_road_id_anchor","OH-647","no","0","0","HELD_IDENTITY","The earliest unresolved cleaned-source blocker is an exact authoritative identity/Road Manager mapping gap.","Planning candidate only: no reviewed exact-record Google Navigate contract exists on main, so runtime remains GPS-only.","Select 1-3 exact road-occurrence waypoints, confirm the final approach by satellite, prove both highway directions where practical, then add one exact-record contract with tests/accounting."
"83801edc-0a49-443b-89c6-1358bcbcc05f","83801edc-0a49-443b-89c6-1358bcbcc05f","ascent--zeds","ZEDS","Ascent","Ohio","Jefferson","1787459253071652","CR-1A → Mathews Lane/township Rd → Pad","saved_pad_gps","saved pad reference","40.188171","-80.781848","NO_USABLE_NUMBERED_HIGHWAY_ANCHOR","","No non-saved Interstate, U.S., or Ohio state-route anchor can be selected from the authoritative current directions without guessing.","directions_clear","Saved Route 647 approach → CR-1A → County Road 1 → Mathews Ln / TR-106 (0.5 mile) → Pad","true","PIN_ONLY","no_exact_last_interstate_us_or_state_highway","","no","0","0","HELD_IDENTITY","The earliest unresolved cleaned-source blocker is an exact authoritative identity/Road Manager mapping gap.","Fail closed: the authoritative card has no usable Interstate, U.S., or Ohio state-route handoff anchor. Runtime remains pin-only/GPS-only.","Stay GPS-only/pin-only unless a later authoritative current card supplies a usable numbered-highway anchor."
"8e0cd36e-2f51-418a-a61e-8828ef364ead","8e0cd36e-2f51-418a-a61e-8828ef364ead","ascent--zimnox","ZIMNOX","Ascent","Ohio","Jefferson","1787459253071652","OH-7 → OR → OH-151 → Lease Road → OR → OH-22 → OH-151 → Lease Road","saved_pad_gps","saved pad reference","40.274498","-80.682359","ALIAS_OR_SOURCE_ORDER_AMBIGUITY","OH-151","directions_clear last anchor OH-151 conflicts with historical-overlay last anchor OH-7","directions_clear","Route 7 → Route 151 / New Alexandria exit → Township Rd 162 (4.1 miles from exit) → approximately 1 mile → Lease Road","true","ROUTED_DISPLAY","graph_evidence_receipt_missing_route_retained","OH-7","no","0","0","HELD_IDENTITY","The earliest unresolved cleaned-source blocker is an exact authoritative identity/Road Manager mapping gap.","Fail closed: directions_clear last anchor OH-151 conflicts with historical-overlay last anchor OH-7. Runtime remains GPS-only.","Resolve the primary-source alias/order against the exact intended road occurrence without promoting renderer or overlay labels; only then perform waypoint, satellite, and two-direction QA."
"314652b0-0abb-47cb-a263-88ca23582144","314652b0-0abb-47cb-a263-88ca23582144","ascent--monroe-north","MONROE NORTH","Ascent","Ohio","Monroe","1787459253071652","I-70E → I-470 → Exit 6 → OH-7 → Krebbs Hill Rd","saved_pad_gps","saved pad reference","39.822655","-80.851694","CLEAN_DIRECT_I70_CANDIDATE","OH-7","directions_clear primary order begins with I-70 normalized as I-70; last usable approved numbered-highway anchor is OH-7","directions_clear","I-70 E → Route 470 E → Exit 6 / Route 7 S (20.6 miles) → Krebbs Hill Rd (1.4 miles) → Krebbs Hill Rd → TR-910 (0.5 mile) → Lease Road","true","ROUTED_DISPLAY","graph_receipt_ordered_prefix_then_solid_neutral_remainder","OH-7","yes","1","1","HELD_IDENTITY","The earliest unresolved cleaned-source blocker is an exact authoritative identity/Road Manager mapping gap.","Planning candidate only: no reviewed exact-record Google Navigate contract exists on main, so runtime remains GPS-only.","Select 1-3 exact road-occurrence waypoints, confirm the final approach by satellite, prove both I-70 directions in Google step detail, then add one exact-record contract with tests/accounting."
"0f848006-4c09-4c7f-b9f2-4743d5ccd37f","0f848006-4c09-4c7f-b9f2-4743d5ccd37f","ascent--alabaster","ALABASTER","Ascent","Ohio","Noble","1786258360881449","I-77 → Exit 25 → OH-78 → Bean Ridge Rd / CR-54 → Curtis Ridge Rd / TR-233 → Buckingham Rd / TR-232 → Lease Road","verified_driver_entrance","verified driver entrance","39.753932","-81.340877","OTHER_NUMBERED_HIGHWAY_CANDIDATE","OH-78","directions_clear primary order names OH-78; normalized last usable approved anchor is OH-78","directions_clear","I-77 → Exit 25 → OH-78 E (14 miles) → Bean Ridge Rd / CR-54 (2.1 miles) → Curtis Ridge Rd / TR-233 (0.5 mile) → Buckingham Rd / TR-232 (1.4 miles) → Lease Road","true","ROUTED_DISPLAY","graph_receipt_ordered_prefix_then_solid_neutral_remainder","OH-78","yes","6","2","HELD_TRANSITION","Named road evidence exists, but at least one exact traveled junction or occurrence receipt is unresolved.","Planning candidate only: no reviewed exact-record Google Navigate contract exists on main, so runtime remains GPS-only.","Select 1-3 exact road-occurrence waypoints, confirm the final approach by satellite, prove both highway directions where practical, then add one exact-record contract with tests/accounting."
"f3a32567-5af8-4c03-be12-f43cda54f45f","f3a32567-5af8-4c03-be12-f43cda54f45f","ascent--billy-sherman","BILLY SHERMAN","Ascent","Ohio","Noble","1786265812046205","I-77 → OH-215 → OH-147 → CR-25 → Pad","saved_pad_gps","saved pad reference","39.850171","-81.398778","OTHER_NUMBERED_HIGHWAY_CANDIDATE","OH-147","directions_clear 'Route 147' normalized as OH-147 and corroborated by the current exact sequence and/or main overlay","directions_clear","Route 77 S → Route 215 N → Route 147 → CR-25 at Mount Ephraim (approximately 1 mile) → Pad","true","ROUTED_DISPLAY","graph_receipt_ordered_prefix_then_solid_neutral_remainder","OH-147","yes","5","2","HELD_TRANSITION","Named road evidence exists, but at least one exact traveled junction or occurrence receipt is unresolved.","Planning candidate only: no reviewed exact-record Google Navigate contract exists on main, so runtime remains GPS-only.","Select 1-3 exact road-occurrence waypoints, confirm the final approach by satellite, prove both highway directions where practical, then add one exact-record contract with tests/accounting."
"5bcdb090-5758-48e0-911e-638f8dec5a35","5bcdb090-5758-48e0-911e-638f8dec5a35","ascent--debaser","DEBASER","Ascent","Ohio","Noble","1786265812046205","I-77 → Exit 28 → OH-821 → OH-215 → OH-147 → OH-146 → Fredericksdale Rd → Lease Road","saved_pad_gps","saved pad reference","39.797375","-81.428418","OTHER_NUMBERED_HIGHWAY_CANDIDATE","OH-146","directions_clear 'Route 146' normalized as OH-146 and corroborated by the current exact sequence and/or main overlay","directions_clear","I-77 S → Exit 28 / Route 821 (0.5 mile) → Route 215 (4.8 miles) → Route 147 (0.9 mile) → Route 146 (1.4 miles) → Fredericksdale Rd → Rutherford Rd landmark → Dawson Ridge Rd landmark → Lease Road","true","ROUTED_DISPLAY","graph_receipt_ordered_prefix_then_solid_neutral_remainder","OH-146","yes","1","0","HELD_IDENTITY","The earliest unresolved cleaned-source blocker is an exact authoritative identity/Road Manager mapping gap.","Planning candidate only: no reviewed exact-record Google Navigate contract exists on main, so runtime remains GPS-only.","Select 1-3 exact road-occurrence waypoints, confirm the final approach by satellite, prove both highway directions where practical, then add one exact-record contract with tests/accounting."
"b48399d6-1890-4a19-af28-dba54b28fb55","b48399d6-1890-4a19-af28-dba54b28fb55","ascent--matador","MATADOR","Ascent","Ohio","Noble","1786265812046205","I-77 → OH-821 → OH-215 → OH-146 → Cowgill Rd → Lease Road","saved_pad_gps","saved pad reference","39.821516","-81.39377","OTHER_NUMBERED_HIGHWAY_CANDIDATE","OH-146","directions_clear primary order names SR-146; normalized last usable approved anchor is OH-146","directions_clear","I-77 / Belle Valley exit → Route 821 S (0.5 mile) → Route 215 E (5.9 miles) → saved 215 / 146 / 147 transition → SR-146 at Shenandoah High School (3.1 miles) → Cowgill Rd / CR-4 (1.3 miles) → Lease Road","true","ROUTED_DISPLAY","graph_receipt_ordered_prefix_then_solid_neutral_remainder","OH-146","yes","4","0","HELD_TRANSITION","Named road evidence exists, but at least one exact traveled junction or occurrence receipt is unresolved.","Planning candidate only: no reviewed exact-record Google Navigate contract exists on main, so runtime remains GPS-only.","Select 1-3 exact road-occurrence waypoints, confirm the final approach by satellite, prove both highway directions where practical, then add one exact-record contract with tests/accounting."
"588161d4-61ce-4589-a641-370cefef1307","588161d4-61ce-4589-a641-370cefef1307","ascent--ruby-opal","RUBY-OPAL","Ascent","Ohio","Noble","1786258360881449","I-77 S → Exit 28 / OH-821 / Belle Valley → OH-821 S → OH-215 E / Wolf Run Rd → OH-285 / Sarahsville Rd → OH-146 → OH-146 / Zep Rd → Roberta Cleary Ln / TR-226 → Ruby-Opal entrance","saved_pad_gps","saved pad reference","39.834094","-81.394512","OTHER_NUMBERED_HIGHWAY_CANDIDATE","OH-146","directions_clear primary order names OH-146; normalized last usable approved anchor is OH-146","directions_clear","I-77 S → Exit 28 / OH-821 / Belle Valley → OH-821 S (approximately 0.5 mile) → OH-215 E / Wolf Run Rd (approximately 4.6 miles) → OH-285 / Sarahsville Rd (approximately 0.3 mile) → OH-146 (approximately 1.0 mile) → right to stay on OH-146 / Zep Rd (approximately 3.7 miles) → Roberta Cleary Ln / TR-226 (approximately 0.6 mile) → Ruby-Opal entrance","true","PIN_ONLY","no_exact_last_interstate_us_or_state_highway","","no","0","0","HELD_IDENTITY","The earliest unresolved cleaned-source blocker is an exact authoritative identity/Road Manager mapping gap.","Planning candidate only: no reviewed exact-record Google Navigate contract exists on main, so runtime remains GPS-only.","Select 1-3 exact road-occurrence waypoints, confirm the final approach by satellite, prove both highway directions where practical, then add one exact-record contract with tests/accounting."
"e36bd24b-65a6-42df-a852-998945cbc43c","e36bd24b-65a6-42df-a852-998945cbc43c","ascent--vault","VAULT","Ascent","Ohio","Noble","1786265812046205","I-77S → OH-821 → OH-215 → OH-146 → Cowgill Rd → Donald Franklin Rd → Lease Road","saved_pad_gps","saved pad reference","39.811778","-81.400909","OTHER_NUMBERED_HIGHWAY_CANDIDATE","OH-146","directions_clear primary order names OH-146; normalized last usable approved anchor is OH-146","directions_clear","I-77 S → OH-821 (0.6 miles) → OH-215 (6.5 miles) → OH-146 (3.1 miles) → Cowgill Rd / CR-4 (1.0 mile) → Donald Franklin Rd (0.6 mile) → Lease Road","true","ROUTED_DISPLAY","graph_receipt_ordered_prefix_then_solid_neutral_remainder","OH-146","yes","5","0","HELD_TRANSITION","Named road evidence exists, but at least one exact traveled junction or occurrence receipt is unresolved.","Planning candidate only: no reviewed exact-record Google Navigate contract exists on main, so runtime remains GPS-only.","Select 1-3 exact road-occurrence waypoints, confirm the final approach by satellite, prove both highway directions where practical, then add one exact-record contract with tests/accounting."
