pad_id,legacy_id,pad_name,county,township,record_revision,latitude,longitude,coordinate_role,direction_source,source_sha256,cleaned_road_order,older_sequence_conflict,road_occurrence_count,resolved_identity_count,held_identity_count,resolved_transition_count,held_transition_count,resolved_geometry_count,held_geometry_count,current_navigation_state,existing_reviewed_google_url,google_qa_status,final_disposition,exact_disposition_reason,prepared_repository_work
f52bdf46-6b4a-4901-8f66-175bb7220ad8,ascent--alderman,ALDERMAN,,,1786246617744175,,,,directions_clear,298d60d0e7adada6dfd41ebb93f23ab485d14f480afcae15949a2d8c98f31cc1,I-70 → Exit 216 → OH-9 S (4.2 miles) → OH-149 (2.4 miles) → Airport Rd / CR-82 (2.4 miles) → Lease Road,true,6,0,4,0,3,0,4,UNAVAILABLE,,not_possible_without_destination,HELD_DESTINATION,"Current production county, township, latitude, and longitude are null; no jurisdiction, route occurrence, entrance, or Google destination may be inferred.",
7adbf888-6f25-4f8f-b306-649fcc9387f5,ascent--durr,DURR,,,1786314389553451,,,,written_directions,1602c8b7860031429570eca967f16f6cd0d464e957dae6ee18f24c1c10a50094,,,0,0,0,0,0,0,0,UNAVAILABLE,,not_possible_without_destination,HELD_DESTINATION,"Current production county, township, latitude, and longitude are null; no jurisdiction, route occurrence, entrance, or Google destination may be inferred.",
878e60fe-cdfc-4bbb-a4e4-93b588bd2059,ascent--gatti,GATTI,,,1786246617744175,,,,directions_clear,669c23629c7d6bf010657c811db5fdfc6b8b1612b138034dcb393d7845d29604,OH-147 E / Barnesville Bethesda Rd / E Main St (6.3 miles) → OH-147 E / Maple Ave (1.5 miles) → OH-149 N → Palmer Rd (1.2 miles) → Entrance,true,5,0,4,0,3,0,4,UNAVAILABLE,,not_possible_without_destination,HELD_DESTINATION,"Current production county, township, latitude, and longitude are null; no jurisdiction, route occurrence, entrance, or Google destination may be inferred.",
a77e7898-9f9b-4fd8-82bb-da9ce26abd08,ascent--kantor,KANTOR,,,1786165584958501,,,,directions_clear,4b9f862bdb5cf15aea8fd186fecd69b01c18f21b21c845d0179ef280f12446a9,US-22 E (12.3 miles) → OH-151 W exit (0.1 mile) → Gable Rd (0.2 mile) → Old Hopedale Rd (1.2 miles) → Rabbit Rd (0.5 mile) → OH-151 E (7.9 miles) → OH-152 S / Main St (3.5 miles),true,7,0,6,0,5,0,6,UNAVAILABLE,,not_possible_without_destination,HELD_DESTINATION,"Current production county, township, latitude, and longitude are null; no jurisdiction, route occurrence, entrance, or Google destination may be inferred.",
31d0f9bb-09be-4253-bc6b-778e3e19a879,ascent--roliff,ROLIFF,,,1786246617744175,,,,directions_clear,3cacf4b9a50f2b1925568ad76fdbfb936c9b638cbaae873dd0dc6568a059df89,E Main St E (0.2 mile) → OH-800 N / Cemetery Hill Rd (1.4 miles) → OH-799 (2.8 miles) → Kennedy Ridge Rd (4.2 miles) → Kennedy Ridge Rd (0.2 mile) → Old Piedmont Rd (0.2 mile) → Access Road,true,7,0,6,0,5,0,6,UNAVAILABLE,,not_possible_without_destination,HELD_DESTINATION,"Current production county, township, latitude, and longitude are null; no jurisdiction, route occurrence, entrance, or Google destination may be inferred.",
e537c3cb-ac98-4a26-91b9-4d3bcfa1e525,ascent--weidinger-w,WEIDINGER W,,,1786165584958501,,,,directions_clear,0cf858a39ce318449599936e76c70507393155ff32e4e46a21852f95ef246bf1,CR-11 / Piney Fork Rd W → TR-138,true,2,0,2,0,1,0,2,UNAVAILABLE,,not_possible_without_destination,HELD_DESTINATION,"Current production county, township, latitude, and longitude are null; no jurisdiction, route occurrence, entrance, or Google destination may be inferred.",
72b25dba-6279-41b6-b9fd-8ead758d0294,ascent--wiley,WILEY,,,1786246617744175,,,,directions_clear,ec7642686072585e53e7e8be173d33abbfaeb4245b66b4024a8b4b02f6a659bf,WV-2 S (1.7 miles) → WV-180 S (7.3 miles) → WV-18 S (11.1 miles) → Indian Creek Rd / CR-13 (9.0 miles) → Stackpole Run / CR-13/3 (0.7 mile) → Left Hand Fork / CR-13/8 (1.0 mile) → Entrance,true,7,0,6,0,5,0,6,UNAVAILABLE,,not_possible_without_destination,HELD_DESTINATION,"Current production county, township, latitude, and longitude are null; no jurisdiction, route occurrence, entrance, or Google destination may be inferred.",
48d810bf-e59f-4314-9efb-8103a818a3bd,ascent--albatross,ALBATROSS,Belmont,KIRKWOOD,1786265812046205,40.079353,'-81.224381,saved pad reference,directions_clear,3e470334984b0b40554e3721d2c6f179418a4fbe82ac5224d61e9fe5e596f5fb,I-70 → Exit 202 → Route 800 N (4.6 miles) → Brooks Rd (0.9 mile) → Gate,true,5,1,2,0,2,0,3,DONE,https://www.google.com/maps/dir/?api=1&travelmode=driving&dir_action=navigate&destination=40.079353%2C-81.224381&waypoints=40.0817058%2C-81.2127365,existing_reviewed_contract_preserved,REVIEWED_HANDOFF_READY,Existing reviewed named/public-road handoff remains byte-stable; any terminal GPS/private remainder stays explicitly neutral or held.,
12da2a9f-c9ae-467f-abf5-723c31daecfe,ascent--albert,ALBERT,Belmont,KIRKWOOD,1786405417119866,40.04569,'-81.21533,saved pad reference,directions_clear,ee0d2d6182983c845eb0d4efb617026484f5210e696ac5d3190ecf6f9c8becad,I-70 → Exit 198 → OH-114 → Lease Road,false,4,0,2,0,1,0,2,GPS_ONLY,,not_ready,HELD_IDENTITY,The earliest unresolved cleaned-source blocker is an exact authoritative identity/Road Manager mapping gap.,
fda8a55c-605d-4fb7-903a-4ec4580e76cd,ascent--albright,ALBRIGHT,Belmont,MEAD,1786258360881449,39.955006,'-80.8312,saved pad reference,directions_clear,289a671556f9f7ab9f1e99ef7ef07f9573e2591e36d0228f7c4b130e01500a7c,Route 147 E → Wegee Rd (about 1 mile) → Cash Ridge Rd (1.9 miles) → Lease Road,true,4,1,2,0,2,0,3,GPS_ONLY,,not_ready,HELD_IDENTITY,The earliest unresolved cleaned-source blocker is an exact authoritative identity/Road Manager mapping gap.,
c2923e5d-882b-44fe-be0c-6f3332cbb54b,ascent--anchor,ANCHOR,Belmont,Flushing,1786265812046205,40.158007,'-81.093945,official pad reference,directions_clear,a0d4f978e0acdb0aa74a845774035bd3220c3e9f1567d84dca14f2cb9b32a7c5,Route 22 E → Route 331 S → Resivor Rd → Pad,true,4,1,2,0,2,0,3,GPS_ONLY,,not_ready,HELD_IDENTITY,The earliest unresolved cleaned-source blocker is an exact authoritative identity/Road Manager mapping gap.,
63a3497d-70e9-47a0-8500-00e094a5b871,ascent--antelok,ANTELOK,Belmont,Richland,1787459253071652,40.043212,'-80.900901,saved pad reference,directions_clear,315a839fe0d1d106d0d1ffe4c44c02343371b98064bca63d806b4b20e693c59c,I-70 → OH-9 S → CR-5 (approximately 1.5 miles) → McFetridge / Dunham Rd → Access Road,true,5,2,2,0,3,0,4,GPS_ONLY,,not_ready,HELD_IDENTITY,The earliest unresolved cleaned-source blocker is an exact authoritative identity/Road Manager mapping gap.,
fa2d692c-4f3a-4a28-8985-3809c9dbd15d,ascent--axle,AXLE,Belmont,WARREN,1786265812046205,39.984049,'-81.195962,saved pad reference,directions_clear,f7d28c0139b7941dea3da2e73a434450479b6969afa8735020de2b38138963c4,I-70 → Route 800 S → Route 147 W (0.9 mile) → Access Road → Lease Road,true,5,1,2,0,2,1,2,DONE,https://www.google.com/maps/dir/?api=1&travelmode=driving&dir_action=navigate&destination=39.984049%2C-81.195962&waypoints=39.978808%2C-81.194557,existing_reviewed_contract_preserved,REVIEWED_HANDOFF_READY,Existing reviewed named/public-road handoff remains byte-stable; any terminal GPS/private remainder stays explicitly neutral or held.,
d7898e8c-1bb6-48f8-b5e0-87bc1898420e,ascent--bakos,BAKOS,Belmont,COLERAIN,1787615581785257,40.151125,'-80.852968,saved pad reference,directions_clear,55cd2c17040cf1e25bb8e9aecd165ec0c18d28a6135650ebbc8a0217f17c50df,US-250 E (14 miles from Cadiz) → Holly View Dr W (0.45 mile) → Pad,true,3,1,1,0,1,0,2,DONE,https://www.google.com/maps/dir/?api=1&travelmode=driving&dir_action=navigate&destination=40.151125%2C-80.852968&waypoints=40.1516769902779%2C-80.8451322878882%7C40.1510618834494%2C-80.8504752159943,existing_reviewed_contract_preserved,REVIEWED_HANDOFF_READY,Existing reviewed named/public-road handoff remains byte-stable; any terminal GPS/private remainder stays explicitly neutral or held.,
333598ca-37b3-4b44-9411-a490cc3da672,ascent--bannock,BANNOCK,Belmont,UNION,1786744183028038,40.111003,'-81.002932,verified driver entrance,directions_clear,7a67fd418c3560fd525620d41f092dbe874a2c8762ce4c23eddd5d57b9f54e10,I-70 → Exit 213 → OH-331 N (2.5 miles) → Lafferty-Bannock Rd / CR-10 (1.6 miles) → Lease Road,true,5,1,2,0,2,0,3,DONE,https://www.google.com/maps/dir/?api=1&travelmode=driving&dir_action=navigate&destination=40.111003%2C-81.002932&waypoints=40.10871301297529%2C-80.97829303262223,existing_reviewed_contract_preserved,REVIEWED_HANDOFF_READY,Existing reviewed named/public-road handoff remains byte-stable; any terminal GPS/private remainder stays explicitly neutral or held.,
98eec273-b8aa-49b6-b791-2d53b5f256c6,ascent--bedway,BEDWAY,Belmont,UNION,1786258360881449,40.072874,'-81.021494,verified driver entrance,directions_clear,166d44c89e9c59f4e8df8975a3b00921fdfd4bc654fefaf70a408f190fa646fb,I-70 → Exit 208 → OH-149 N (0.5 mile) → US-40 E (1.5 miles) → Pancoast Rd / TR-263 (0.5 mile),true,5,1,3,0,3,0,4,GPS_ONLY,,not_ready,HELD_TRANSITION,"Named road evidence exists, but at least one exact traveled junction or occurrence receipt is unresolved.",
c2c9664b-f853-4ecf-8107-7b5630e69bcf,ascent--bennington,BENNINGTON,Belmont,Smith,1786265812046205,39.982139,'-80.914606,official pad reference,directions_clear,af7b02d45dac0af99a83d0725266e31964f734b65b3098f6423a59700dc46291,Route 70 E → Exit 208 → Route 149 S → Route 147 → Route 147 at Centerville (3.5 miles) → CR-5 (1.4 miles) → Lease Road,true,7,1,4,0,3,0,5,GPS_ONLY,,not_ready,HELD_TRANSITION,"Named road evidence exists, but at least one exact traveled junction or occurrence receipt is unresolved.",
f896d00c-da26-41b6-bf5b-e9d91afbdbc6,ascent--blayney,BLAYNEY,Belmont,WHEELING,1787615581785257,40.115603,'-80.992706,saved pad reference,directions_clear,3f88976894a8799bb9e5481818eb184db76a30b2c733d76556c24a8357144ddc,I-70 → Exit 213 → OH-331 N (2.5 miles) → Lafferty-Bannock Rd / CR-10 (0.8 mile) → Pad,true,5,1,2,0,2,1,2,GPS_ONLY,,not_ready,HELD_TRANSITION,"Named road evidence exists, but at least one exact traveled junction or occurrence receipt is unresolved.",
456b4e09-b11c-429b-87e2-1b293bfb319c,ascent--blessed,BLESSED,Belmont,RICHLAND,1786265812046205,40.011526,'-80.879811,saved pad reference,directions_clear,5ad56ab4404a520ceffa687542f3f822434aa71b9e5e7da9518f362f743b46b9,I-70 E → Exit 216 → OH-9 S (1.5 miles) → Glencoe Rd / CR-5 (about 2 miles) → Garrett Hill Rd → Sutton Rd → second Ascent access road,true,7,4,1,0,4,0,5,GPS_ONLY,,not_ready,HELD_TRANSITION,"Named road evidence exists, but at least one exact traveled junction or occurrence receipt is unresolved.",
5056a78d-6965-4cfa-a100-488b80ba5397,ascent--borovich,BOROVICH,Belmont,RICHLAND,1786258360881449,40.0112,'-80.892363,saved pad reference,directions_clear,2a3f4f2e6428338de902fad5e05b9eaf09eb70bacd320f9e8d29d64b899ac9f0,US-22 W / Cadiz-Steubenville Rd (1.9 miles) → Industrial Park Rd (2.4 miles) → OH-9 S / Cadiz-New Athens Rd / St. Clair Ave (5 miles) → OH-149 S (3.1 miles) → OH-331 S (7.5 miles) → US-40 E (2 miles) → I-70 E (1.5 miles) → Exit 216 (0.2 mile) → OH-9 S (4 miles) → OH-149 S (3 miles),true,10,3,6,0,8,0,9,GPS_ONLY,,not_ready,HELD_TRANSITION,"Named road evidence exists, but at least one exact traveled junction or occurrence receipt is unresolved.",
05c3de57-2e9b-4a24-9c5b-59584fbec133,ascent--breeze,BREEZE,Belmont,RICHLAND,1786258360881449,40.035226,'-80.97599,saved pad reference,directions_clear,94e4c480ea1618a8f645e980e48a82f9596fed09f8de6b9d1cd38f62e7f018c2,I-70 → Exit 216 → OH-9 S (4.2 miles) → OH-149 (2.4 miles) → Airport Rd / CR-82 → Lease Road,true,6,2,2,0,3,0,4,GPS_ONLY,,not_ready,HELD_TRANSITION,"Named road evidence exists, but at least one exact traveled junction or occurrence receipt is unresolved.",
b9d1a8de-2ddd-4345-82a1-7e2a1f6ff2cb,ascent--carlos,CARLOS,Belmont,RICHLAND,1786265812046205,40.042305,'-80.972809,saved pad reference,directions_clear,7a40c473240fefa37f8ee98f0df712eba31a27731b419bb72425d4b553438398,I-70 E → Exit 208 / Route 149 S → Elm States Rd / TR-82 → Breeze pad landmark → approximately 1 mile → Carlos pad,true,6,1,1,0,1,0,2,GPS_ONLY,,not_ready,HELD_TRANSITION,"Named road evidence exists, but at least one exact traveled junction or occurrence receipt is unresolved.",
18213b3c-d7a0-4042-b369-c595dce25a9d,ascent--coffield,COFFIELD,Belmont,RICHLAND,1786258360881449,40.044611,'-80.88296,saved pad reference,directions_clear,996ddb39cfe7297a9f67176b6b12c5b8872cdbd48595366218635cae23d6690e,Route 70 → Route 9 S → County Road 5 → Methodist Ridge haul-route sign → Pad,true,5,2,2,0,3,0,4,GPS_ONLY,,not_ready,HELD_IDENTITY,The earliest unresolved cleaned-source blocker is an exact authoritative identity/Road Manager mapping gap.,
ab964acf-05ac-4e18-b8cd-e5cb3914105c,ascent--coleman,COLEMAN,Belmont,RICHLAND,1787459253071652,40.07909,'-80.93528,saved pad reference,directions_clear,faa6ba3e6b5ebc15ab1a7ef9d24527a2bbb70f93646fe60c676e259009a4be26,I-70 → Exit 215 → US-40 W → Vineyard Rd / CR-56 (0.4 mile),true,4,1,2,0,2,1,2,GPS_ONLY,,not_ready,HELD_TRANSITION,"Named road evidence exists, but at least one exact traveled junction or occurrence receipt is unresolved.",
4213711f-0f23-440a-b0ec-42a1f9be4db0,ascent--cook,COOK,Belmont,RICHLAND,1786265812046205,40.002019,'-80.875167,saved pad reference,directions_clear,b49d7936515b531e8a33483e450d07971bb8d058c5a2f2f64b5fe38fbae0a4a7,SR-149 W (9.4 miles) → Tar Run Rd (0.1 mile) → Cumberland Run Rd (300 feet) → Lease Road,true,4,2,1,0,2,0,3,GPS_ONLY,,not_ready,HELD_TRANSITION,"Named road evidence exists, but at least one exact traveled junction or occurrence receipt is unresolved.",
23053421-06d5-47a2-bf77-5c3fdea4939b,ascent--cravat-north,CRAVAT NORTH,Belmont,WHEELING,1786258360881449,40.158191,'-80.913312,saved pad reference,directions_clear,8dde4dc5c2c0f80355b3ad93f4a9b108f3cd4d52edf5a327aed560b8228378c1,I-70 → Exit 216 → OH-9 N (7.5 miles) → Shepherstown Rd / CR-64 (1.4 miles) → CR-36 (1.2 miles) → Entrance,true,6,2,2,0,3,0,4,GPS_ONLY,,not_ready,HELD_IDENTITY,The earliest unresolved cleaned-source blocker is an exact authoritative identity/Road Manager mapping gap.,
fba35b8e-ccc6-406b-b27c-ac9ce4eed29d,ascent--crowie,CROWIE,Belmont,RICHLAND,1786265812046205,40.0979,'-80.9384,verified driver entrance,directions_clear,98380b6f2f1c5f30e12124b5a6689ecaa2cb6f36aa87b6f1fb8a566489b2394d,Route 70 → Exit 215 → Route 40 W → Vineyard Rd → Williams Rd → Crowie,true,6,3,1,2,1,0,4,DONE,https://www.google.com/maps/dir/?api=1&travelmode=driving&dir_action=navigate&destination=40.0979%2C-80.9384&waypoints=40.073689%2C-80.945041%7C40.088246%2C-80.944086,existing_reviewed_contract_preserved,REVIEWED_HANDOFF_READY,Existing reviewed named/public-road handoff remains byte-stable; any terminal GPS/private remainder stays explicitly neutral or held.,
fbdb5ee4-38d6-4801-81cc-8ad4abbb24e2,ascent--dutton,DUTTON,Belmont,WHEELING,1787459253071652,40.150027,'-81.017133,saved pad reference,directions_clear,53ee2f0722009bcbbdda429e61d56c147cfcc772b9293c7699b4fd48513fef91,I-70 → Exit 213 → OH-331 N (6.7 miles) → Dutton Dr (1 mile) → Ascent sign → Gate (0.2 mile),true,6,2,1,0,2,0,3,DONE,https://www.google.com/maps/dir/?api=1&travelmode=driving&dir_action=navigate&destination=40.150027%2C-81.017133&waypoints=40.143135410968%2C-81.033512001895,existing_reviewed_contract_preserved,REVIEWED_HANDOFF_READY,Existing reviewed named/public-road handoff remains byte-stable; any terminal GPS/private remainder stays explicitly neutral or held.,
6a47931a-4341-4965-9593-cfc3fc3e1c80,ascent--emersyn,EMERSYN,Belmont,RICHLAND,1786258360881449,40.089436,'-80.996978,verified driver entrance,directions_clear,73f32f9340f871b4c41e4179e645c7e8a183faf2576993d612851231e947825a,OH-149 (6.9 miles) → US-40 (1.4 miles) → Pancoast Rd (1 mile) → Lude Rd (0.9 miles) → National Oco Rd (0.8 miles) → Saffel Rd (0.5 miles),true,6,2,4,0,5,0,6,GPS_ONLY,,not_ready,HELD_IDENTITY,The earliest unresolved cleaned-source blocker is an exact authoritative identity/Road Manager mapping gap.,
a6fafe63-0153-4e09-a931-0da5b65b18ea,ascent--eureka,EUREKA,Belmont,SMITH,1786265812046205,40.01486,'-80.920507,saved pad reference,directions_clear,8d477b99feaa58718b4223da1f9e961f679c655d66d6ad81d77f43fdd86a47ef,Warnock Glencoe Rd / SR-149 W (3.4 miles) → Eureka entrance,true,2,0,1,0,0,0,1,GPS_ONLY,,not_ready,HELD_TRANSITION,"Named road evidence exists, but at least one exact traveled junction or occurrence receipt is unresolved.",
4166a215-45bb-4662-82e2-80bb0184703b,ascent--exeter,EXETER,Belmont,Richland,1786265812046205,40.099352,'-80.984043,official pad reference,directions_clear,11d94052b136e3eb25eba74c14aa853200524e3022354d9de81534c39cdfb610,I-70 → Exit 213 → Route 331 N → Prison landmark → Left at bottom of hill → Immediate right → Narrow bridge → Lease Road,true,8,1,1,0,1,0,2,GPS_ONLY,,not_ready,HELD_TRANSITION,"Named road evidence exists, but at least one exact traveled junction or occurrence receipt is unresolved.",
46b82718-a6ca-437a-a2c6-f50c3f57c552,ascent--ezekiel,EZEKIEL,Belmont,Warren,1787459253071652,40.005527,'-81.207719,saved pad reference,written_directions,39237d728fb99f2df462b098811c825a2831affbbe4839a176f708717fccb75f,,false,0,0,0,0,0,0,0,GPS_ONLY,,not_ready,INSUFFICIENT,Only unstructured written directions are available; a canonical route cannot be inferred without guessing.,
f5944b59-285c-4c82-aeba-98b3d1fba4ae,ascent--fleagane,FLEAGANE,Belmont,PULTNEY,1786258360881449,40.048011,'-80.795112,saved pad reference,directions_clear,fdef0d518402ae7bd79db6628e37834163055ed6609a749342c4bd8ebc7cccb0,Route 70 E → Interstate 470 E → County Road 214 → Pad lease,true,4,0,3,0,2,0,3,GPS_ONLY,,not_ready,HELD_IDENTITY,The earliest unresolved cleaned-source blocker is an exact authoritative identity/Road Manager mapping gap.,
ed1df007-6cd9-4704-9d48-f72209cefa29,ascent--geoflo,GEOFLO,Belmont,WHEELING,1786265812046205,40.120221,'-80.921817,saved pad reference,directions_clear,9d9444f4cf48dad537d62fd952039be43f15eaa57e2086677ff436caddbd6c40,Exit 216 → SR-9 N (3.1 miles) → Maynard Rd / CR-56 (0.8 mile) → Kagg Hill Rd (0.9 mile) → Fairpoint-Maynard Rd / CR-10 (0.5 mile) → Lease Road,true,6,3,1,0,3,1,3,GPS_ONLY,,not_ready,HELD_TRANSITION,"Named road evidence exists, but at least one exact traveled junction or occurrence receipt is unresolved.",
a02e60ee-e32a-4c10-a7c5-b284395159fd,ascent--grand,GRAND,Belmont,Warren,1786265512886177,40.013451,'-81.160887,official wellhead reference,directions_clear,f3408fa81a63074172b921c075a1a6e447a1cfc1150f61ad881bfd00dca11ddc,I-70 → Exit 202 / Barnesville → Head south (about 2.9 miles) → Hillcrest Rd → Lease Road,true,5,0,2,0,1,0,2,GPS_ONLY,,not_ready,HELD_IDENTITY,The earliest unresolved cleaned-source blocker is an exact authoritative identity/Road Manager mapping gap.,
f2f82142-f6d8-4f8d-b440-2ff86f624158,ascent--hastings,HASTINGS,Belmont,WHEELING,1786265812046205,40.163138,'-81.021428,saved pad reference,directions_clear,d968fcea3106cfe16fc14e99a16f074cb156f733bad8b14949ba26d910fd08aa,I-70 → Exit 213 → Route 331 N → Route 149 N (1.3 miles) → Chaney Rd → Jockey Hollow Rd → Lease Road,true,7,2,3,0,4,0,5,DONE,https://www.google.com/maps/dir/?api=1&travelmode=driving&dir_action=navigate&destination=40.163138%2C-81.021428&waypoints=40.160397859316%2C-81.016701259012,existing_reviewed_contract_preserved,REVIEWED_HANDOFF_READY,Existing reviewed named/public-road handoff remains byte-stable; any terminal GPS/private remainder stays explicitly neutral or held.,
952f385d-659a-4f00-80c6-3aff474d5f27,ascent--heller,HELLER,Belmont,MEAD,1786265812046205,39.974278,'-80.887661,saved pad reference,directions_clear,5adcbfba7af4fa8e8da63590faca0bae7afbceae9b8607b7c0e674d78e2cbe6d,I-70 → Exit 216 → SR-9 S (7.8 miles) → SR-9 / SR-147 (0.8 mile) → SR-147 E (5.1 miles) → Lease Road,true,6,1,3,0,2,1,3,DONE,https://www.google.com/maps/dir/?api=1&travelmode=driving&dir_action=navigate&destination=39.974278%2C-80.887661&waypoints=39.974208%2C-80.887673,existing_reviewed_contract_preserved,REVIEWED_HANDOFF_READY,Existing reviewed named/public-road handoff remains byte-stable; any terminal GPS/private remainder stays explicitly neutral or held.,
036d0ac7-d72e-49e4-a400-ee0a631029e1,ascent--henderson,HENDERSON,Belmont,RICHLAND,1786265812046205,40.050354,'-80.935656,saved pad reference,directions_clear,c8c3fdda548270f00b962cebd720f502171afe61f34ced37abc295174fb92007,I-70 → Exit 208 → OH-149 S (2.4 miles) → OH-147 / OH-149 (0.2 mile) → OH-149 (6.9 miles) → OH-9 N (1.5 miles) → Henderson Rd / TR-722 (0.6 mile) → Lease Road,true,8,2,4,0,5,0,6,GPS_ONLY,,not_ready,HELD_TRANSITION,"Named road evidence exists, but at least one exact traveled junction or occurrence receipt is unresolved.",
07b566cd-393e-49f6-9547-676438aefc1a,ascent--hindman,HINDMAN,Belmont,Richland,1786246617744175,40.080894,'-80.842001,official pad reference,directions_clear,3a80e1ac5e953f3a4c99e3626720c2d4b28cbeb2b93793a281313bc49f5b8c44,I-70 → Exit 218 → Mall Rd → saved Route 40 (1.1 miles) → Hindman Rd / TR-437 (0.7 mile) → Access,true,6,0,4,0,3,0,4,GPS_ONLY,,not_ready,HELD_IDENTITY,The earliest unresolved cleaned-source blocker is an exact authoritative identity/Road Manager mapping gap.,
85d74b99-da49-4a5a-aadf-1ce2b461071c,ascent--kaldor,KALDOR,Belmont,MEAD,1786265812046205,39.976061,'-80.838183,saved pad reference,directions_clear,6e1f8b1bd47fa58e97be3540a4fac6d9c17026df3a1b06f393e37ba9bc913550,I-70 → Exit 208 → Route 147 → Belmont → Centerville → Key → Driveway → Pad,true,8,0,2,0,1,1,1,DONE,https://www.google.com/maps/dir/?api=1&travelmode=driving&dir_action=navigate&destination=39.976061%2C-80.838183&waypoints=39.986736%2C-80.842346,existing_reviewed_contract_preserved,REVIEWED_HANDOFF_READY,Existing reviewed named/public-road handoff remains byte-stable; any terminal GPS/private remainder stays explicitly neutral or held.,
947959e6-8297-4b03-b591-25d196e7b1c0,ascent--kasetta,KASETTA,Belmont,York,1786265812046205,39.92,'-80.87,saved pad reference,directions_clear,2dc387fd33307469983c54d21e462ee6f576417a6d375ea1ef42b83f45959b2a,I-70 → Exit 208 → Route 149 S → Route 147 → CR-5 (1.3 miles) → CR-56 / Mount Victory Rd (3.1 miles) → Lease Road,true,7,4,1,0,4,1,4,GPS_ONLY,,not_ready,HELD_TRANSITION,"Named road evidence exists, but at least one exact traveled junction or occurrence receipt is unresolved.",
c09f4dd1-68f9-46d1-90b3-560240550ecd,ascent--kemper,KEMPER,Belmont,Richland,1786265812046205,39.98664,'-80.84253,saved pad reference,directions_clear,b192d0a1637276db1031f09206fd21e6a9350568c56617688111d5b386b63897,Exit 208 → Route 149 → Route 147 → Belmont Mills → Centerville → Jacobsburg → Key → Driveway → Pad,true,9,2,0,0,1,1,1,DONE,https://www.google.com/maps/dir/?api=1&travelmode=driving&dir_action=navigate&destination=39.98664%2C-80.84253&waypoints=39.986694%2C-80.842534,existing_reviewed_contract_preserved,REVIEWED_HANDOFF_READY,Existing reviewed named/public-road handoff remains byte-stable; any terminal GPS/private remainder stays explicitly neutral or held.,
3d920c70-2910-4b0a-a85a-442cd477802f,ascent--krnyaich,KRNYAICH,Belmont,MEAD,1786258360881449,39.966783,'-80.851178,saved pad reference,directions_clear,375dfd8f7e15f8f7c5aa840b824abbb82812c5e2395a522e8c7b701379d19de9,Route 147 in Key → Wegee Rd → Cash Ridge Rd → Lease Road,true,4,2,1,0,2,0,3,GPS_ONLY,,not_ready,HELD_TRANSITION,"Named road evidence exists, but at least one exact traveled junction or occurrence receipt is unresolved.",
47a0305e-c641-499b-990c-0f7fe83493b8,ascent--kungle-a,KUNGLE A,Belmont,YORK,1787459253071652,39.88507,'-80.88258,saved pad reference,directions_clear,b3b05174a2ca37023da6015432fa2810d842088dfd40487b395d50370d26ef5e,OH-556 E (4.5 miles) → Clover Ridge Rd (5.7 miles) → OH-148 E (0.9 mile) → OH-148 E (1.4 miles) → Potts Rd (0.7 mile) → Entrance,true,6,4,1,0,4,0,5,DONE,https://www.google.com/maps/dir/?api=1&travelmode=driving&dir_action=navigate&destination=39.88507%2C-80.88258&waypoints=39.886820116283%2C-80.869735364419,existing_reviewed_contract_preserved,REVIEWED_HANDOFF_READY,Existing reviewed named/public-road handoff remains byte-stable; any terminal GPS/private remainder stays explicitly neutral or held.,
ad5ef012-46f5-46ca-93c7-0f5b492cb201,ascent--kungle-b,KUNGLE B,Belmont,YORK,1786258360881449,39.88678,'-80.87008,saved pad reference,directions_clear,b9c0a89fcb8a1307dee1b9b7ab46503d74a538c8ed8d69ae1c563d10f8822b4f,OH-556 E (4.5 miles) → Clover Ridge Rd (5.7 miles) → OH-148 E (0.9 mile) → OH-148 E (1.4 miles) → Potts Rd → Entrance,true,6,4,1,0,4,0,5,DONE,https://www.google.com/maps/dir/?api=1&travelmode=driving&dir_action=navigate&destination=39.88678%2C-80.87008&waypoints=39.886820116283%2C-80.869735364419,existing_reviewed_contract_preserved,REVIEWED_HANDOFF_READY,Existing reviewed named/public-road handoff remains byte-stable; any terminal GPS/private remainder stays explicitly neutral or held.,
83499ca1-3c45-4502-b7c2-688e88343093,ascent--kurth,KURTH,Belmont,RICHLAND,1786258360881449,40.031709,'-80.841961,saved pad reference,directions_clear,ab23fa4f25449c814918d3cb29c64926dadeb6db266476ea813379c374477536,I-70 → Exit 216 → OH-9 S (1.5 miles) → CR-5 (1.2 miles) → Methodist Ridge Rd (3.5 miles) → Campbell-Johnson Hill Rd (0.2 mile) → Lease Road,true,7,3,2,0,4,0,5,GPS_ONLY,,not_ready,HELD_IDENTITY,The earliest unresolved cleaned-source blocker is an exact authoritative identity/Road Manager mapping gap.,
907c0955-b7c1-47a9-b449-dd5762f2e642,ascent--lee,LEE,Belmont,COLERAIN,1786258360881449,40.090178,'-80.811589,saved pad reference,directions_clear,d673e7cc4e952a2c22c66ac9be3f264d2970c5a8d87d7102ec1497f7bb6e6286,US-250 S (1.1 miles) → Lansing Cheermont Rd / CR-18 (1.6 miles) → Blaine Cheermont Rd / CR-20 (0.15 mile) → Access Road,true,4,3,0,0,2,0,3,GPS_ONLY,,not_ready,HELD_TRANSITION,"Named road evidence exists, but at least one exact traveled junction or occurrence receipt is unresolved.",
a35f0ea7-13d7-45dd-8fe2-fe73e4964df2,ascent--lorraine,LORRAINE,Belmont,RICHLAND,1786265812046205,40.09955,'-80.840213,saved pad reference,directions_clear,9aae8063f4e99394f76ab0addbc29a68b1162d164b577fa51141ec32c05412f0,Route 250 E → CR-5 / Crescent Rd → CR-10 → CR-10 / Barton Blaine Rd → Well entrance,true,5,4,0,0,3,0,4,DONE,https://www.google.com/maps/dir/?api=1&travelmode=driving&dir_action=navigate&destination=40.09955%2C-80.840213&waypoints=40.149707596819%2C-80.842549734013%7C40.116658061827%2C-80.859991873154%7C40.101497884455%2C-80.841503024754,existing_reviewed_contract_preserved,REVIEWED_HANDOFF_READY,Existing reviewed named/public-road handoff remains byte-stable; any terminal GPS/private remainder stays explicitly neutral or held.,
8f616827-d7da-4b40-b9c2-49fd5e713822,ascent--maldon,MALDON,Belmont,WARREN,1786265812046205,40.010241,'-81.197285,saved pad reference,directions_clear,a4c64e875f5cf8d3f41e549b614c1cbb5c8c89f22375dd6ea2dc37cbebf74748,I-70 → Exit 202 → Route 800 S (roughly 3.5 miles) → Shannon Rd / TR-801 → Lowe Rd / TR-162 → Pad,true,6,3,1,0,3,0,4,DONE,https://www.google.com/maps/dir/?api=1&travelmode=driving&dir_action=navigate&destination=40.010241%2C-81.197285&waypoints=40.0068106%2C-81.1762346%7C40.0106308%2C-81.1957784,existing_reviewed_contract_preserved,REVIEWED_HANDOFF_READY,Existing reviewed named/public-road handoff remains byte-stable; any terminal GPS/private remainder stays explicitly neutral or held.,
d6d0a0fd-1cd3-48ae-8e41-90d744b9f8f6,ascent--matusek,MATUSEK,Belmont,WHEELING,1786258360881449,40.146555,'-80.922785,saved pad reference,directions_clear,7ee90a71d7abde773e19fe8fb66d0e427e0fdf5ed7eae8695fae9e469a7e2dcf,I-70 → OH-9 N → Shepherdstown Rd / CR-64 (1.1 miles) → Fairpoint Shepherdstown Rd (1.1 miles) → Sloans Run Rd (0.6 mile) → Dunn Rd landmark → Lease Road,true,7,3,3,0,5,0,6,DONE,https://www.google.com/maps/dir/?api=1&travelmode=driving&dir_action=navigate&destination=40.146555%2C-80.922785&waypoints=40.151952334248%2C-80.961064815011%7C40.15863093394%2C-80.943718975075%7C40.146780343386%2C-80.934175287918,existing_reviewed_contract_preserved,REVIEWED_HANDOFF_READY,Existing reviewed named/public-road handoff remains byte-stable; any terminal GPS/private remainder stays explicitly neutral or held.,
d5722be0-59a2-42ae-baed-4c73efef4df6,ascent--miller,MILLER,Belmont,Pultney,1786265812046205,39.994185,'-80.790537,saved pad reference,directions_clear,5afe4f91ef3f15d3f1713591407126dc65e010787dac93dc074fb4fe0fda35b6,Route 70 East → Route 470 South → Route 7 South → 26th Street Exit → Township Rd 476 → Brown Hollow Rd → Lease,true,7,2,4,0,5,0,6,GPS_ONLY,,not_ready,HELD_IDENTITY,The earliest unresolved cleaned-source blocker is an exact authoritative identity/Road Manager mapping gap.,
bf97cbb2-e1bd-485e-b41d-fa314a8f9a0a,ascent--oboy,OBOY,Belmont,COLERAIN,1786258360881449,40.135262,'-80.872088,saved pad reference,directions_clear,2aec77df7f480704d7a85dd68a85922ef92293e5134c65c235c5a6da14b463ed,US-250 SE (12 miles) → CR-71 (0.9 mile) → Morgan Hill Rd (0.7 mile) → Grays Ridge Rd (0.9 mile) → Grays Ridge Rd (200 ft) → Access Road,true,6,4,1,0,4,0,5,GPS_ONLY,,not_ready,HELD_IDENTITY,The earliest unresolved cleaned-source blocker is an exact authoritative identity/Road Manager mapping gap.,
ac833974-3bda-4370-b7f8-48e4fd4dcdee,ascent--oliver,OLIVER,Belmont,COLERAIN,1787459253071652,40.141528,'-80.796019,saved pad reference,directions_clear,2066f0d5ea814ae0cafe5b69cd38cd4bc3be738949888b802581c5469a881eec,Route 7 / SR-647 connection → Hanover St exit → SR-647 N (6.9 miles) → Well-site entrance,true,4,0,3,0,2,0,3,GPS_ONLY,,not_ready,HELD_IDENTITY,The earliest unresolved cleaned-source blocker is an exact authoritative identity/Road Manager mapping gap.,
74032b6e-179d-4672-8720-55ac86cab232,ascent--pang,PANG,Belmont,WHEELING,1786258360881449,40.147178,'-80.948742,saved pad reference,directions_clear,675a3c38ca4127e03ca3a476b3b36f761c600ddcdbbe94c6276a650384eccbf2,Main St S (0.5 mile) → OH-9 (2.7 miles) → Shepherdstown Rd (0.6 mile) → Access Road,true,4,3,0,0,2,0,3,DONE,https://www.google.com/maps/dir/?api=1&travelmode=driving&dir_action=navigate&destination=40.147178%2C-80.948742&waypoints=40.151952334248%2C-80.961064815011,existing_reviewed_contract_preserved,REVIEWED_HANDOFF_READY,Existing reviewed named/public-road handoff remains byte-stable; any terminal GPS/private remainder stays explicitly neutral or held.,
7dd270a8-bd26-413f-b5dc-106fbce8fdd4,ascent--pavich,PAVICH,Belmont,WASHINGTON,1786258360881449,39.86264,'-80.92166,saved pad reference,directions_clear,d305684e6d57cf03ab3c5197c3d1f35eebf00c8cb355e419b6bbea163b4a0972,OH-7 → saved 556 route (8.5 miles) → Clover Ridge Rd / Monroe CR-24 (3.0 miles) → gravel TR-760 (0.8 mile) → Lease Road,true,5,1,3,0,3,1,3,GPS_ONLY,,not_ready,HELD_IDENTITY,The earliest unresolved cleaned-source blocker is an exact authoritative identity/Road Manager mapping gap.,
a3d9eb44-0446-4e4d-8917-ee6b978565f4,ascent--pol,POL,Belmont,Pease,1787459253071652,40.1703,'-80.788818,saved pad reference,directions_clear,89ed2fe0d13fde28226e9d8763454187a6b7e1f26f7038533366dcf20d3bfa38,OH-150 SW (2.3 miles) → OH-647 S (0.8 mile) → Zeyer Rd (0.1 mile) → POL PES entrance,true,4,1,2,0,2,0,3,GPS_ONLY,,not_ready,HELD_IDENTITY,The earliest unresolved cleaned-source blocker is an exact authoritative identity/Road Manager mapping gap.,
41f0bfc3-7be1-450f-abfc-96dce544547b,ascent--porterfield-b,PORTERFIELD B,Belmont,RICHLAND,1786258360881449,40.090438,'-80.92121,saved pad reference,directions_clear,8c0a7fc6112068b55d46e415585d22809dd3b442949e3f2599d298f09449121f,I-70 → Exit 215 → US-40 W → Vineyard Rd / CR-56 → Lease Road (1.1 miles after stop sign),true,5,1,2,0,2,0,3,DONE,https://www.google.com/maps/dir/?api=1&travelmode=driving&dir_action=navigate&destination=40.090438%2C-80.92121&waypoints=40.073689%2C-80.945041%7C40.088246%2C-80.944086%7C40.090469%2C-80.928294,existing_reviewed_contract_preserved,REVIEWED_HANDOFF_READY,Existing reviewed named/public-road handoff remains byte-stable; any terminal GPS/private remainder stays explicitly neutral or held.,
0b7105a0-1b36-4182-8d10-1f2e297c8bab,ascent--porterfield-gas-unit,PORTERFIELD GAS UNIT,Belmont,Richland,1786258360881449,40.090431,'-80.928503,saved pad reference,directions_clear,f84fc91cd0f34641d65230da8db0c9fe4fd5907abfbcdc7d30b673c02b947041,I-70 → Exit 215 → US-40 W → Vineyard Rd / CR-56 (2.1 miles),true,4,1,2,0,2,0,3,DONE,https://www.google.com/maps/dir/?api=1&travelmode=driving&dir_action=navigate&destination=40.090431%2C-80.928503&waypoints=40.073689%2C-80.945041%7C40.088246%2C-80.944086%7C40.090469%2C-80.928294,existing_reviewed_contract_preserved,REVIEWED_HANDOFF_READY,Existing reviewed named/public-road handoff remains byte-stable; any terminal GPS/private remainder stays explicitly neutral or held.,
bb597303-aba8-47d6-9503-692687331658,ascent--premiere,PREMIERE,Belmont,Wheeling,1786265512886177,40.128496,'-81.001952,official wellhead reference,directions_clear,6d47894221eb023be9709b03957fb8e302f703909e570d0ee2c1eb72f20177d0,I-70 → Exit 213 → OH-331 N (4.7 miles) → Pad entrance,true,4,1,1,0,1,0,2,GPS_ONLY,,not_ready,HELD_TRANSITION,"Named road evidence exists, but at least one exact traveled junction or occurrence receipt is unresolved.",
4408e188-ccb4-40a6-9627-6c7a648fdd49,ascent--prosser-e,PROSSER E,Belmont,UNION,1786265812046205,40.101534,'-81.020914,saved pad reference,directions_clear,a646902adeadcd31ce19e1202166b551a65b76849bbebaa6b66cb22838466030,I-70 → Exit 208 → SR-149 N (0.5 mile) → SR-40 / National Rd E (1.5 miles) → Pancoast Rd / TR-263 N (2.3 miles) → Entrance,true,6,1,3,0,3,1,3,GPS_ONLY,,not_ready,HELD_IDENTITY,The earliest unresolved cleaned-source blocker is an exact authoritative identity/Road Manager mapping gap.,
fd6649db-8828-4f70-8519-8aac5097bfe8,ascent--r-hoover,R HOOVER,Belmont,WHEELING,1786258360881449,40.144397,'-80.892833,saved pad reference,directions_clear,2fb6df34247a6d0bba6806e4b409ffa85fda5d1820ffe1c18230ed3d8699a023,US-250 W / Cadiz Pike (13 miles) → Olive Branch Rd (322 ft) → CR-36 (0.9 mile) → Henderson Ridge Rd (1.9 miles),true,4,2,2,0,3,0,4,GPS_ONLY,,not_ready,HELD_IDENTITY,The earliest unresolved cleaned-source blocker is an exact authoritative identity/Road Manager mapping gap.,
b8490b6c-0924-4b1d-a46e-6dc54e7e7267,ascent--reitz,REITZ,Belmont,MEAD,1786265812046205,39.95176,'-80.857579,saved pad reference,directions_clear,f431dc0457cbb912ed0264606268c33eff2b0f6485535543bb40027472e409d2,Route 147 E (6.2 miles) → Wegee Rd / CR-48 (0.5 mile) → saved 291 route (about 1.5 miles) → Lease Road,true,4,1,2,0,2,1,2,GPS_ONLY,,not_ready,HELD_IDENTITY,The earliest unresolved cleaned-source blocker is an exact authoritative identity/Road Manager mapping gap.,
73f48788-9990-435a-adee-999740e958de,ascent--richland-b,RICHLAND B,Belmont,RICHLAND,1786258360881449,40.077481,'-80.995772,saved pad reference,directions_clear,8b93410de6394c8a33077ca406c7c7f2a12e4599b4730b109e49a82b1c7c9068,I-70 → Exit 213 → OH-331 S (0.2 mile) → US-40 W (1.3 miles) → Lloydsville-Bannock Rd / CR-80 (0.2 mile) → Lude Rd / TR-264 (0.3 mile),true,6,3,2,0,4,0,5,GPS_ONLY,,not_ready,HELD_TRANSITION,"Named road evidence exists, but at least one exact traveled junction or occurrence receipt is unresolved.",
435db86b-8ba5-40e2-a181-252adef649ab,ascent--robinson,ROBINSON,Belmont,Pultney,1787459253071652,40.014531,'-80.770108,saved pad reference,directions_clear,55e8d1e2071d51e50f1a0a0d62f367ce428736bee3ad231763deabfc7d76b92d,I-470 / OH-7 split → OH-7 S (4.2 miles) → OH-147 / OH-149 Bellaire exit → OH-149 (1.1 miles) → Klee Cross Rd / TR-476 (0.16 mile) → OH-147 (0.1 mile) → Fulton Hill Rd / CR-42 (0.3 mile) → Pad entrance,true,8,2,5,0,6,0,7,GPS_ONLY,,not_ready,HELD_TRANSITION,"Named road evidence exists, but at least one exact traveled junction or occurrence receipt is unresolved.",
19a4f7ef-4334-4b1c-8443-2c5ccb323d1d,ascent--rock-ridge,ROCK RIDGE,Belmont,Warren,1786265812046205,39.998772,'-81.224825,verified driver entrance,directions_clear,dc0458b8d6a8cb10037b2e0993d5c206a28888c0d69650e151bbd6379b719ecb,I-70 → Exit 202 → Route 800 S (4.1 miles) → Shannon Rd (0.9 mile) → Lowe Rd (1.1 miles) → Fairview Rd (0.4 mile) → Douglas / Fairview Rd (0.6 mile) → Putney Ridge Rd (0.7 mile) → Lease Road,true,9,3,4,0,6,0,7,DONE,https://www.google.com/maps/dir/?api=1&travelmode=driving&dir_action=navigate&destination=39.998772%2C-81.224825&waypoints=40.007077099%2C-81.176502113%7C40.007544767%2C-81.205526285%7C39.997476604%2C-81.217520411,existing_reviewed_contract_preserved,REVIEWED_HANDOFF_READY,Existing reviewed named/public-road handoff remains byte-stable; any terminal GPS/private remainder stays explicitly neutral or held.,
73e32bb0-be54-47c7-a2bf-3472dd16fd33,ascent--ross,ROSS,Belmont,Wheeling,1786265812046205,40.105598,'-80.954744,saved pad reference,directions_clear,752563599f28868e45b07f3b03120c03d3286fd3457ad80141fb6eb3ad01a148,I-70 E → Exit 215 → Route 40 W → Vineyard Rd → Lee Rd → Power Line Rd → Lease,true,7,1,4,0,4,1,4,GPS_ONLY,,not_ready,HELD_IDENTITY,The earliest unresolved cleaned-source blocker is an exact authoritative identity/Road Manager mapping gap.,
553870dd-59f1-43c2-845a-ec8d1c28e136,ascent--schnegg,SCHNEGG,Belmont,YORK,1786258360881449,39.86371,'-80.863685,saved pad reference,directions_clear,f140c4e84fd216b29b3cc5d26c1ced30c3b99a0b209fd80f936e1b906b3c8725,Route 148 from Powhatan Point → Brubakers landmark → CR-56 / Cats Run Rd → Pad,true,4,2,0,0,1,0,2,GPS_ONLY,,not_ready,HELD_GEOMETRY,"Identity/occurrence evidence is sufficient to avoid an identity hold, but exact clipped traveled geometry or the pad-specific terminal connector is not proven.",
f68bb21b-696f-4154-9a2f-09a0285984f0,ascent--seabright,SEABRIGHT,Belmont,COLERAIN,1786265812046205,40.105655,'-80.802137,saved pad reference,directions_clear,09d39a74ffc0b2d9737f62096c5e54d1c8ed18277234cc62854275a84fa5572d,Route 7 / SR-250 connection → SR-250 W (4.9 miles) → CR-18 / Lansing-Cheermont Rd S (0.44 mile) → Well-site entrance,true,4,1,2,0,2,0,3,GPS_ONLY,,not_ready,HELD_IDENTITY,The earliest unresolved cleaned-source blocker is an exact authoritative identity/Road Manager mapping gap.,
69c63442-de05-4d15-95da-07da587bc070,ascent--shutway,SHUTWAY,Belmont,Union,1787615581785257,40.113559,'-81.076149,saved pad reference,directions_clear,f20cd9daba92876448f711ec8b3b9aea3e05fb77defeea2e73a37e70e969c4ae,I-70 → Exit 208 → OH-149 N (4.5 miles) → Pad,true,4,0,2,0,1,0,2,GPS_ONLY,,interactive_two_origin_qa_not_transmitted,GOOGLE_QA_PENDING,Source-first route and evidence-backed phone-origin candidate are prepared; two-origin interactive Google rendering QA was not transmitted in this run.,
5a0ede1b-4586-4edc-9438-7cb29a24e58e,ascent--sidwell,SIDWELL,Belmont,WHEELING,1787459253071652,40.146316,'-80.979282,saved pad reference,directions_clear,3806d49660b56851eeef50285f47cd2471b392195ceed224016026db4fddc467,OH-9 S (7 miles from Cadiz) → OH-9 S (2.1 miles) → Unity Church Rd / CR-64 (0.82 mile) → Pad,true,4,3,0,0,1,0,3,GPS_ONLY,,not_ready,HELD_GEOMETRY,"Identity/occurrence evidence is sufficient to avoid an identity hold, but exact clipped traveled geometry or the pad-specific terminal connector is not proven.",
7997ba1f-ec1f-4e2f-a67f-8d36837aca67,ascent--skyline,SKYLINE,Belmont,Wheeling,1787459253071652,40.163318,'-81.007131,official pad reference,directions_clear,0110a0db4ff5a878511d1fbedc097973f44e67ddb17106020a64a141cfcb4ee4,I-70 → Exit 213 → Route 331 N → Route 149 (2.4 miles) → Lease Road,true,5,1,2,0,2,0,3,GPS_ONLY,,not_ready,HELD_TRANSITION,"Named road evidence exists, but at least one exact traveled junction or occurrence receipt is unresolved.",
59d66423-1e09-4ac8-b2ab-ae2d06d11f12,ascent--smith,SMITH,Belmont,COLERAIN,1786265812046205,40.112328,'-80.81926,saved pad reference,directions_clear,cb5ad3856e17d0e4ffb8860a85f6d72d6ec35f39edcb617f301c8ee76e452dfa,Route 7 S → Route 250 → Sharon Rd / CR-6 (approximately 1 mile) → Lease Road,true,4,2,1,0,2,0,3,GPS_ONLY,,not_ready,HELD_IDENTITY,The earliest unresolved cleaned-source blocker is an exact authoritative identity/Road Manager mapping gap.,
160d3e78-8db6-44dd-8b2c-4bdeb0f678b9,ascent--sophia-joe,SOPHIA JOE,Belmont,COLERAIN,1786258360881449,40.125229,'-80.856075,saved pad reference,directions_clear,7dc23dd8bbb5939ffb288c4521cab3154857bae8687e5f68f04d76efbd43b0d5,US-250 E (3.9 miles) → Mercer Rd (0.5 mile) → Prokes Rd (1.4 miles) → Access Road,true,4,2,1,0,2,0,3,GPS_ONLY,,not_ready,HELD_IDENTITY,The earliest unresolved cleaned-source blocker is an exact authoritative identity/Road Manager mapping gap.,
d70f5f1d-7f44-4a5e-9b05-06264f56470d,ascent--three-dads,THREE DADS,Belmont,RICHLAND,1786265812046205,40.099252,'-80.855031,saved pad reference,directions_clear,8da1f5cfe97ae674e8ac23287bb5a422c7bd4303ed9837710bb86a3840be608e,Route 7 South → Route 70 West → Exit 218 → Mall Rd → Route 40 West (1 mile) → Barton Rd / CR-4 (2.5 miles) → Pad,true,7,1,4,0,4,0,5,GPS_ONLY,,not_ready,HELD_TRANSITION,"Named road evidence exists, but at least one exact traveled junction or occurrence receipt is unresolved.",
cd4f6dcc-b603-4155-84b2-30d7ee87bbc7,ascent--truchan-ne,TRUCHAN NE,Belmont,WHEELING,1786258360881449,40.146637,'-80.931651,saved pad reference,directions_clear,dc06b99331cc80a74d03a94283c956a6e6d9b51a16c4821fa2566a0efe556e8b,I-70 → Exit 216 → OH-9 N (7.4 miles) → Shepherdstown Rd (1.1 miles) → Fairpoint Shepherdstown Rd (1.1 miles) → Sloans Run Rd (0.2 mile) → Entrance,true,7,3,2,0,4,0,5,DONE,https://www.google.com/maps/dir/?api=1&travelmode=driving&dir_action=navigate&destination=40.146637%2C-80.931651&waypoints=40.151952334248%2C-80.961064815011%7C40.15863093394%2C-80.943718975075%7C40.146780343386%2C-80.934175287918,existing_reviewed_contract_preserved,REVIEWED_HANDOFF_READY,Existing reviewed named/public-road handoff remains byte-stable; any terminal GPS/private remainder stays explicitly neutral or held.,
c10e2066-d6b7-4117-aea9-137dd1237b3a,ascent--truchan-nw,TRUCHAN NW,Belmont,WHEELING,1786258360881449,40.147814,'-80.935886,saved pad reference,directions_clear,1fc28a957a94bb0a8980e1105e06f5c486ad12e13de73a435cb48a8d52c23c40,I-70 → Exit 216 → OH-9 N (7.4 miles) → Shepherdstown Rd (1.1 miles) → Fairpoint Shepherdstown Rd (1.5 miles) → Entrance,true,6,3,1,0,3,0,4,DONE,https://www.google.com/maps/dir/?api=1&travelmode=driving&dir_action=navigate&destination=40.147814%2C-80.935886&waypoints=40.151952334248%2C-80.961064815011%7C40.15863093394%2C-80.943718975075,existing_reviewed_contract_preserved,REVIEWED_HANDOFF_READY,Existing reviewed named/public-road handoff remains byte-stable; any terminal GPS/private remainder stays explicitly neutral or held.,
ce5d219e-1d2c-47c8-b921-3f2abfe45c5d,ascent--vannelle,VANNELLE,Belmont,WHEELING,1786258360881449,40.14744,'-80.961696,saved pad reference,directions_clear,5aef9eea59ebc153b9090a9f86c2a3087323721aed2e5beed7fc490b771fb523,I-70 → Exit 216 → OH-9 N (7.5 miles) → Pad near Shepherdstown Rd / CR-64,true,4,1,1,0,1,0,2,GPS_ONLY,,interactive_two_origin_qa_not_transmitted,GOOGLE_QA_PENDING,Source-first route and evidence-backed phone-origin candidate are prepared; two-origin interactive Google rendering QA was not transmitted in this run.,
55f7328d-0da2-430d-8ecb-89ad91260f61,ascent--violet,VIOLET,Belmont,PULTNEY,1786265812046205,40.014235,'-80.793111,saved pad reference,directions_clear,889ea33cb3e8f4c65d0956d2899666424a902cd7b4af0da92347775ef0fb1859,Route 70 East → Exit 208 → Route 149 South → Route 147 → CR-4 → McClainsville Rd → Pad,true,7,4,1,0,4,1,4,GPS_ONLY,,not_ready,HELD_TRANSITION,"Named road evidence exists, but at least one exact traveled junction or occurrence receipt is unresolved.",
a26bd78e-5be2-4484-908e-3df512de2296,ascent--wassmann,WASSMANN,Belmont,PULTNEY,1786265812046205,39.991086,'-80.787849,saved pad reference,directions_clear,8ad4970b9f09db4358491f4e63d9f9003be9f490acf4b461c26d55c610c48bda,I-70 → Exit 208 → SR-149 S (2.4 miles) → Bethesda Belmont Rd / SR-147 E (0.2 mile) → Bridge St / SR-147 E (400 ft) → W Main St / SR-147 E (0.2 mile) → SR-147 E / Jefferson St (6.7 miles) → SR-147 E (11 miles) → Winding Hill Rd / CR-44 (0.9 mile) → Lease Road,true,10,1,7,0,5,1,7,GPS_ONLY,,not_ready,HELD_TRANSITION,"Named road evidence exists, but at least one exact traveled junction or occurrence receipt is unresolved.",
ebe8e078-ab41-4151-84fb-4186772b4a07,ascent--west,WEST,Belmont,YORK,1786265812046205,39.92022,'-80.86322,saved pad reference,directions_clear,e1f1ae1a0f11f2adb65e7c5d0cf25955998078fe5cb7ef5759f8a0746bb60caa,I-70 → Exit 208 → Route 149 S → Route 147 → Route 147 through Belmont / Centerville → County Road 5 → Mount Victory / CR-56 (3.5 miles from CR-5) → Lease Road,true,8,2,4,0,4,1,5,GPS_ONLY,,not_ready,HELD_TRANSITION,"Named road evidence exists, but at least one exact traveled junction or occurrence receipt is unresolved.",
25dc9adf-e09a-4cfa-8900-59492fbad0ec,ascent--wheeling-valley,WHEELING VALLEY,Belmont,WHEELING,1786258360881449,40.153061,'-80.923517,saved pad reference,directions_clear,5f33679c5f798111c57fb43ff314b3b000650e1983f99e2e076f2fcc6170c6df,I-70 → OH-9 N → Shepherdstown Rd / CR-64 (1.1 miles) → Fairpoint Shepherdstown Rd (1.1 miles) → Sloans Run Rd (0.6 mile) → Dunn Rd (0.5 mile) → Morgan Rd → Destination,true,8,4,3,0,6,0,7,DONE,https://www.google.com/maps/dir/?api=1&travelmode=driving&dir_action=navigate&destination=40.153061%2C-80.923517&waypoints=40.15863093394%2C-80.943718975075%7C40.147055385412%2C-80.922842319818%7C40.153787436713%2C-80.924159995223,existing_reviewed_contract_preserved,REVIEWED_HANDOFF_READY,Existing reviewed named/public-road handoff remains byte-stable; any terminal GPS/private remainder stays explicitly neutral or held.,
f90abbf8-d7a6-4437-9668-23aadb80eeef,ascent--wise,WISE,Belmont,PULTNEY,1787459253071652,40.046772,'-80.782373,saved pad reference,directions_clear,c8d89d95073cc127cd1732c214b09a421e6dd5a94c28df2a2119fe71604d58f6,SR-7 → Route 470 W → Exit 3 → left at top of ramp (approximately 0.75 mile) → Lease Road,true,5,0,2,0,1,0,2,GPS_ONLY,,not_ready,HELD_IDENTITY,The earliest unresolved cleaned-source blocker is an exact authoritative identity/Road Manager mapping gap.,
f2df293f-13a2-401e-96b2-21e71ac63e6a,ascent--withey,WITHEY,Belmont,Warren,1786246617744175,39.962005,'-81.216813,verified driver entrance,directions_clear,97a6dd4ab560004472688252ccaa07e4a8ab36b1630767e8a40440f5478e3c52,I-70 → Exit 202 → OH-800 S (6.4 miles) → Gobblers Knob Rd / Township Hwy 155 (2.2 miles) → Lease Road,true,5,2,1,0,2,0,3,DONE,https://www.google.com/maps/dir/?api=1&travelmode=driving&dir_action=navigate&destination=39.962005%2C-81.216813&waypoints=39.967149%2C-81.2055552,existing_reviewed_contract_preserved,REVIEWED_HANDOFF_READY,Existing reviewed named/public-road handoff remains byte-stable; any terminal GPS/private remainder stays explicitly neutral or held.,
a2e0fe73-db17-44fd-86ce-5a0759971607,ascent--wright,WRIGHT,Belmont,RICHLAND,1786265812046205,40.006933,'-80.845086,saved pad reference,directions_clear,e92bef7764f7fb264f7383c12c1658767e2ea0b30d5f4f944df2a482f4d3ab17,I-70 → Exit 208 → Route 149 S → Route 147 → Route 147 through Belmont / Centerville (7.7 miles) → Wright turnaround → Route 147 → Boyds Ridge Rd (1.5 miles) → Lease Road,true,9,0,6,0,3,2,4,GPS_ONLY,,not_ready,HELD_IDENTITY,The earliest unresolved cleaned-source blocker is an exact authoritative identity/Road Manager mapping gap.,
81b842b1-9f67-4be4-b94f-7a2ae402b740,ascent--atmos,ATMOS,Guernsey,OXFORD,1786258360881449,40.05752,'-81.265294,saved pad reference,directions_clear,c3c2fcf1f558d4f7756050922829a331381437a811e3ea56951d23e871b130f9,I-70 → Exit 198 → Fair Rd (0.5 mile) → Waymor Rd (1.1 miles) → Lease Road,true,5,1,2,0,2,0,3,GPS_ONLY,,not_ready,HELD_IDENTITY,The earliest unresolved cleaned-source blocker is an exact authoritative identity/Road Manager mapping gap.,
0b76ebf9-8ed9-46a7-957d-12c2617d61df,ascent--ayers,AYERS,Guernsey,Madison,1786265512886177,40.111221,'-81.394485,saved pad reference,directions_clear,6904e016419a7b231a945cb317d3b37aff76c7d7be8530e8b3721cfae204514c,SR-285 / US-22 intersection → East (1.2 miles) → Rainbow Rd N (0.3 mile) → Lease Road,true,4,1,1,0,1,0,2,GPS_ONLY,,not_ready,HELD_IDENTITY,The earliest unresolved cleaned-source blocker is an exact authoritative identity/Road Manager mapping gap.,
6a76157e-c1c5-4624-bdf3-db996ed3aebd,ascent--betts,BETTS,Guernsey,LONDONDERRY,1786258360881449,40.105342,'-81.260282,saved pad reference,directions_clear,cb7f2dab29984d0c5de1435a9d1f075745c81ffe4a551b15434c93a582a6b943,US-22 E (15.4 miles from Cambridge) → McCoy Rd / CR-82 (5.6 miles) → Pad,true,3,2,0,0,1,0,2,GPS_ONLY,,not_ready,HELD_TRANSITION,"Named road evidence exists, but at least one exact traveled junction or occurrence receipt is unresolved.",
59061829-1122-4aae-872d-cf5024310373,ascent--bilinovich,BILINOVICH,Guernsey,LONDONDERRY,1787802711836476,40.08738445,'-81.3028262,saved pad reference,directions_clear,1287fcac948acdb5ed0ec1defbe16d92244f9550aa144ce23e9854d3bb925547,US-22 E → McCoy Rd / CR-82 → Merry Rd / TR-967 → Penrose Rd / CR-694 → Logan Rd / CR-964 → Turkle Rd / TR-693 → trusted lease approach → BILINOVICH,false,8,5,1,0,5,0,6,DONE,https://www.google.com/maps/dir/?api=1&travelmode=driving&dir_action=navigate&destination=40.08738445%2C-81.30282620&waypoints=40.123106982%2C-81.353948693%7C40.095894612%2C-81.283992781%7C40.099684564%2C-81.297880136,existing_reviewed_contract_preserved,REVIEWED_HANDOFF_READY,Existing reviewed named/public-road handoff remains byte-stable; any terminal GPS/private remainder stays explicitly neutral or held.,
0dc102c5-1640-47bf-9975-736cf684c227,ascent--brown,BROWN,Guernsey,Washington,1786265812046205,40.182389,'-81.413411,official pad reference,directions_clear,9e7de381c534d84770f5f350949e6e2bd6bc3e247a7a6fbc8ae48d35680514b4,I-77 N → Kimbolton exit → saved Route 21 N (approximately 6–7 miles) → Route 258 → Lease Road,true,5,1,2,0,2,0,3,GPS_ONLY,,not_ready,HELD_TRANSITION,"Named road evidence exists, but at least one exact traveled junction or occurrence receipt is unresolved.",
58c94af4-32b1-4f80-a278-a5f73688fa23,ascent--caston,CASTON,Guernsey,LONDONDERRY,1786258360881449,40.130458,'-81.328059,saved pad reference,directions_clear,75b1327b8971ed74a40801a3bcf5fe0e32f6bc773e9eb7c4fbbd5a78508eedeb,US-22 E (15.4 miles from Cambridge) → McCoy Rd / CR-82 (2.3 miles) → Jasper Rd / CR-93 (1.3 miles) → Caston Rd → Pad,true,5,4,0,2,1,0,4,DONE,https://www.google.com/maps/dir/?api=1&travelmode=driving&dir_action=navigate&destination=40.130458%2C-81.328059&waypoints=40.123106982%2C-81.353948693%7C40.113698669772%2C-81.314757942078%7C40.127876178092%2C-81.316090497685,existing_reviewed_contract_preserved,REVIEWED_HANDOFF_READY,Existing reviewed named/public-road handoff remains byte-stable; any terminal GPS/private remainder stays explicitly neutral or held.,
b22c557a-950a-4ed7-a65a-f4730b9bc727,ascent--circle-oaks,CIRCLE-OAKS,Guernsey,Washington,1787459253071652,40.176413,'-81.34877,verified driver entrance,directions_clear,9fa5a0d4aa562efe63138268ed46a8badd61a3fb2570df65e4619bd215d23814,OH-342 E (5.3 miles) → OH-258 (3.6 miles) → Martha Rd (0.2 mile) → Titus Rd (3.5 miles) → Pad,true,5,1,3,0,3,0,4,DONE,https://www.google.com/maps/dir/?api=1&travelmode=driving&dir_action=navigate&destination=40.176413%2C-81.34877&waypoints=40.211888715%2C-81.390778629%7C40.204197138%2C-81.382414119,existing_reviewed_contract_preserved,REVIEWED_HANDOFF_READY,Existing reviewed named/public-road handoff remains byte-stable; any terminal GPS/private remainder stays explicitly neutral or held.,
57e1d8d2-0d6c-481f-881d-1839a72a037b,ascent--coad,COAD,Guernsey,OXFORD,1786258360881449,40.033571,'-81.258135,saved pad reference,directions_clear,1218b6a916de54edd7540ba373125b5280f735e8e55a84dad3d152a7433eef76,I-70 → Exit 193 → OH-513 S (2.2 miles) → Oxford Rd (3.0 miles) → Lease Road,true,5,2,1,0,2,1,2,GPS_ONLY,,not_ready,HELD_TRANSITION,"Named road evidence exists, but at least one exact traveled junction or occurrence receipt is unresolved.",
852a50cf-855e-4ebc-96db-19edd085b083,ascent--cooper,COOPER,Guernsey,Washington,1787459253071652,40.164905,'-81.405149,saved pad reference,directions_clear,6b93f6200f4cd5f71acb0f83a989e15bfffcefd2fda14d29f7ab685b54121f36,SR-258 → Martha Rd → Titus Rd → Sligo Rd → Turkey Run Rd → Tanglwood Ln → Lease Road,true,7,6,0,0,5,0,6,GPS_ONLY,,not_ready,HELD_TRANSITION,"Named road evidence exists, but at least one exact traveled junction or occurrence receipt is unresolved.",
8a7b9669-169d-45a5-bf55-b9be5cbd51e2,ascent--donna,DONNA,Guernsey,LONDONDERRY,1787459253071652,40.123656,'-81.252093,saved pad reference,directions_clear,8777525a9830eb559a55ef38ab98e4bcfab3a4a36fca7700d644805536261459,OH-800 S (2.8 miles) → US-22 (2.8 miles) → Skull Fork Rd (3.5 miles) → Bond Ln (0.4 mile),true,4,4,0,0,3,0,4,GPS_ONLY,,not_ready,HELD_TRANSITION,"Named road evidence exists, but at least one exact traveled junction or occurrence receipt is unresolved.",
58fd9d03-e992-457e-95d3-6773c8f86b9c,ascent--eggleston,EGGLESTON,Guernsey,WILLS,1786258360881449,40.035153,'-81.413456,saved pad reference,directions_clear,718182b3770e2315657f3bf4b46861daae8fa1fc782df7f5cb3c75a8f5f6b1c2,I-70 → Exit 186 → OH-285 N (0.4 mile) → Buckeye Hiking Trail / US-40 (0.6 mile) → County Home Rd (0.1 mile) → Easton Rd (0.9 mile) → Entrance,true,7,3,2,0,4,1,4,GPS_ONLY,,not_ready,HELD_TRANSITION,"Named road evidence exists, but at least one exact traveled junction or occurrence receipt is unresolved.",
bd2e0e20-8aa8-4e05-a4c0-0af312234853,ascent--gil,GIL,Guernsey,LONDONDERRY,1786258360881449,40.09387,'-81.29646,saved pad reference,directions_clear,f95f3c90b7018ba044ec3fb33fe930b952c41feb69907d1eb09018eeede7cbdd,US-22 W (23 ft) → McCoy Rd (4.5 miles) → Merry Rd (0.7 mile) → Penrose Rd (0.9 mile) → Logan Rd (0.5 mile) → Gil lease,true,6,5,0,0,4,0,5,DONE,https://www.google.com/maps/dir/?api=1&travelmode=driving&dir_action=navigate&destination=40.09387%2C-81.29646&waypoints=40.123106982%2C-81.353948693%7C40.095922776519%2C-81.28417385453%7C40.099552104984%2C-81.297815548031,existing_reviewed_contract_preserved,REVIEWED_HANDOFF_READY,Existing reviewed named/public-road handoff remains byte-stable; any terminal GPS/private remainder stays explicitly neutral or held.,
71c9c874-5514-46a4-8d91-b105c6734799,ascent--gilcher,GILCHER,Guernsey,LONDONDERRY,1786258360881449,40.100079,'-81.295657,saved pad reference,directions_clear,e5aac80c1d9cf986bc544534e98162f2bf8d67a565634d28de344b5241dd01e3,US-22 E (15.4 miles from Cambridge) → McCoy Rd / CR-82 (4.5 miles) → Merry Rd / TR-967 (0.72 mile) → Penrose Rd / TR-694 (0.36 mile) → Pad,true,5,3,1,1,2,0,4,DONE,https://www.google.com/maps/dir/?api=1&travelmode=driving&dir_action=navigate&destination=40.100079%2C-81.295657&waypoints=40.123106982%2C-81.353948693%7C40.105015636324%2C-81.279619885553%7C40.095922776519%2C-81.28417385453,existing_reviewed_contract_preserved,REVIEWED_HANDOFF_READY,Existing reviewed named/public-road handoff remains byte-stable; any terminal GPS/private remainder stays explicitly neutral or held.,
efb704af-2dc0-4298-81c3-bad2ac13787b,ascent--gingerich,GINGERICH,Guernsey,LONDONDERRY,1786265812046205,40.091693,'-81.326033,saved pad reference,directions_clear,8b5b5c44a2c5b4b8bdc0c6b4f8ce6d666107440ab9de30414f3c4fe24f9cdfb0,Saved State Route 22 → Route 513 S (about 1.5 miles) → Pad,true,3,1,1,0,1,0,2,GPS_ONLY,,not_ready,HELD_TRANSITION,"Named road evidence exists, but at least one exact traveled junction or occurrence receipt is unresolved.",
4d010be1-39a8-4e4e-8bc8-d2b3337964e8,ascent--henry,HENRY,Guernsey,LONDONDERRY,1786265812046205,40.129593,'-81.289909,saved pad reference,directions_clear,101a0ebf60ad4c69638a0c1b46548f12bfb6937d198ee6ffe28fdbc3143a2b0e,State Route 800 S (2.8 miles) → US-22 (7.9 miles southwest) → McCoy Rd (3.1 miles east) → Tyson Mill Rd (1.6 miles north) → Access Road,true,5,2,2,0,3,0,4,GPS_ONLY,,not_ready,HELD_IDENTITY,The earliest unresolved cleaned-source blocker is an exact authoritative identity/Road Manager mapping gap.,
351b72fb-eb48-4355-b6fc-d8e9a867f79c,ascent--hoop,HOOP,Guernsey,LONDONDERRY,1787459253071652,40.166384,'-81.325728,saved pad reference,directions_clear,77a1098e5e4a9bee1899994d346305cf8f61bd859841663d8c7d7bfdb53920a6,I-77 → Route 22 E (16.2 miles) → Titus Rd (1.6 miles) → Hoop Ln → Lease Road,true,5,1,3,0,3,0,4,DONE,https://www.google.com/maps/dir/?api=1&travelmode=driving&dir_action=navigate&destination=40.166384%2C-81.325728&waypoints=40.053083897672%2C-81.551936547892%7C40.1495834623593%2C-81.3150932898081%7C40.1536867643988%2C-81.3127475000983,existing_reviewed_contract_preserved,REVIEWED_HANDOFF_READY,Existing reviewed named/public-road handoff remains byte-stable; any terminal GPS/private remainder stays explicitly neutral or held.,
8698112a-c3b4-453e-94d0-bcf4b2476cfb,ascent--j-barr-j,J BARR J,Guernsey,OXFORD,1786258360881449,40.03226,'-81.263847,saved pad reference,directions_clear,7a6e5c381617cdad8c00153224e21b90880436b273b91855ca9799174f707269,I-70 → Exit 193 → OH-513 S (2.2 miles) → Oxford Rd (3.0 miles) → Lease Road,true,5,2,1,0,2,1,2,GPS_ONLY,,not_ready,HELD_TRANSITION,"Named road evidence exists, but at least one exact traveled junction or occurrence receipt is unresolved.",
f80dea77-db11-45f8-b30c-6c6abb85e469,ascent--jackalope,JACKALOPE,Guernsey,WASHINGTON,1786265812046205,40.164159,'-81.356092,saved pad reference,directions_clear,39300dd895636bc55e4c5f2d02551f5cd17f9feda18086fbccaa7f427315d636,Route 800 at Freeport → Route 342 W (5.1 miles) → Route 258 W (3.5 miles) → Martha Rd → Titus Rd → Lodge Rd → Cox → Lodge Rd → Pad (approximately 0.75 mile),true,9,2,5,0,6,0,7,DONE,https://www.google.com/maps/dir/?api=1&travelmode=driving&dir_action=navigate&destination=40.164159%2C-81.356092&waypoints=40.211888715%2C-81.390778629%7C40.204197138%2C-81.382414119%7C40.174296992%2C-81.360075011,existing_reviewed_contract_preserved,REVIEWED_HANDOFF_READY,Existing reviewed named/public-road handoff remains byte-stable; any terminal GPS/private remainder stays explicitly neutral or held.,
fcbf5085-4ba2-496d-9c20-516e8b52f9bd,ascent--jennings,JENNINGS,Guernsey,WILLS,1787615581785257,40.010991,'-81.457719,saved pad reference,directions_clear,777ef797e485ebd7995d6f3d26b206e451bde3b6a4ba6f01e460fc11bf50946e,I-70 → Exit 186 → OH-285 S (1.8 miles) → Pad,true,4,1,1,0,1,1,1,DONE,https://www.google.com/maps/dir/?api=1&travelmode=driving&dir_action=navigate&destination=40.010991%2C-81.457719&waypoints=40.011053%2C-81.457868,existing_reviewed_contract_preserved,REVIEWED_HANDOFF_READY,Existing reviewed named/public-road handoff remains byte-stable; any terminal GPS/private remainder stays explicitly neutral or held.,
894fffa5-bd8f-4de6-acea-6296382d9c14,ascent--kroby,KROBY,Guernsey,MADISON,1786258360881449,40.122349,'-81.360599,saved pad reference,directions_clear,931b021326b11326b6237b8027fbfa0caabb1a7fb076ef3ad4de96421c9ee705,OH SR-22 → Lodge Rd in Antrim → about 300 yd north → Pad,true,4,0,2,0,1,0,2,GPS_ONLY,,not_ready,HELD_IDENTITY,The earliest unresolved cleaned-source blocker is an exact authoritative identity/Road Manager mapping gap.,
ccf7415a-331b-440a-829d-28282a33cde1,ascent--lake,LAKE,Guernsey,LONDONDERRY,1786258360881449,40.14776,'-81.295527,saved pad reference,directions_clear,826b5fd20275a5a4d44a6e1eaf3f2f45f678de6bdf9e312e1d48ac5cb3a2c875,US-22 E (15.1 miles from Cambridge) → McCoy Rd (3.1 miles) → Tyson Mill Rd (1.9 miles) → Pennyroyal Rd (1.0 mile) → Pad,true,5,4,0,2,1,0,4,DONE,https://www.google.com/maps/dir/?api=1&travelmode=driving&dir_action=navigate&destination=40.14776%2C-81.295527&waypoints=40.123106982%2C-81.353948693%7C40.11184081055%2C-81.300972387724%7C40.134573026404%2C-81.287284993921,existing_reviewed_contract_preserved,REVIEWED_HANDOFF_READY,Existing reviewed named/public-road handoff remains byte-stable; any terminal GPS/private remainder stays explicitly neutral or held.,
883420b3-07b9-4682-912e-42ba278d1132,ascent--lavada,LAVADA,Guernsey,RICHLAND,1786265812046205,39.97411,'-81.412098,saved pad reference,directions_clear,8b35d9d4df63008359f189ffb930f39e54628c7612c5c3163de50ceb5ac5cd52,I-70 → Exit 186 → SR-285 S (3.4 miles) → SR-265 E (2.4 miles) → Salem Rd (0.6 mile) → Lease Road,true,6,2,2,0,3,0,4,GPS_ONLY,,not_ready,HELD_TRANSITION,"Named road evidence exists, but at least one exact traveled junction or occurrence receipt is unresolved.",
143f5268-33e4-4598-8101-40220b5cfdc4,ascent--lawson,LAWSON,Guernsey,LONDONDERRY,1786258360881449,40.124991,'-81.295913,saved pad reference,directions_clear,bf598915c13e5f761df68a52ec360bde0e399dd75577ecb647da84bf23b64fb8,US-22 E (15.1 miles from Cambridge) → McCoy Rd (3.1 miles) → Tyson Mill Rd (1.1 miles) → Millers Fork Rd (300 feet) → Pad,true,5,4,0,2,1,0,4,DONE,https://www.google.com/maps/dir/?api=1&travelmode=driving&dir_action=navigate&destination=40.124991%2C-81.295913&waypoints=40.123106982%2C-81.353948693%7C40.111789555%2C-81.300978103%7C40.124973191%2C-81.294865644,existing_reviewed_contract_preserved,REVIEWED_HANDOFF_READY,Existing reviewed named/public-road handoff remains byte-stable; any terminal GPS/private remainder stays explicitly neutral or held.,
65083627-e1a1-4688-8ed0-d279011963e2,ascent--leila,LEILA,Guernsey,Lnd,1787459253071652,40.168102,'-81.2548,saved pad reference,directions_clear,0b122d904af633b980b3fc94cd349ca40e4d80046bb5f777b8d1e9208f128e5d,State Route 22 West → Route 800 north/south landmark → Pad,true,3,1,1,0,1,0,2,GPS_ONLY,,not_ready,HELD_TRANSITION,"Named road evidence exists, but at least one exact traveled junction or occurrence receipt is unresolved.",
6a46001d-bc61-4cd2-8c30-40e5366aaa69,ascent--lincoln,LINCOLN,Guernsey,MADISON,1786258360881449,40.091674,'-81.360771,saved pad reference,directions_clear,9f089f8c63ae8b44aa435fc9a335dffd46063e5f8d9a9eac4bd25f17893a20ae,I-77 → Exit 47 → US-22 E (15 miles) → Fairground Rd (0.25 mile) → Rhinehart Rd (0.7 mile to lease after turn) → Lease Road,true,6,1,2,0,2,0,3,GPS_ONLY,,not_ready,HELD_IDENTITY,The earliest unresolved cleaned-source blocker is an exact authoritative identity/Road Manager mapping gap.,
5c4a497e-cf33-48dd-8272-9fd06ebb9e6a,ascent--lodge,LODGE,Guernsey,Washington,1786265812046205,40.164138,'-81.351162,official wellhead reference,directions_clear,692f7245eee94c81bdbbb402e410548bfb258a08f8ff6530978d943f22072b7b,Route 342 W → Route 258 W → Martha Rd → Titus Rd → Lodge Rd → Cox Rd / one-lane bridge → Lease Road,true,7,1,5,0,5,0,6,DONE,https://www.google.com/maps/dir/?api=1&travelmode=driving&dir_action=navigate&destination=40.164138%2C-81.351162&waypoints=40.211888715%2C-81.390778629%7C40.204197138%2C-81.382414119%7C40.174296992%2C-81.360075011,existing_reviewed_contract_preserved,REVIEWED_HANDOFF_READY,Existing reviewed named/public-road handoff remains byte-stable; any terminal GPS/private remainder stays explicitly neutral or held.,
6d89d217-9479-40ea-ab0e-64937b8cebc6,ascent--miller-farms,MILLER FARMS,Guernsey,WASHINGTON,1786265812046205,40.174982,'-81.380498,saved pad reference,directions_clear,5d73f4c3ce1490389bd0196495405f7aa39c4875e03d05c8ee4755cc6793ea55,Saved SR-22 W (17 miles) → SR-800 / Smyrna Rd (3.3 miles) → Eest Main St (500 ft) → High St (450 ft) → SR-342 / Westchester Rd (5.2 miles) → SR-258 (3.6 miles) → Martha Rd / New Town Rd (300 ft) → Martha Rd / CR-878 (0.1 mile) → Titus Rd / CR-878 (2.2 miles) → Slingo Rd / CR-870 (1.2 miles) → Sugartree Rd / CR-84 (0.5 mile) → Pad,true,12,4,7,0,9,0,11,GPS_ONLY,,not_ready,HELD_TRANSITION,"Named road evidence exists, but at least one exact traveled junction or occurrence receipt is unresolved.",
fc8a81c6-ccd5-4d1c-9eb6-507f05317688,ascent--mohorovich,MOHOROVICH,Guernsey,RICHLAND,1786265812046205,39.951763,'-81.374778,saved pad reference,directions_clear,17daf494c663655d2dcb38cc21cf6da7ea7a9565a10043ebe7ed05b5e937499c,I-70 → Route 513 S (6.7 miles) → Route 265 W (2.4 miles) → Route 761 S (3.9 miles) → Mel Frakes / Frankfort Rd (1.4 miles combined) → Sparrow Rd → Lease Road,true,7,2,4,0,5,1,5,GPS_ONLY,,not_ready,HELD_IDENTITY,The earliest unresolved cleaned-source blocker is an exact authoritative identity/Road Manager mapping gap.,
24ad118d-5618-49c4-a805-40b137f1ebb6,ascent--raber,RABER,Guernsey,LONDONDERRY,1786258360881449,40.086629,'-81.341006,saved pad reference,directions_clear,4277807f39092157bfab9ecd59e2294cc59b77471d106e45e4e044f282a5a93f,OH-800 S / Smyrna Rd (2.8 miles) → OH-800 S / US-22 W (8.2 miles) → OH-513 S (2 miles) → Hoover Rd (0.9 mile) → Entrance,true,5,3,1,0,2,1,3,GPS_ONLY,,not_ready,HELD_IDENTITY,The earliest unresolved cleaned-source blocker is an exact authoritative identity/Road Manager mapping gap.,
0a2a4a64-6e64-4b7d-9652-e1a97db4fc4f,ascent--rector-c,RECTOR-C,Guernsey,RICHLAND,1786265812046205,39.955552,'-81.395087,saved pad reference,directions_clear,7549bcee19f52abf6cbb8ac00262565d19b91e014d3c844cfef7d48f79baa740,I-70 → Exit 186 → OH-285 S (7.6 miles) → OH-313 E (0.8 mile) → Salem Rd (3.1 miles) → New Gottengen Rd (1.5 miles) → Meadowlark Rd (0.8 mile) → Lease Road,true,8,5,1,0,5,1,5,GPS_ONLY,,not_ready,HELD_TRANSITION,"Named road evidence exists, but at least one exact traveled junction or occurrence receipt is unresolved.",
be83fc24-5c6a-49cd-88a0-52016ca7b657,ascent--red-hill-farm,RED-HILL-FARM,Guernsey,LONDONDERRY,1786258360881449,40.136541,'-81.336794,saved pad reference,directions_clear,a8e035c3e40384e854e814f3558996a794d03b023887314b8def86563e8dad9d,US-22 W (3.2 miles from Londonderry) → Access Road,true,2,1,0,0,0,1,0,DONE,https://www.google.com/maps/dir/?api=1&travelmode=driving&dir_action=navigate&destination=40.136541%2C-81.336794&waypoints=40.138155%2C-81.337876,existing_reviewed_contract_preserved,REVIEWED_HANDOFF_READY,Existing reviewed named/public-road handoff remains byte-stable; any terminal GPS/private remainder stays explicitly neutral or held.,
49621232-da89-4960-b1b2-037a7151b28b,ascent--shipman,SHIPMAN,Guernsey,WILLS,1786258360881449,40.031159,'-81.432415,saved pad reference,directions_clear,97cf4411a43b1c4386dd40f37a2eb348ada77edf6822555a8578bcc8aad7f3c9,I-70 → Exit 186 → OH-285 N / US-40 W → Buckeye Hiking Trail (0.6 mile) → County Home Rd / CR-73 (0.3 mile) → Entrance,true,6,2,2,0,3,0,4,GPS_ONLY,,not_ready,HELD_IDENTITY,The earliest unresolved cleaned-source blocker is an exact authoritative identity/Road Manager mapping gap.,
8ed9b8f8-33f6-4701-a4a4-4849d4b8c254,ascent--shugert-daddy,SHUGERT DADDY,Guernsey,Wills,1787459253071652,40.0061875,'-81.4118155,saved pad reference,written_directions,8ac3558ae9bfab1e227b5ff8b1b539a0e972758e8e9fe2c9e1aaff2b17ccb2d4,,false,0,0,0,0,0,0,0,GPS_ONLY,,not_ready,INSUFFICIENT,Only unstructured written directions are available; a canonical route cannot be inferred without guessing.,
06ac93a2-3b46-44fd-9fa6-2fd29201858a,ascent--skull-fork,SKULL FORK,Guernsey,Londonderry,1787459253071652,40.159734,'-81.260675,verified driver entrance,directions_clear,d9322f32e155e646e46ed51be7c1f3730b83c5140e97ac7daed274fe8bded266,I-70 → Exit 202 → OH-800 N (10 miles) → US-22 W (0.8 mile) → Repik Ln → Pad,true,6,3,1,0,3,0,4,DONE,https://www.google.com/maps/dir/?api=1&travelmode=driving&dir_action=navigate&destination=40.159734%2C-81.260675&waypoints=40.16761%2C-81.259685,existing_reviewed_contract_preserved,REVIEWED_HANDOFF_READY,Existing reviewed named/public-road handoff remains byte-stable; any terminal GPS/private remainder stays explicitly neutral or held.,
eae4741b-7fb4-4bc3-8b20-26043032acda,ascent--slabaugh,SLABAUGH,Guernsey,Richland,1786265512886177,39.95541,'-81.4408,saved pad reference,directions_clear,f1a7b1a947e171aa8db62fd2a0faff8cc5ea15e8e37ba8bfa2ecaa7764d603c1,I-70 → Exit 186 → OH-285 S (7.4 miles) → OH-313 E (0.9 mile) → Salem Rd (1.4 miles) → Nighthawk Rd (0.4 mile) → Lease Road,true,7,3,2,0,4,0,5,GPS_ONLY,,not_ready,HELD_TRANSITION,"Named road evidence exists, but at least one exact traveled junction or occurrence receipt is unresolved.",
90d4f3e4-f0a1-48eb-81f8-ea66ee6c80bb,ascent--stella,STELLA,Guernsey,Madison,1787459253071652,40.113555,'-81.37761,saved pad reference,directions_clear,5a39a58ecda8742a9ccae6a92aea85f091670079f308612faa665c7bdfb0a234,I-70 → Exit 193 → Route 513 N (6.1 miles) → US-22 W (2.4 miles) → Hobbler Rd (0.032 mile) → Access Road,true,6,2,2,0,3,0,4,GPS_ONLY,,not_ready,HELD_IDENTITY,The earliest unresolved cleaned-source blocker is an exact authoritative identity/Road Manager mapping gap.,
25dc64b5-4a52-4cef-8b2c-62e7e36d64c7,ascent--tarpley,TARPLEY,Guernsey,OXFORD,1786265812046205,40.063839,'-81.293734,saved pad reference,directions_clear,0f467cb43003a0c068f2a71902e8fa4e5cdcacbeaf5b9aedb4557d494302403a,Route 70 W → Quaker City Exit 193 → Route 513 N → Bridgewater Rd / 690 E (about 1.7 miles) → 94 N / Pisgah Rd (about 0.5 mile) → Lease Road,true,6,2,2,0,3,0,4,GPS_ONLY,,not_ready,HELD_IDENTITY,The earliest unresolved cleaned-source blocker is an exact authoritative identity/Road Manager mapping gap.,
1e898176-672d-4174-8878-4aae0aee2128,ascent--thomas,THOMAS,Guernsey,LONDONDERRY,1786265812046205,40.096986,'-81.307667,saved pad reference,directions_clear,01ff4277a5ad9d6878a61580fa59cb445880c8f8643259e7a4a01fd30b923c01,I-70 → Exit 193 → SR-513 N (2.7 miles) → Tyson Mill Rd (1.0 mile) → Lease Road,true,5,2,1,0,2,0,3,DONE,https://www.google.com/maps/dir/?api=1&travelmode=driving&dir_action=navigate&destination=40.096986%2C-81.307667&waypoints=40.087850494651%2C-81.32056155136,existing_reviewed_contract_preserved,REVIEWED_HANDOFF_READY,Existing reviewed named/public-road handoff remains byte-stable; any terminal GPS/private remainder stays explicitly neutral or held.,
6c93d03a-76e8-4c03-b47e-8b7011c81a1a,ascent--troyer,TROYER,Guernsey,LONDONDERRY,1786258360881449,40.087025,'-81.259818,saved pad reference,directions_clear,b4c3db29c233a214a7fe7378a349d9ebfea912816692db998b504e38d0115699,US-22 E (15.4 miles from Cambridge) → McCoy Rd / CR-82 (4.8 miles) → Pennyroyal Rd / CR-95 (1.8 miles) → Penrose Rd / TR-694 (0.3 mile) → Pad,true,5,3,1,1,2,0,4,DONE,https://www.google.com/maps/dir/?api=1&travelmode=driving&dir_action=navigate&destination=40.087025%2C-81.259818&waypoints=40.123106982%2C-81.353948693%7C40.10466556%2C-81.273528365%7C40.083490401%2C-81.263386973,existing_reviewed_contract_preserved,REVIEWED_HANDOFF_READY,Existing reviewed named/public-road handoff remains byte-stable; any terminal GPS/private remainder stays explicitly neutral or held.,
07e2e252-8d2b-47b7-a12a-040deecefcae,ascent--wagler,WAGLER,Guernsey,LONDONDERRY,1786258360881449,40.164906,'-81.308695,saved pad reference,directions_clear,af4cec1ae5e2fe0493445a093b1a6536385de379d555ca7f39fe9b2bcfdbb441,State Route 22 → Titus Rd / CR-878 (0.25 mile) → Deck Rd / CR-981 (0.50 mile) → Lease Road,true,4,2,1,0,2,0,3,GPS_ONLY,,not_ready,HELD_IDENTITY,The earliest unresolved cleaned-source blocker is an exact authoritative identity/Road Manager mapping gap.,
c4ef4511-c391-48af-9e1a-7b70b90e9294,ascent--wagner,WAGNER,Guernsey,Oxford,1786246617744175,40.021181,'-81.239429,official pad reference,directions_clear,13eb65976f0404900840cbb3fc8d6a38ea3450fc9c3814e33721a41855fe5a32,I-77 → Exit 44A → I-70 E (6 miles) → Exit 193 → OH-513 S (2.2 miles) → Oxford Rd (3.8 miles) → Basket Rd (1.3 miles) → Starr Rd (0.7 mile) → Entrance,true,9,1,5,0,5,0,6,GPS_ONLY,,not_ready,HELD_IDENTITY,The earliest unresolved cleaned-source blocker is an exact authoritative identity/Road Manager mapping gap.,
f8597217-c26a-4b87-aad9-10be70e41590,ascent--waldo,WALDO,Guernsey,MONROE,1786265812046205,40.171589,'-81.445777,saved pad reference,directions_clear,ee5822ef3853175090dd15526d19add857e3acfae78c908df9510d45e5c917a3,Route 800 N (3.2 miles) → Route 342 (4.7 miles) → Route 258 (3.6 miles) → Martha Rd (0.1 mile) → Titus Rd (2.2 miles) → Sligo Rd (4.6 miles) → Birmingham Rd / Peoli Rd (0.2 mile) → Freedom Rd (0.2 mile) → Lease Road / Devault Rd,true,9,5,3,0,7,0,8,GPS_ONLY,,not_ready,HELD_TRANSITION,"Named road evidence exists, but at least one exact traveled junction or occurrence receipt is unresolved.",
8e823835-2c10-4275-84e9-4067376fa364,ascent--wampum,WAMPUM,Guernsey,RICHLAND,1786258360881449,39.962923,'-81.440117,saved pad reference,directions_clear,be4c4191df7c85fefd4e59c290f8c86c27b98f1b206a3167256cb2b2a85d5a1c,I-70 → Exit 186 → OH-285 S (7.4 miles) → OH-313 E (0.9 mile) → Salem Rd (1.4 miles) → Nighthawk Rd (0.7 mile) → Divison Rd (0.3 mile) → Lease Road,true,8,3,3,0,5,0,6,GPS_ONLY,,not_ready,HELD_IDENTITY,The earliest unresolved cleaned-source blocker is an exact authoritative identity/Road Manager mapping gap.,
88709ded-fda7-42df-ba94-b6bb6c04e45a,ascent--watson,WATSON,Guernsey,MILLWOOD,1786265812046205,39.963226,'-81.362466,saved pad reference,directions_clear,80cb2b7efedffd17719592b9464f4810baa5b17159646a115b218729cfcf60e2,Route 70 → Quaker City Exit 193 → Route 513 S → Route 265 W (about 2 miles) → Route 761 S (about 4 miles) → Mel Franks Rd / Frankfort Rd → about 0.5 mile → Pad,true,8,2,3,0,4,1,4,GPS_ONLY,,not_ready,HELD_IDENTITY,The earliest unresolved cleaned-source blocker is an exact authoritative identity/Road Manager mapping gap.,
5e3668fe-65aa-47b0-b7a9-168686b1827a,ascent--able,ABLE,Harrison,Archer,1786258360881449,40.300459,'-80.98825,official pad reference,written_directions,43f853bbb592860098a76140c1770ee2add66f4720453d64dcf225178e238e57,,false,0,0,0,0,0,0,0,GPS_ONLY,,not_ready,INSUFFICIENT,Only unstructured written directions are available; a canonical route cannot be inferred without guessing.,
f84fe2e3-be3f-400d-9683-4d111332fa2b,ascent--ace,ACE,Harrison,CADIZ,1786265812046205,40.280406,'-81.068282,saved pad reference,directions_clear,469c5435f3a4d4b2c6b7ad412fc29d9a1e771cee633e78cca7d925983cadf8c1,Route 250 W → Barriclow Rd (0.5 mile) → Deersville Rd (1.5 miles) → Aronld Rd (0.25 mile) → Pad,true,5,0,4,0,3,0,4,GPS_ONLY,,not_ready,HELD_IDENTITY,The earliest unresolved cleaned-source blocker is an exact authoritative identity/Road Manager mapping gap.,
9f32ed65-4fb4-4e23-9cf6-87afdb0acb9c,ascent--alpha,ALPHA,Harrison,ATHENS,1786265812046205,40.197838,'-81.060432,saved pad reference,directions_clear,0ce7b4d7f8c0112667fca340d4263b13496ee26f7335e49572d087c1be9ab6d3,Route 22 West → Industrial Park Rd (2.4 miles) → Route 9 (4.5 miles to New Athens) → Route 519 West (approximately 3.9 miles) → Alpha entrance,true,5,2,2,0,3,0,4,GPS_ONLY,,not_ready,HELD_TRANSITION,"Named road evidence exists, but at least one exact traveled junction or occurrence receipt is unresolved.",
b7526e45-0b33-4988-ae1c-0a4140971f8e,ascent--banjo,BANJO,Harrison,SHORT CREEK,1787615581785257,40.186964,'-80.968365,verified driver entrance,directions_clear,5ebb2af924bc12bca75c5fe44ed79b484a03f4d946f14c1379fa127d1111a9fd,OH-9 → OH-519 E (1.5 miles) → Lease Road,true,3,2,0,0,1,0,2,DONE,,existing_reviewed_contract_preserved,REVIEWED_HANDOFF_READY,Existing reviewed named/public-road handoff remains byte-stable; any terminal GPS/private remainder stays explicitly neutral or held.,
39014302-2bd7-4c96-a5f0-0857f99986db,ascent--beacon,BEACON,Harrison,CADIZ,1786258360881449,40.228358,'-81.038333,saved pad reference,directions_clear,a654ff405f169001e545fa3c1d80c9c85847e1358e78cd4d646d9a713ea80c60,Airport Rd → Domino pad → approximately 0.5 mile → Beacon pad,true,4,0,1,0,0,0,1,GPS_ONLY,,not_ready,HELD_IDENTITY,The earliest unresolved cleaned-source blocker is an exact authoritative identity/Road Manager mapping gap.,
0e6f23f1-3bfb-44b0-aa4e-f24dde611880,ascent--beetle,BEETLE,Harrison,SHORT CREEK,1787459253071652,40.185403,'-80.922718,saved pad reference,directions_clear,38cab01dc294bc244e3afa8adf654f21cd546a5d870318ea4999a985112cb96f,Route 519 East → Banjo Pad → First Choice → S-curves → Sixteen Rd,true,5,1,1,0,1,0,2,DONE,https://www.google.com/maps/dir/?api=1&travelmode=driving&dir_action=navigate&destination=40.185403%2C-80.922718&waypoints=40.1869745925099%2C-80.9192177275288%7C40.185340499%2C-80.919294431%7C40.185025%2C-80.920500,existing_reviewed_contract_preserved,REVIEWED_HANDOFF_READY,Existing reviewed named/public-road handoff remains byte-stable; any terminal GPS/private remainder stays explicitly neutral or held.,
807ccb15-6f57-4c7a-978d-ab02e7a7c4ba,ascent--bella,BELLA,Harrison,CADIZ,1786265812046205,40.235367,'-81.0188,saved pad reference,directions_clear,d67652f025e8812afdddbb879709a313646c2d792419d9c7db00fbfa431f90ef,Route 22 W → Route 9 S → Airport Rd → Pad,true,4,0,3,0,2,0,3,GPS_ONLY,,not_ready,HELD_IDENTITY,The earliest unresolved cleaned-source blocker is an exact authoritative identity/Road Manager mapping gap.,20260830105500_ascent_bella_airport_identity.sql (UNAPPLIED)
3e03a228-2ad4-4d0a-b3cb-5a25e8d54006,ascent--bouska,BOUSKA,Harrison,Freeport,1786265512886177,40.19661,'-81.232275,saved pad reference,directions_clear,50907a790fef8addcbe5ae0741668f91ef6e7589ffac389e609ab0c33e68b9e1,I-77 → Exit 47 → US-22 E (23 miles) → Peidmont Freeport Rd (1.1 miles) → Lease Road,true,5,0,3,0,2,1,2,GPS_ONLY,,not_ready,HELD_IDENTITY,The earliest unresolved cleaned-source blocker is an exact authoritative identity/Road Manager mapping gap.,
4c73e244-6132-4d40-83fc-3fe5e6e65bf6,ascent--bravo,BRAVO,Harrison,ATHENS,1786265812046205,40.178556,'-81.015064,saved pad reference,directions_clear,5618fb353564a264af166a24d45cbb94690b817dad4f13de99c9c55d1fc23f4d,Route 519 W at New Athens → Hite Rd / Crazy Road → Lease Road,true,3,1,1,0,1,0,2,DONE,https://www.google.com/maps/dir/?api=1&travelmode=driving&dir_action=navigate&destination=40.178556%2C-81.015064&waypoints=40.1849138%2C-80.9958138,existing_reviewed_contract_preserved,REVIEWED_HANDOFF_READY,Existing reviewed named/public-road handoff remains byte-stable; any terminal GPS/private remainder stays explicitly neutral or held.,
c3b42375-2422-470e-8949-f27e1f00b3d3,ascent--bsa,BSA,Harrison,NOTTINGHAM,1786258360881449,40.256309,'-81.155001,saved pad reference,directions_clear,1ddef4c40489d51bb019291ce42557f699bab283908c3c7332927ee4cbf7a0e6,I-70 W (23 miles from Wheeling) → Exit 202 → OH-800 (11.5 miles) → US-22 E (0.6 mile) → OH-800 N (3.3 miles) → E Main St (0.2 mile) → OH-800 N (1.4 miles) → OH-799 E (2.8 miles) → OH-799 E (3.2 miles) → Redeye Rd / CR-60 (0.3 mile) → Redeye Rd (2.2 miles) → Minksville Rd / CR-54 (1.9 miles) → Brushy Fork Rd / CR-1 (1.0 mile) → Stringtown Rd / TR-339 (0.3 mile) → Access Road,true,15,8,5,0,12,0,13,GPS_ONLY,,not_ready,HELD_IDENTITY,The earliest unresolved cleaned-source blocker is an exact authoritative identity/Road Manager mapping gap.,
185d9eb6-58af-4009-bf53-fdd23113a572,ascent--cardinal,CARDINAL,Harrison,Moorefield,1787459253071652,40.215556,'-81.135068,saved pad reference,directions_clear,2370b34227ca21e7a960078b4ada0435459b882115ec341c0480303f82b3a42b,OH-800 S (15 miles) → OH-799 E (2.8 miles) → Kennedy Ridge Rd / CR-20 (4.2 miles) → Douglas Turn Rd / CR-33 (0.4 mile) → Entrance,true,5,4,0,3,0,0,4,DONE,,existing_reviewed_contract_preserved,REVIEWED_HANDOFF_READY,Existing reviewed named/public-road handoff remains byte-stable; any terminal GPS/private remainder stays explicitly neutral or held.,
8152a466-3229-4cb0-8f9f-9f2929aceed4,ascent--charley,CHARLEY,Harrison,Athens,1786265812046205,40.22127,'-81.053351,official pad reference,directions_clear,0f3b8f80c295399276bce63c78ddca612ce0ddd9c451a65b570bf6b693e83dbe,State Route 22 → Route 9 S in Cadiz → Airport / Dickerson Church Rd → Airport Rd at split → Beacon pad landmark → Charley pad,true,6,1,3,0,3,0,4,GPS_ONLY,,not_ready,HELD_IDENTITY,The earliest unresolved cleaned-source blocker is an exact authoritative identity/Road Manager mapping gap.,
b614c93c-06d1-4993-b3fb-ad840f359e4c,ascent--cobra,COBRA,Harrison,CADIZ,1787459253071652,40.282608,'-81.012491,saved pad reference,directions_clear,4840dc9bcd18568561505d9731604dd18f1cd7c9481ce1f1a652de8da331e2ed,Route 250 from Cadiz (0.25 mile) → First right → Pad,true,3,0,1,0,0,0,1,GPS_ONLY,,not_ready,HELD_TRANSITION,"Named road evidence exists, but at least one exact traveled junction or occurrence receipt is unresolved.",
7c3c39de-f6be-4838-bb7f-56ec8ff44db7,ascent--collectors,COLLECTORS,Harrison,NOTTINGHAM,1786258360881449,40.265648,'-81.120595,saved pad reference,directions_clear,78f4914f9efe65045408675118ebf44f5bd53e39cc95335ca2654252f9d439a4,I-70 W (23 miles from Wheeling) → Exit 202 → OH-800 (11.5 miles) → US-22 E (0.6 mile) → OH-800 N (3.3 miles) → E Main St (0.2 mile) → OH-800 N (1.4 miles) → OH-799 E (3.2 miles) → Redeye Rd (0.3 mile) → Redeye Rd (2.2 miles) → Minksville Rd (1.9 miles) → Brushy Fork Rd (0.8 mile) → Slab Camp Rd → Harris Rd (0.2 mile) → Access Road,true,15,9,4,0,12,0,13,GPS_ONLY,,not_ready,HELD_IDENTITY,The earliest unresolved cleaned-source blocker is an exact authoritative identity/Road Manager mapping gap.,
e2b32e85-9e93-4388-8215-9d8167cbbeb8,ascent--cologie,COLOGIE,Harrison,Green,1787615581785257,40.25403,'-80.913577,verified driver entrance,directions_clear,9a35d97af375720a3f877248a94676c02e92c8ce4a5fb011343cac09e621b66b,US-250 → Foxes Bottom Rd (2.4 miles) → Springdale Hill Rd (0.9 miles) → Lamborn Rd (0.2 miles) → Springdale Hill Rd (0.5 miles) → Unionvale-Kenwood Rd (0.3 miles),true,6,6,0,5,0,0,6,DONE,,existing_reviewed_contract_preserved,COLOGIE_READY,Existing exact end-to-end Cologie route contract remains byte-stable; no authority changed.,
95dcbd15-afd0-4357-a521-e23bcd6b4118,ascent--conotton,CONOTTON,Harrison,MOOREFIELD,1786258360881449,40.224259,'-81.162714,saved pad reference,directions_clear,da735d7a6e8be3d5c7898d77d3217a1405cb86f0001aa5b7f5ba7580fe5c35f2,US-250 N (0.5 mile) → US-22 W (10 miles) → Douglas Turn Rd → Kennedy Ridge Rd (2.4 miles) → Conotton entrance,true,5,1,3,0,3,0,4,DONE,,existing_reviewed_contract_preserved,REVIEWED_HANDOFF_READY,Existing reviewed named/public-road handoff remains byte-stable; any terminal GPS/private remainder stays explicitly neutral or held.,
6ccc2641-82d8-4398-bc7c-572d95cb9f0b,ascent--corder,CORDER,Harrison,NOTTINGHAM,1786258360881449,40.26227,'-81.137581,saved pad reference,directions_clear,33f67a77578a293fea696d78ca67fe03b6764ae9f1b39be93ed913ed49a1d42d,I-70 W (23 miles from Wheeling) → Exit 202 → OH-800 (11.5 miles) → US-22 E (0.6 mile) → OH-800 N (3.3 miles) → E Main St (0.2 mile) → OH-800 N (1.4 miles) → OH-799 E (3.2 miles) → Redeye Rd (0.3 mile) → Redeye Rd (2.2 miles) → Minksville Rd (1.9 miles) → Bushy Fork Rd (0.1 mile) → Access Road,true,13,7,4,0,10,0,11,GPS_ONLY,,not_ready,HELD_IDENTITY,The earliest unresolved cleaned-source blocker is an exact authoritative identity/Road Manager mapping gap.,
4b0b99b7-da77-4b27-a2f7-7e8d3a9875d3,ascent--cravat-coal,CRAVAT COAL,Harrison,SHORT CREEK,1786258360881449,40.168593,'-80.931288,saved pad reference,directions_clear,fc181b5de8d7ccda497e90cfc2b0a1824a8de79f1beb258f859586e1e4247cab,I-70 → Exit 216 → OH-9 N (7.5 miles) → Shepherdstown Rd / CR-64 (1.4 miles) → City Road 36 (0.7 mile) → Entrance,true,6,1,3,0,3,0,4,GPS_ONLY,,not_ready,HELD_IDENTITY,The earliest unresolved cleaned-source blocker is an exact authoritative identity/Road Manager mapping gap.,
3a72c3df-f0a1-4639-a468-019989c78f43,ascent--cricket,CRICKET,Harrison,SHORT CREEK,1786265812046205,40.221655,'-80.881193,saved pad reference,directions_clear,67f1b6e80384a0211404d5e724954ed2adc256179623ffda8b8ee76ede594704,Route 250 E (3 miles from Cadiz) → Foxes Bottom Rd (2.4 miles) → Springdale Hill Rd (0.9 mile) → Lamborn Rd (2.3 miles) → Lease Road,true,5,4,0,0,3,0,4,GPS_ONLY,,not_ready,HELD_TRANSITION,"Named road evidence exists, but at least one exact traveled junction or occurrence receipt is unresolved.",20260830105511_ascent_cricket_foxes_identity_binding.sql (UNAPPLIED)
a4281545-b928-4130-90c5-1b18d6050717,ascent--cypress,CYPRESS,Harrison,Cadiz,1786265512886177,40.230671,'-80.986542,official wellhead reference,directions_clear,337fec61bc478dcf5bc46142a44e058855d65a6503b6233576e4c0e0bfb9a452,Route 250 → Dickerson Church Rd (0.72 mile) → Y in road → Lease Road,true,4,0,3,0,2,0,3,GPS_ONLY,,not_ready,HELD_IDENTITY,The earliest unresolved cleaned-source blocker is an exact authoritative identity/Road Manager mapping gap.,
3e3f48e1-40bf-41f4-99f9-6cab7e69d8eb,ascent--domino,DOMINO,Harrison,Cadiz,1786265812046205,40.230738,'-81.023713,official pad reference,directions_clear,d633750bcaff20163dff05a174bbe5f312bcb6f2883ed12ff74598e8dbaee135,Route 9 E from New Athens → Airport Rd → End of pavement → Bella pad landmark → Domino pad,true,5,1,1,0,1,0,2,GPS_ONLY,,not_ready,HELD_IDENTITY,The earliest unresolved cleaned-source blocker is an exact authoritative identity/Road Manager mapping gap.,
bb351070-6c94-45e5-942f-e155f9e86f7e,ascent--duke,DUKE,Harrison,SHORT CREEK,1786265812046205,40.214409,'-80.891316,saved pad reference,directions_clear,704f1069409a8981091beb87df795973a69f0c0f22da93490d58a6e40c56e045,Route 22 → Route 250 East (3 miles) → Foxes Bottom Rd (2.4 miles) → Springdale Hill Rd (0.9 mile) → Lamborn Rd (3.1 miles),true,5,4,1,3,1,0,5,DONE,https://www.google.com/maps/dir/?api=1&travelmode=driving&dir_action=navigate&destination=40.214409%2C-80.891316&waypoints=40.2376772526251%2C-80.9645933421097%7C40.2344651449313%2C-80.9216048043883%7C40.2438460898288%2C-80.9156965297937,existing_reviewed_contract_preserved,REVIEWED_HANDOFF_READY,Existing reviewed named/public-road handoff remains byte-stable; any terminal GPS/private remainder stays explicitly neutral or held.,
922acc11-2fd1-44a4-8a94-90f653e2ce58,ascent--dwayne,DWAYNE,Harrison,GREEN,1786258360881449,40.263022,'-80.893276,verified driver entrance,directions_clear,a0a8572347ee105dbe1f8edf352370ab03d95dcece4ad96bae736744684256da,Route 22 → CR-13 → CR-12 → CR-14 / Rose Valley Rd (about 1 mile) → York Rd (about 0.5 mile) → Pad,true,6,1,4,0,4,0,5,GPS_ONLY,,not_ready,HELD_IDENTITY,The earliest unresolved cleaned-source blocker is an exact authoritative identity/Road Manager mapping gap.,
83b27fd3-4615-4ea1-ad36-0b05b359f5d2,ascent--echo,ECHO,Harrison,ATHENS,1786265812046205,40.179321,'-81.026812,saved pad reference,directions_clear,3fc2c482a32ba49877aa21403402a237f2ade1e1f4cb565db570257b8ebafff2,Route 519 W → Hite Rd / Crazy Rd (1 mile) → Jokey Hollow Rd (about 1 mile) → Lease Road,true,4,1,2,0,2,0,3,DONE,https://www.google.com/maps/dir/?api=1&travelmode=driving&dir_action=navigate&destination=40.179321%2C-81.026812&waypoints=40.185661298825%2C-81.014226704981%7C40.164465208939%2C-81.016699529454%7C40.173032633439%2C-81.025592955042,existing_reviewed_contract_preserved,REVIEWED_HANDOFF_READY,Existing reviewed named/public-road handoff remains byte-stable; any terminal GPS/private remainder stays explicitly neutral or held.,
59411ad1-15c6-4c77-88d8-ddd6dc852782,ascent--edington,EDINGTON,Harrison,ATHENS,1786258360881449,40.178626,'-81.057008,saved pad reference,directions_clear,9f7b1b1f61acc57a97c5127ffd9ddc8ab6fc27bc3b260de28f45ba949cbc3d83,Route 149 → Chaney Rd → Jockey Hallow Rd → Echo pad landmark → Stop sign → Pad,true,6,1,2,0,2,0,3,GPS_ONLY,,not_ready,HELD_IDENTITY,The earliest unresolved cleaned-source blocker is an exact authoritative identity/Road Manager mapping gap.,
61e21e3c-360b-40b0-8153-209b4fb3d5eb,ascent--ellen,ELLEN,Harrison,MOOREFIELD,1787459253071652,40.227073,'-81.148656,saved pad reference,directions_clear,2c0bf8442e6ff3621692d3bd64eae260aa0426d78f291728c749edf572271897,Route 519 N → Route 22 (2.2 miles) → CR-33 / Douglas Turn → Kennedy Ridge Rd (approximately 2 miles) → Pad,true,5,3,1,0,3,0,4,DONE,,existing_reviewed_contract_preserved,REVIEWED_HANDOFF_READY,Existing reviewed named/public-road handoff remains byte-stable; any terminal GPS/private remainder stays explicitly neutral or held.,
8148f6bd-b58f-4a61-81b4-e6018c185fde,ascent--foxtrot,FOXTROT,Harrison,ATHENS,1786265812046205,40.18615,'-81.001693,saved pad reference,directions_clear,ee21bbc9d549c3ec193156a435298dfcb2ff452fd43f3f9cc2ff4bb012183994,US-22 E → Route 519 E → Webb Rd → Lease Road,true,4,1,2,0,2,0,3,GPS_ONLY,,not_ready,HELD_IDENTITY,The earliest unresolved cleaned-source blocker is an exact authoritative identity/Road Manager mapping gap.,
b9a8e55c-3583-4019-85fc-54a03d420ace,ascent--hamilton,HAMILTON,Harrison,MOOREFIELD,1786258360881449,40.225052,'-81.177456,saved pad reference,directions_clear,bc2ff64a664598eff786d66ca3c4b92c09e2152b06d32c2fb6a34fd6a77a8223,OH-800 S (15 miles) → OH-799 E (2.8 miles) → Kennedy Ridge Rd (1.5 miles) → Entrance,true,4,3,0,2,0,0,3,DONE,,existing_reviewed_contract_preserved,REVIEWED_HANDOFF_READY,Existing reviewed named/public-road handoff remains byte-stable; any terminal GPS/private remainder stays explicitly neutral or held.,
9aa065c0-8896-49e2-b02d-d4ca71acefc3,ascent--jeffco,JEFFCO,Harrison,GREEN,1786265812046205,40.292482,'-80.896856,saved pad reference,directions_clear,9003642535687957c0fcc77091046a79bb2018b888df2cc2822be69f42ff77b6,Route 151 S (1.1 miles) → Rose Valley Rd / CR-14 (1.4 miles) → Beech Rd (0.4 mile) → Pad,true,4,2,1,0,2,0,3,DONE,https://www.google.com/maps/dir/?api=1&travelmode=driving&dir_action=navigate&destination=40.292482%2C-80.896856&waypoints=40.3144086%2C-80.8963895%7C40.2968376%2C-80.9022309,existing_reviewed_contract_preserved,REVIEWED_HANDOFF_READY,Existing reviewed named/public-road handoff remains byte-stable; any terminal GPS/private remainder stays explicitly neutral or held.,
3d8f12eb-538a-49b7-b668-08288e3a26a1,ascent--jones,JONES,Harrison,NOTTINGHAM,1786258360881449,40.261571,'-81.17006,saved pad reference,directions_clear,eb85ad84ef9ac2d3981f24c6de5c4df0151387237aa852e4c0558e8acbe5e98f,Route 800 → Route 799 (6 miles) → Redeye Rd (0.3 mile) → Jones Rd (0.8 mile) → Entrance,true,5,3,1,0,3,0,4,GPS_ONLY,,not_ready,HELD_IDENTITY,The earliest unresolved cleaned-source blocker is an exact authoritative identity/Road Manager mapping gap.,
518659d9-bca2-47b0-b294-3141ba679fc4,ascent--lasso,LASSO,Harrison,Short Creek,1787459253071652,40.240883,'-80.913963,saved pad reference,written_directions,65683660ceaa56e059cb6160d645802af80565dd6d3cc6cdd50a0d0d8ff356e9,,false,0,0,0,0,0,0,0,DONE,,existing_reviewed_contract_preserved,REVIEWED_HANDOFF_READY,Existing reviewed named/public-road handoff remains byte-stable; any terminal GPS/private remainder stays explicitly neutral or held.,
b11e4ded-76d0-403f-8a50-d76c413e5db5,ascent--liggett,LIGGETT,Harrison,Athens,1786265812046205,40.221926,'-80.988679,saved pad reference,directions_clear,5ab36c9e76231c1e966049c1dcfa087a3f138794dc0f05fc349cf51d95345e34,Route 22 → Cadiz Route 9 exit → Route 9 S → US-250 (3.6 miles) → Dickerson Church Rd → Stone-plant road → Pad,true,7,2,4,0,4,0,6,GPS_ONLY,,not_ready,HELD_IDENTITY,The earliest unresolved cleaned-source blocker is an exact authoritative identity/Road Manager mapping gap.,
c7fffd5d-1e83-47c6-8f51-ee9a7ce490e7,ascent--medinah,MEDINAH,Harrison,GREEN,1787459253071652,40.311514,'-80.896954,saved pad reference,directions_clear,4644228a7a9120e8b9f08bf1aa2bcb970dc34785094c5a18a82e78bf0df01e2a,Route 22 E → Hopedale exit → Route 151 → CR-14 → Lease Road,true,5,1,2,0,2,0,3,GPS_ONLY,,not_ready,HELD_TRANSITION,"Named road evidence exists, but at least one exact traveled junction or occurrence receipt is unresolved.",
655a97d5-ffdf-4b13-bf66-3d22022239b4,ascent--pettay,PETTAY,Harrison,NOTTINGHAM,1787459253071652,40.238511,'-81.173547,saved pad reference,directions_clear,fd3f3d11ef18a9a2744318c0ed76b3025280890ead80cfd3998f67d8686295ed,OH-800 S (15 miles) → OH-799 E (2.8 miles) → Kennedy Ridge Rd (1.5 miles) → Blue Trail Rd → Huff Run Rd (0.9 mile combined saved segment) → Entrance,true,6,3,2,0,4,0,5,DONE,,existing_reviewed_contract_preserved,REVIEWED_HANDOFF_READY,Existing reviewed named/public-road handoff remains byte-stable; any terminal GPS/private remainder stays explicitly neutral or held.,
75600d0c-17b8-488b-96c9-4b7b8ffc8b1b,ascent--pickens,PICKENS,Harrison,Short Creek,1787615581785257,40.182544,'-80.977135,verified driver entrance,directions_clear,977c6cb0ba48cf6689e770a65e856b41d42e4299a0bb25ab7f2f96937bfa30e5,OH-9 → OH-519 (1.1 miles) → Lease Road,true,3,2,0,0,1,0,2,DONE,https://www.google.com/maps/dir/?api=1&travelmode=driving&dir_action=navigate&destination=40.182544%2C-80.977135&waypoints=40.1868067%2C-80.9781928,existing_reviewed_contract_preserved,REVIEWED_HANDOFF_READY,Existing reviewed named/public-road handoff remains byte-stable; any terminal GPS/private remainder stays explicitly neutral or held.,
cce7cf93-bb03-4766-8c54-711034ec2a4f,ascent--pine-valley,PINE VALLEY,Harrison,GREEN,1786258360881449,40.285899,'-80.881753,saved pad reference,directions_clear,e4123d99c9e334e54d8c5ee0923f8977e623d2c484822277d1cf68bc5dd319a8,Route 22 → Hopedale → State Route 151 → CR-14 → CR-12 (1 mile) → Sheporgi landmark → Countyline Rd (1 mile) → Pad,true,8,1,4,0,4,0,5,GPS_ONLY,,not_ready,HELD_IDENTITY,The earliest unresolved cleaned-source blocker is an exact authoritative identity/Road Manager mapping gap.,
2320c393-cad9-4c1b-94f9-7021c8488bd1,ascent--rose,ROSE,Harrison,Nottingham,1787459253071652,40.17011544,'-81.08306636,saved pad reference,directions_clear,e2f52712cdcdfe6250232937ac8e69c2601437743683314763b1924890fbfce9,Route 800 → Route 799 (6 miles) → Redeye Rd → Switchback → Minksville Rd landmark → Pad,true,6,2,2,0,3,0,4,GPS_ONLY,,not_ready,HELD_IDENTITY,The earliest unresolved cleaned-source blocker is an exact authoritative identity/Road Manager mapping gap.,
166c5d6c-3a8d-4481-b8bf-5d74b7605f0d,ascent--sadler,SADLER,Harrison,Short Creek,1786440150388625,40.207568,'-80.935841,verified driver entrance,directions_clear,34b8b9defcd1720c7b88ec07d8a994bb5b35cb6ceb4949e629a2744b55d6527b,US-250 E → Jamison Rd / CR-86 → Pad,true,3,2,0,0,1,0,2,DONE,https://www.google.com/maps/dir/?api=1&travelmode=driving&dir_action=navigate&destination=40.207568%2C-80.935841&waypoints=40.218227603057535%2C-80.94472982304073,existing_reviewed_contract_preserved,REVIEWED_HANDOFF_READY,Existing reviewed named/public-road handoff remains byte-stable; any terminal GPS/private remainder stays explicitly neutral or held.,
6ef0746f-341a-4d29-9399-a81cfbec11e8,ascent--scout,SCOUT,Harrison,SHORT CREEK,1787615581785257,40.165091,'-80.903485,saved pad reference,directions_clear,a96e7b66bd5922559f69bf9144243190a32d6331ebc160d0585fc5755b15c1bf,OH-150 W (3.5 miles) → US-250 W (2.2 miles) → Olive Branch Rd (0.1 mile) → CR-36 (1.3 miles) → Entrance,true,5,4,0,2,1,0,4,GPS_ONLY,,not_ready,HELD_TRANSITION,"Named road evidence exists, but at least one exact traveled junction or occurrence receipt is unresolved.",
9b9ddf20-a551-43c6-a709-0552a3aee134,ascent--sheporgi,SHEPORGI,Harrison,GREEN,1786258360881449,40.277767,'-80.888526,saved pad reference,directions_clear,ce1011b0bd1d611864395c683cce5d2e483351d45b570fb9012390dab0ef8cfc,Route 22 W → CR-13 → CR-12 → Rose Valley landmark → Uphill → Pad,true,6,0,3,0,2,0,3,GPS_ONLY,,not_ready,HELD_IDENTITY,The earliest unresolved cleaned-source blocker is an exact authoritative identity/Road Manager mapping gap.,
ec0637e2-1673-41c8-9004-cc317a9c9060,ascent--sherwood,SHERWOOD,Harrison,MOOREFIELD,1786265812046205,40.208184,'-81.120811,saved pad reference,directions_clear,f5bfb0004fb2ebf12bc2fb697646e7344777166c36d47583152ae7c16e58799d,Route 519 → Route 22 W → Nottingham / white-church landmark → Sherwood,true,4,1,1,0,1,0,2,GPS_ONLY,,not_ready,HELD_TRANSITION,"Named road evidence exists, but at least one exact traveled junction or occurrence receipt is unresolved.",
09d47bdb-8607-4e4b-b558-63bf5266bdd3,ascent--sparger,SPARGER,Harrison,NOTTINGHAM,1786258360881449,40.251961,'-81.139182,saved pad reference,directions_clear,fd010e57e9eb7927fa11dcc2844ab0f9ce6138c82887e3efe20cddec1dae4637,Route 519 W → Route 22 → CR-31 / Rankin Rd → Old Piedmont Rd → Cassville Rd → Pugh Rd → Lease Road,true,7,1,5,0,5,0,6,GPS_ONLY,,not_ready,HELD_IDENTITY,The earliest unresolved cleaned-source blocker is an exact authoritative identity/Road Manager mapping gap.,
f5a82acf-d7c0-4ce3-ad4e-0de810551450,ascent--sproull,SPROULL,Harrison,NOTTINGHAM,1786258360881449,40.22914,'-81.151012,saved pad reference,directions_clear,a377e3b9f7cb653cc681b65ba4b67a8713ec182ea2b761e773b8542c1e1182b0,OH-800 S (15 miles) → OH-799 E (2.8 miles) → Kennedy Ridge Rd (3.1 miles) → Entrance,true,4,3,0,2,0,0,3,DONE,,existing_reviewed_contract_preserved,REVIEWED_HANDOFF_READY,Existing reviewed named/public-road handoff remains byte-stable; any terminal GPS/private remainder stays explicitly neutral or held.,
8a41dad0-5602-4a6b-bd04-9bc9cae27941,ascent--tarbert,TARBERT,Harrison,MOOREFIELD,1786258360881449,40.203776,'-81.17709,saved pad reference,directions_clear,cbf2839971817e68b2cc896d0eb8695eae9151d8d544ed60272f5e460fceff35,OH-800 S / Johnson Ave (19.9 miles) → US-22 E (2.8 miles) → Old Piedmont Rd / CR-16 (1.2 miles) → Moore Rd / TR-336 → Entrance,true,5,3,1,0,3,0,4,GPS_ONLY,,not_ready,HELD_TRANSITION,"Named road evidence exists, but at least one exact traveled junction or occurrence receipt is unresolved.",
800c877a-6b4f-4a87-a710-b1e00af63c62,ascent--towe,TOWE,Harrison,Monroe,1786159709605865,40.385998,'-81.212569,verified driver entrance,directions_clear,446f49c86a03c8d54fb6ccee4fe1c14bc1e38b6174c88bfcca6629ca24befd1e,Route 250 → Willis Run Rd → Oak Hill Rd → Pad,true,4,2,1,0,2,0,3,DONE,https://www.google.com/maps/dir/?api=1&travelmode=driving&dir_action=navigate&destination=40.385998%2C-81.212569&waypoints=40.36026193640823%2C-81.218134577079%7C40.379819440170614%2C-81.20908591279908,existing_reviewed_contract_preserved,REVIEWED_HANDOFF_READY,Existing reviewed named/public-road handoff remains byte-stable; any terminal GPS/private remainder stays explicitly neutral or held.,
15f62c54-ba3f-4c8d-bf17-2f410c9eb092,ascent--triplett,TRIPLETT,Harrison,FRANKLIN,1786258360881449,40.32084,'-81.22495,saved pad reference,directions_clear,f1730a44d4f5e16d43611b9dbcf09c5c7e9e9d863f17064b53f4bf9df9cd07f5,US-250 E (15.2 miles) → Deersville Rd → Barber Hill Rd (0.3 mile) → Lease Road,true,4,0,3,0,2,0,3,GPS_ONLY,,not_ready,HELD_IDENTITY,The earliest unresolved cleaned-source blocker is an exact authoritative identity/Road Manager mapping gap.,
0b675c3f-2c04-4901-955d-8629e7dba05e,ascent--una,UNA,Harrison,Short Creek,1787732756762534,40.228835,'-80.933934,saved pad reference,directions_clear,590f95b2242e145a2738bed54fa398eb6e45f4d4f4cf26350e4929b1881a81bc,US-250 W (3.2 miles from Harrisville) → Georgetown → West Grove Rd → 1 mile → UNA lease,true,5,2,0,0,1,0,2,GPS_ONLY,,not_ready,HELD_GEOMETRY,"Identity/occurrence evidence is sufficient to avoid an identity hold, but exact clipped traveled geometry or the pad-specific terminal connector is not proven.",
c8637048-5fcd-4565-94f0-8dcfce624dd2,ascent--victor,VICTOR,Harrison,Athens,1786258360881449,40.016413,'-81.189751,saved pad reference,directions_clear,40bd2e80da6960da25afabe624fe8946688623808dfb12533b970708c31a6dc8,I-70 W → Exit 202 → Route 800 S (4.2 miles) → Shannon Rd → Victor pad,true,5,1,2,0,2,0,3,GPS_ONLY,,not_ready,HELD_IDENTITY,The earliest unresolved cleaned-source blocker is an exact authoritative identity/Road Manager mapping gap.,
7b6efac2-1fa8-46d0-be01-d58ed5762164,ascent--victoria,VICTORIA,Harrison,Athens,1787459253071652,40.9992946,'-81.0666759,saved pad reference,directions_clear,643f34fb65d71fa68b7ced4613fe495ad40b9ab50f837b0e1edab033388e76fa,Route 70 → Route 331 → Route 149 → New Athens → Route 519 W → 3-mile marker → Alpha pad landmark → Victoria lease,true,8,3,1,0,3,0,4,GPS_ONLY,,not_ready,HELD_TRANSITION,"Named road evidence exists, but at least one exact traveled junction or occurrence receipt is unresolved.",
2650c579-b317-4cf5-baf4-1456abec1cb8,ascent--amber,AMBER,Jefferson,WELLS,1787459253071652,40.255469,'-80.702589,saved pad reference,directions_clear,85ce62921a4bf33ad2b933217f6ae965125147d196ca37b8e7cd2b1464de380e,Route 7 South → OH-150 West → Litter Rd → Warren Ridge / Smithfield-Rayland Rd → CR-16 → CR-15 → Warren Ridge Rd / CR-17 → Graham Rd / CR-18 → Blues Run Rd / Township 156 (1.1 miles) → Pad,true,10,4,5,0,8,0,9,GPS_ONLY,,not_ready,HELD_IDENTITY,The earliest unresolved cleaned-source blocker is an exact authoritative identity/Road Manager mapping gap.,
896e6e84-29b1-493c-b77f-f531153351d0,ascent--archie,ARCHIE,Jefferson,WAYNE,1787459253071652,40.335786,'-80.817855,saved pad reference,directions_clear,c87e6075df8c3f05cfc943bf1b846834762d7c35265fd10837522534ab3ef7e7,Route 22 East → Bloomingdale / Route 152 exit → High St / CR-23 → CR-23 and CR-26 intersection → Pad,true,5,2,2,0,2,1,3,GPS_ONLY,,not_ready,HELD_TRANSITION,"Named road evidence exists, but at least one exact traveled junction or occurrence receipt is unresolved.",
3850e94a-826f-4b6b-a54f-d21d482fca46,ascent--athena,ATHENA,Jefferson,SMITHFIELD,1787459253071652,40.278613,'-80.765988,saved pad reference,directions_clear,e3321e6e291ded71b5d830de7d66597af3afd936bf414f07bb99252c7e12f276,Route 7 → New Alexandria exit → Route 151 W (9 miles) → Pad,true,4,0,2,0,1,0,2,DONE,https://www.google.com/maps/dir/?api=1&travelmode=driving&dir_action=navigate&destination=40.278613%2C-80.765988&waypoints=40.2799914%2C-80.7619003,existing_reviewed_contract_preserved,REVIEWED_HANDOFF_READY,Existing reviewed named/public-road handoff remains byte-stable; any terminal GPS/private remainder stays explicitly neutral or held.,
86f059bc-72e2-468c-a93c-f468069d0295,ascent--atlas,ATLAS,Jefferson,WELLS,1787459253071652,40.25091,'-80.751329,saved pad reference,directions_clear,05811e0866830e105c0fafd89cc9f074091cb37e52b2ce30e494bc172746095d,Route 7 → Rayland / Dillonvale exit → Dairy Queen landmark → Route 15 (6.2 miles) → Lease Road,true,5,1,1,0,1,0,2,GPS_ONLY,,not_ready,HELD_IDENTITY,The earliest unresolved cleaned-source blocker is an exact authoritative identity/Road Manager mapping gap.,
b6dae008-74d4-4976-9c72-fba7ae349c50,ascent--besece,BESECE,Jefferson,MOUNT PLEASANT,1787615581785257,40.189775,'-80.842997,saved pad reference,directions_clear,0125f09a7a98768d5438a4aca1bd6fa276641ad782e94100622c303a7419c0d9,US-250 E → OH-150 N (1.0 mile) → Lease Road,true,3,2,0,0,1,1,1,GPS_ONLY,,not_ready,HELD_TRANSITION,"Named road evidence exists, but at least one exact traveled junction or occurrence receipt is unresolved.",
859bb8c8-e902-4085-b089-d0375c28ae6c,ascent--borum,BORUM,Jefferson,SMITHFIELD,1787459253071652,40.290672,'-80.85661,saved pad reference,directions_clear,b756e8d9b8c3d8da7f1d88b39760f4bca35954573c28b47add75a9cbdd43764f,Route 22 E → Route 151 / Hopedale exit → Route 151 E → Wayne Township Rd 192 → Lease Road,true,5,0,4,0,2,1,3,GPS_ONLY,,not_ready,HELD_IDENTITY,The earliest unresolved cleaned-source blocker is an exact authoritative identity/Road Manager mapping gap.,
45b2cfd7-1936-406d-bf6c-de0b8acc8e88,ascent--cecelia,CECELIA,Jefferson,WELLS,1787459253071652,40.282447,'-80.756322,saved pad reference,directions_clear,529986ca0cd2ab5fd9fe44b8f652422f6efd91a2d8fc511b57a9454f18b4ccdd,Route 22 → Hopedale exit → Route 151 E → Route 151 E at Smithfield (1.2 miles) → CR-25 (approximately 300 ft) → Pad,true,6,1,3,0,2,1,3,GPS_ONLY,,not_ready,HELD_TRANSITION,"Named road evidence exists, but at least one exact traveled junction or occurrence receipt is unresolved.",
2fd33dcc-6dbe-4496-a730-295914cef940,ascent--cena,CENA,Jefferson,WAYNE,1787459253071652,40.346562,'-80.770844,saved pad reference,directions_clear,a66be0f93e6dccc6ace847eaea1fd9a15de6ff51222cb184f5a367d48c706dad,Route 70 E → Route 77 N → Route 22 E → Bloomingdale exit → Flashing light → Route 26 (about 1 mile) → Route 212 (about 1 mile) → Pad,true,8,0,5,0,4,0,5,GPS_ONLY,,not_ready,HELD_IDENTITY,The earliest unresolved cleaned-source blocker is an exact authoritative identity/Road Manager mapping gap.,
3e31e56b-6c85-4f0c-9a38-0554b42581a5,ascent--cermak,CERMAK,Jefferson,SMITHFIELD,1787459253071652,40.244707,'-80.807728,saved pad reference,directions_clear,60752a459e13115a58fb6cdcfe1c9800af2b3d1c083b22a3708d12c1c08ed5e1,OH-9 S (0.1 mile) → I-70 E ramp (0.1 mile) → I-70 E (2.6 miles) → I-470 E (6.3 miles) → Exit 6 → OH-7 N (4.2 miles) → 2nd St (0.3 mile) → OH-7 N (6.7 miles) → OH-150 exit (0.1 mile) → CR-80 (318 ft) → Liberty Ave (0.2 mile) → OH-150 W (6.1 miles) → OH-152 N (4.3 miles) → CR-11 / Piney Fork Rd (0.8 mile) → Entrance,true,15,4,9,0,11,0,13,GPS_ONLY,,not_ready,HELD_TRANSITION,"Named road evidence exists, but at least one exact traveled junction or occurrence receipt is unresolved.",
757f6f6d-b427-4037-829e-9f31847421c8,ascent--cesario,CESARIO,Jefferson,MOUNT PLEASANT,1786258360881449,40.198778,'-80.784513,saved pad reference,directions_clear,e91267dc06421c2074325a1f0dda67264f97058aa80b956185509114c2befdc7,US-22 E → CR-13 → CR-12 (3.6 miles) → Township Hwy 141 / TR-141 (0.7 mile) → Smithfield-Adena Rd / CR-10 (0.8 mile) → TR-120 → approximately 1.3 miles → saved Route 120 turn → approximately 4 miles → Lease Road,true,10,5,2,0,6,1,6,GPS_ONLY,,not_ready,HELD_IDENTITY,The earliest unresolved cleaned-source blocker is an exact authoritative identity/Road Manager mapping gap.,
0ce3a5b6-b2e0-4daa-b8de-66216c1818fc,ascent--club,CLUB,Jefferson,SMITHFIELD,1787459253071652,40.220486,'-80.852604,saved pad reference,directions_clear,4db832843d6c20abf4610ab201b9429eac8185cb26110535fb276bdf7e8236c0,US-22 W (17 miles from Steubenville) → CR-13 / Unionvale-Kenwood Rd (3.3 miles) → CR-12 / Unionvale Rd / Harrison County Rd 13 (3.6 miles) → Township Hwy 141 (0.7 mile) → CR-10 (2.7 miles) → TR-130 (1.2 miles) → Pad,true,7,2,4,0,5,1,5,GPS_ONLY,,not_ready,HELD_IDENTITY,The earliest unresolved cleaned-source blocker is an exact authoritative identity/Road Manager mapping gap.,
6775a5be-1184-441c-a50c-4c51efd86eb1,ascent--colaianni,COLAIANNI,Jefferson,MOUNT PLEASANT,1787459253071652,40.167723,'-80.824732,saved pad reference,directions_clear,50e9904de55b16253c48dc41c7a3f94b29a80fb78a9d122f17127c2a8505ab16,US-250 E (1.8 miles) → OH-150 E (2.1 miles) → Pleasant Grove Rd (0.2 mile) → Access Road,true,4,2,1,0,2,1,2,GPS_ONLY,,not_ready,HELD_IDENTITY,The earliest unresolved cleaned-source blocker is an exact authoritative identity/Road Manager mapping gap.,
4f23bc46-4d15-4582-838f-e2ec74f7fe0c,ascent--collins,COLLINS,Jefferson,WAYNE,1786265812046205,40.349789,'-80.809605,saved pad reference,directions_clear,0159857092cf89a3ea718d5a13dd97f9e4c43bdefef89612557eadeb8bc5479b,Route 22 E → Route 152 / Bloomingdale exit → CR-25 → CR-26 → Lease entrance → Collins pad,true,6,2,2,0,3,1,3,GPS_ONLY,,not_ready,HELD_TRANSITION,"Named road evidence exists, but at least one exact traveled junction or occurrence receipt is unresolved.",
e70c6c4f-8f0e-480f-8a77-448fcf6d6d9c,ascent--creamer,CREAMER,Jefferson,WARREN,1787459253071652,40.205254,'-80.727134,saved pad reference,directions_clear,91d45d31b7dc190911ad8e147861a05c20a045cbcf2a5aab6c3aa6c012fb5ac0,Route 150 W → CR-15 (3.3 miles) → CR-14 (1.1 miles) → Lease Road,true,4,3,0,0,2,1,2,GPS_ONLY,,not_ready,HELD_TRANSITION,"Named road evidence exists, but at least one exact traveled junction or occurrence receipt is unresolved.",
69c4cf2d-f404-48c5-b4a9-08099de4664b,ascent--cross-creek,CROSS CREEK,Jefferson,CROSS CREEK,1787459253071652,40.310116,'-80.711596,saved pad reference,directions_clear,b51ccd5c74732a40cff3c70710d801dda48f9bb089fe10ed08393842a677c24f,OH-7 N (0.7 mile) → US-22 W (12.5 miles) → OH-152 exit → OH-152 S → E Studenville St (0.3 mile) → Bloomingdale-Smithfield-Chandl / High St → Fernwood Bloomingdale Rd (2.3 miles) → Dawson Rd (2.1 miles) → Township Hwy 187 (0.3 mile) → Entrance,true,10,2,7,0,7,1,8,GPS_ONLY,,not_ready,HELD_IDENTITY,The earliest unresolved cleaned-source blocker is an exact authoritative identity/Road Manager mapping gap.,
055798cd-468d-4681-842c-7a53d72f95a8,ascent--crowell,CROWELL,Jefferson,WAYNE,1787459253071652,40.33203,'-80.83421,saved pad reference,directions_clear,6c0c24ed74c770259211845a7accf408d19fe1368f775c8942a81b1567c68514,Route 22 E → TR-65 → CR-22A (2.5 miles) → CR-24 / Cow Path Rd (about 0.3 mile) → Pad,true,5,0,4,0,3,1,3,GPS_ONLY,,not_ready,HELD_IDENTITY,The earliest unresolved cleaned-source blocker is an exact authoritative identity/Road Manager mapping gap.,
2a3415ba-72b0-4125-93c2-06340504bc5e,ascent--dalrymple,DALRYMPLE,Jefferson,SMITHFIELD,1787459253071652,40.253123,'-80.860539,saved pad reference,directions_clear,4ae06a35860400711cf2b25fe3d91b74c15799cdb275cb426a2de8524b6b5e83,Unionvale-Kenwood Rd SE (1.3 miles) → Upper Clearfork Rd (1.9 miles) → Harrison County Rd 12 / Unionvale Rd (3.6 miles) → Township Hwy 141 / TR-141 (0.7 mile) → Smithfield-Adena Rd (1.2 miles) → Destination,true,6,2,3,0,4,0,5,GPS_ONLY,,not_ready,HELD_IDENTITY,The earliest unresolved cleaned-source blocker is an exact authoritative identity/Road Manager mapping gap.,
95682186-7210-47b5-bd14-2f82ce775515,ascent--darrow,DARROW,Jefferson,MOUNT PLEASANT,1787459253071652,40.184639,'-80.823008,saved pad reference,directions_clear,3557a2e8cba07b3d3ed7a0aec4831a950da7916dba0dfc2b27610e5204a2638f,Route 22 → Route 250 E → Route 150 E (approximately 4 miles) → Ascent turnaround / CR-6 → Pad,true,5,2,2,0,3,1,3,GPS_ONLY,,not_ready,HELD_TRANSITION,"Named road evidence exists, but at least one exact traveled junction or occurrence receipt is unresolved.",
18befd60-a104-4845-9e35-34a73cb9b109,ascent--dawson,DAWSON,Jefferson,SMITHFIELD,1787459253071652,40.280689,'-80.808585,saved pad reference,directions_clear,d0a37d8b9f9392f04b288c18d22742b1520b8bc6e0e2b3f05f616280359a2eb3,Hopedale Smithfield Rd / State Route 151 (6.5 miles) → Township Road 138 (0.3 mile) → Dawson lease road,true,3,0,2,0,1,0,2,GPS_ONLY,,not_ready,HELD_IDENTITY,The earliest unresolved cleaned-source blocker is an exact authoritative identity/Road Manager mapping gap.,
18257dbf-d681-46dd-be38-a8e4a6aab56f,ascent--dickson,DICKSON,Jefferson,CROSS CREEK,1787459253071652,40.307082,'-80.694744,saved pad reference,directions_clear,f5981df402c16cc8af5ba6583ef37e2f1fb6511769414b6076c03ee9af224506,OH-152 S (0.1 mile) → E Steubenville St (0.4 mile) → Bloomingdale-Smithfield-Chandl / High St (0.2 mile) → Fernwood Bloomingdale Rd (2.3 miles) → Fernwood Bloomingdale Rd (2.5 miles) → Dawson Rd (1.2 miles) → Township Hwy 187 (1.3 miles) → Dawson Rd (1.2 miles) → Access,true,9,4,4,0,7,2,6,GPS_ONLY,,not_ready,HELD_IDENTITY,The earliest unresolved cleaned-source blocker is an exact authoritative identity/Road Manager mapping gap.,
cc6fa7ae-178c-434a-a36a-321a5d326563,ascent--doyen,DOYEN,Jefferson,WELLS,1787459253071652,40.256018,'-80.697324,saved pad reference,directions_clear,cf278d6f2ab95487793d72e0f3b5154aa63439ed65520ecc3280bb78b3870a7a,Route 150 at Rayland → County Rd 15 → Route 17 → Route 18 → Route 156 → Amber / Doyen lease road,true,6,2,3,0,4,0,5,GPS_ONLY,,not_ready,HELD_IDENTITY,The earliest unresolved cleaned-source blocker is an exact authoritative identity/Road Manager mapping gap.,
5484ef9c-cc1f-4eca-9527-63d4a64183fb,ascent--elite,ELITE,Jefferson,MOUNT PLEASANT,1787459253071652,40.188588,'-80.805198,saved pad reference,directions_clear,a724abdc49f72783c2378d0c478955c692ea4d5ea1807136ae3c98e6c6370dd9,Route 250 → Route 150 E → TR-107A → Access Road,true,4,2,1,0,2,1,2,GPS_ONLY,,not_ready,HELD_IDENTITY,The earliest unresolved cleaned-source blocker is an exact authoritative identity/Road Manager mapping gap.,
b17d1649-f569-4bff-87e3-0530138ba511,ascent--faldowski,FALDOWSKI,Jefferson,SMITHFIELD,1787459253071652,40.217224,'-80.808182,saved pad reference,directions_clear,beb849bd86451ef72956af9beb42f4db6a019ba5e724d0e687e00ba1de15dbf1,US-22 E → CR-13 → CR-12 (3.6 miles) → Township Hwy 141 / TR-141 (0.7 mile) → Smithfield-Adena Rd / CR-10 (0.8 mile) → TR-120 → approximately 1.3 miles → saved Route 120 turn → approximately 3.2 miles → Lease Road,true,10,5,2,0,6,1,6,GPS_ONLY,,not_ready,HELD_IDENTITY,The earliest unresolved cleaned-source blocker is an exact authoritative identity/Road Manager mapping gap.,
d026b46b-5e9b-478c-b59f-fcb9a29d7ed0,ascent--fauna,FAUNA,Jefferson,Wells,1786265812046205,40.279773,'-80.627905,official wellhead reference,directions_clear,b99c74f0a1f086070b0a54c885ef57f05717f222d28a7c68e9ccd99d2e0f023c,SR-7 at Brilliant → SR-151 N → Route 19 (1.8 miles) → Route 167 (0.6 mile) → Lease Road,true,5,0,4,0,3,0,4,GPS_ONLY,,not_ready,HELD_IDENTITY,The earliest unresolved cleaned-source blocker is an exact authoritative identity/Road Manager mapping gap.,
f9ba8f15-85b3-402f-847b-d3b3d32bfc0a,ascent--ferguson,FERGUSON,Jefferson,SMITHFIELD,1787459253071652,40.234358,'-80.779074,saved pad reference,directions_clear,be52710f76de5552ae293e6385346317a9f270e2fafa50cb7c84b341f76460a1,E Market St NW (69 ft) → N Main St (1.3 miles) → toward US-22 E (0.1 mile) → US-22 E / Cadiz-Steubenville Rd (4.9 miles) → OH-151 E exit (0.3 mile) → OH-151 / Mill St (0.2 mile) → OH-151 E / Mill St (8.4 miles) → OH-152 S / Main St (6.2 miles) → OH-150 E (0.9 mile) → Dry Fork Rd / CR-8 (1 mile) → TR-118 (1 mile),true,11,3,8,0,7,0,11,GPS_ONLY,,not_ready,HELD_TRANSITION,"Named road evidence exists, but at least one exact traveled junction or occurrence receipt is unresolved.",
9aba1dc6-2e10-4560-8e16-1a6e87edea30,ascent--gabriel,GABRIEL,Jefferson,WELLS,1787459253071652,40.25435,'-80.722696,saved pad reference,directions_clear,6b8587ee43fcfd77ebfa2fe8d65f914f787e31d20359a244d3e1bacc2d749a40,Route 7 → Route 150 / Rayland-Dillonvale exit → Route 15 (approximately 6.8 miles) → Route 17 → Route 18 (approximately 1 mile) → Gabriel access,true,6,3,2,0,4,0,5,GPS_ONLY,,not_ready,HELD_IDENTITY,The earliest unresolved cleaned-source blocker is an exact authoritative identity/Road Manager mapping gap.,
d8602def-c1de-44a3-a38d-2def80ac4ff3,ascent--geno,GENO,Jefferson,SMITHFIELD,1786265812046205,40.276687,'-80.817741,saved pad reference,directions_clear,c430f0bc53291b36cbd0462b1b9bcc2cf2870dd69d11be0329d2eaa5db3f0d3e,Route 22 → Route 151 → Smithfield → Route 152 (0.9 mile) → County Road 10 (1.4 miles) → Lease Road,true,6,1,3,0,3,1,3,GPS_ONLY,,not_ready,HELD_TRANSITION,"Named road evidence exists, but at least one exact traveled junction or occurrence receipt is unresolved.",
4a24f660-f6c9-4b5b-a405-43402c41e365,ascent--giusto,GIUSTO,Jefferson,CROSS CREEK,1786258360881449,40.346415,'-80.678759,saved pad reference,directions_clear,e890e3d0824d6d07f89133a4fcb1b0c421b7e44c352b00c83c910152742f2dd0,US-22 E → CR-43 exit → CR-43 → left fork at Y → Fernwood Rd → CR-33 → CR-26,false,7,3,3,0,4,0,6,GPS_ONLY,,not_ready,HELD_IDENTITY,The earliest unresolved cleaned-source blocker is an exact authoritative identity/Road Manager mapping gap.,
b7e472dd-7102-494f-8114-45c124f4e2bc,ascent--gordon,GORDON,Jefferson,CROSS CREEK,1787459253071652,40.315718,'-80.716675,saved pad reference,directions_clear,775c7ea77791913217db97f55756ff30ad5aa89b99a6f88c893173d4bc3f4d44,US-22 → E Steubenville St / SR-152 (0.3 mile) → Bloomingdale-Smithfield-Chandl / High St (0.2 mile) → Fernwood Bloomingdale Rd (2.3 miles) → Fernwood Bloomingdale Rd (2.3 miles) → Dawson Rd (1.1 miles) → Straight (2 miles) → Lease Road,true,8,3,3,0,5,0,6,GPS_ONLY,,not_ready,HELD_IDENTITY,The earliest unresolved cleaned-source blocker is an exact authoritative identity/Road Manager mapping gap.,
74264915-dd02-430f-9e56-e109a5fdff58,ascent--griswold,GRISWOLD,Jefferson,WAYNE,1787459253071652,40.31714,'-80.801752,saved pad reference,directions_clear,52b50d25c10eec171cc71ef903762f284395b4d291407e7ae4ffd18485be9bf7,Route 22 E → Route 152 / Bloomingdale exit → CR-23 (approximately 2 miles) → Lease Road,true,4,1,2,0,2,1,2,GPS_ONLY,,not_ready,HELD_TRANSITION,"Named road evidence exists, but at least one exact traveled junction or occurrence receipt is unresolved.",
656f5543-21fc-4b7b-a541-0497b7fab488,ascent--grywalski,GRYWALSKI,Jefferson,MOUNT PLEASANT,1787459253071652,40.201238,'-80.829907,saved pad reference,directions_clear,d2547c41d1292e98853378f06521b7634857288e3c8c9799655f544208e00700,Route 250 E (approximately 12 miles) → Route 150 E → Ascent turnaround → Route 150 W → County Road 6 → Township Rd 8 → Lease Road,true,7,3,2,0,3,0,5,GPS_ONLY,,not_ready,HELD_IDENTITY,The earliest unresolved cleaned-source blocker is an exact authoritative identity/Road Manager mapping gap.,
3c3ef18f-8bca-4c97-af4e-9dce8cf8733b,ascent--hammock,HAMMOCK,Jefferson,CROSS CREEK,1787459253071652,40.353166,'-80.671297,saved pad reference,directions_clear,fed63d88995d8e4aff76d630b03ccd7552102d029294f07946664f5a27233cdb,Route 22 → Bloomingdale exit → Light → Fernwood Bloomingdale Rd / CR-26 (2.3 miles) → Fernwood Bloomingdale Rd / CR-26 (7.3 miles) → Pad,true,6,2,1,0,2,0,3,GPS_ONLY,,not_ready,HELD_IDENTITY,The earliest unresolved cleaned-source blocker is an exact authoritative identity/Road Manager mapping gap.,
d5b3f275-6467-4a42-a7fb-f9fda6fd4448,ascent--harr,HARR,Jefferson,MOUNT PLEASANT,1787459253071652,40.158999,'-80.768217,saved pad reference,directions_clear,c0bae2e1460bf9dd10a2a41393523bb17ffd0efa2af1724dddc29e41970ec9cd,US-250 E (12.3 miles) → OH-150 E (3.4 miles) → Union St → OH-647 S (0.8 mile) → CR-3 / Zeyer Rd (1.7 miles) → Site,true,6,3,2,0,4,0,5,GPS_ONLY,,not_ready,HELD_IDENTITY,The earliest unresolved cleaned-source blocker is an exact authoritative identity/Road Manager mapping gap.,
2805772b-58c9-4a41-9c75-de5355f2904a,ascent--howell,HOWELL,Jefferson,SMITHFIELD,1787459253071652,40.234171,'-80.787957,saved pad reference,directions_clear,e80e04aedff72cf747b135e5a5257e80a712336c4dc9381558a044793738e95c,Route 151 / Route 152 junction in Smithfield → Route 152 S (3.5 miles) → Pad,true,3,0,2,0,1,0,2,GPS_ONLY,,not_ready,HELD_TRANSITION,"Named road evidence exists, but at least one exact traveled junction or occurrence receipt is unresolved.",20260830105506_ascent_howell_occurrence_checkpoint.sql (UNAPPLIED)
0d883bcc-a811-4f4d-95aa-ae9a0194f3d0,ascent--jack-hamilton,JACK HAMILTON,Jefferson,SMITHFIELD,1787459253071652,40.254676,'-80.850726,saved pad reference,directions_clear,5f41ea8530c8300ecef3cdc81c5640a68099fa96775a3fd6818c43dfce6769a0,US-22 E → CR-13 → CR-12 (3.6 miles) → Township Hwy 141 / TR-141 (0.7 mile) → Smithfield-Adena Rd / CR-10 (0.8 mile) → TR-120 (0.8 mile),true,6,4,2,0,5,1,5,GPS_ONLY,,not_ready,HELD_IDENTITY,The earliest unresolved cleaned-source blocker is an exact authoritative identity/Road Manager mapping gap.,
672dc563-2612-47b1-a14b-0b67085318e9,ascent--jade,JADE,Jefferson,SMITHFIELD,1787459253071652,40.268832,'-80.764032,saved pad reference,directions_clear,17e88edea9ce6b53f734faa4b2d1ec6f9569a6e7bfc7cce58e251fa6866ef01e,South Route 150 → CR-15A N → CR-15 → Smithfield → Pad,true,5,3,0,0,1,0,3,GPS_ONLY,,not_ready,HELD_GEOMETRY,"Identity/occurrence evidence is sufficient to avoid an identity hold, but exact clipped traveled geometry or the pad-specific terminal connector is not proven.",
83025484-8a55-4e69-a1fb-aa315a6e79f9,ascent--kelpie,KELPIE,Jefferson,WELLS,1787459253071652,40.249923,'-80.703784,saved pad reference,directions_clear,6b42aa2d57dafc491710a1535522d281ac668e3ab11ddb9461a8e1d604e4db8f,Route 7 S → OH-150 W / Dillonvale → Litter Rd → Warren Ridge / Smithfield-Rayland Rd → CR-16 → CR-15 → Warren Ridge Rd / CR-17 → Graham Rd / CR-18 → Blues Run Rd / TWP-156 (1.5 miles) → Youngs Rd landmark → Pad entrance,true,11,4,6,0,9,0,10,GPS_ONLY,,not_ready,HELD_IDENTITY,The earliest unresolved cleaned-source blocker is an exact authoritative identity/Road Manager mapping gap.,
594c10ae-9588-4f9b-80da-9053adef114d,ascent--krinke,KRINKE,Jefferson,MOUNT PLEASANT,1787459253071652,40.166701,'-80.798244,saved pad reference,directions_clear,f325bb4d421235fbb047ddbabf8b08d1f72b7b04c541faf47ff57c7719fd0c56,SR-7 N → Hanover St / OH-647 (0.2 mile) → N Zane Hwy / OH-647 (300 ft) → Carlisle St / OH-647 (0.2 mile) → OH-647 N (8.4 miles) → Access Road,true,6,1,4,0,4,0,5,GPS_ONLY,,not_ready,HELD_IDENTITY,The earliest unresolved cleaned-source blocker is an exact authoritative identity/Road Manager mapping gap.,
bead73eb-9f83-4f9d-97ca-fb45b479b317,ascent--lori,LORI,Jefferson,SMITHFIELD,1787459253071652,40.238669,'-80.771593,saved pad reference,directions_clear,0faf494b00d51ff7b5a9a78c20b05b646aa0839c6402eedefa77f1a7bc3509ca,OH-7 N → OH-150 exit toward Rayland / Dillonvale → CR-80 → Warren St / OH-150 (4.8 miles) → CR-8 / Dry Fork Rd → TR-118 (0.8 mile) → TR-118 (1.5 miles) → lease road on right,true,8,6,1,0,5,0,7,GPS_ONLY,,not_ready,HELD_TRANSITION,"Named road evidence exists, but at least one exact traveled junction or occurrence receipt is unresolved.",
638487d0-2ef4-4e5c-8a16-cbb478c490c6,ascent--marquard,MARQUARD,Jefferson,MOUNT PLEASANT,1787459253071652,40.190145,'-80.798772,saved pad reference,directions_clear,add4b9b7948df1ec145c68be17832ca62f101177bf7b385cd94161c218581431,Route 250 → Route 150 E → TR-107A → Access Road → Marquard behind Elite pad,true,5,2,1,0,2,1,2,GPS_ONLY,,not_ready,HELD_IDENTITY,The earliest unresolved cleaned-source blocker is an exact authoritative identity/Road Manager mapping gap.,
9d90b16d-f53f-4d50-9fc6-e3c045d2580c,ascent--mingo,MINGO,Jefferson,CROSS CREEK,1787459253071652,40.323879,'-80.745448,saved pad reference,directions_clear,363675706bf2aaef78e321a8e30c276f99055537c647826f8c483410899d9a36,OH-152 S (0.1 mile) → E Steubenville St (0.4 mile) → Bloomingdale-Smithfield-Chandl / High St (0.2 mile) → Fernwood Bloomingdale Rd (2.3 miles) → Fernwood Bloomingdale Rd (2.5 miles) → Pad,true,6,2,3,0,4,2,3,GPS_ONLY,,not_ready,HELD_IDENTITY,The earliest unresolved cleaned-source blocker is an exact authoritative identity/Road Manager mapping gap.,
f48d9979-961a-456c-a2a6-af18dfea0845,ascent--noelle,NOELLE,Jefferson,Cross Creek,1787459253071652,40.362018,'-80.716719,saved pad reference,directions_clear,0a1438e417fb589b132310423143bf5b698cf7293516553b2ef67e2c40017c59,Route 22 → Bloomingdale exit → CR-23 / High St → CR-26 → CR-26 at 25/26 split → Fernwood Forest → CR-26 → CR-33 → Lease Road,true,9,5,1,0,3,0,6,GPS_ONLY,,not_ready,HELD_TRANSITION,"Named road evidence exists, but at least one exact traveled junction or occurrence receipt is unresolved.",
dc080ad5-27c3-44e9-b4ed-65d19a68cafa,ascent--nolan,NOLAN,Jefferson,CROSS CREEK,1787459253071652,40.308658,'-80.755504,saved pad reference,directions_clear,ae255363120e323e9b52e93a6d7c6e4da9698caf3c42ddcfdd95b6565bc6d21e,US-22 → E Steubenville St / SR-152 (0.3 mile) → Bloomingdale-Smithfield-Chandl / High St (0.2 mile) → Fernwood Bloomingdale Rd (2.3 miles) → Fernwood Bloomingdale Rd (2.3 miles) → Lake Betsy Rd / 189 (1.5 miles) → Pad,true,7,2,4,0,5,0,6,GPS_ONLY,,not_ready,HELD_IDENTITY,The earliest unresolved cleaned-source blocker is an exact authoritative identity/Road Manager mapping gap.,
5428a3b7-c17a-4dd2-9cd9-c0ce3b19a605,ascent--omaits,OMAITS,Jefferson,SMITHFIELD,1787459253071652,40.269755,'-80.790909,saved pad reference,directions_clear,3cb1a4feea78c07e7eb4cd8a9d1409dcbbfa5a014f8c5596b6a4f17c34488d34,Route 7 → Route 150 / Rayland exit → Route 150 → SR-152 → County Road 10 → Lease Road,true,6,3,2,0,3,1,4,GPS_ONLY,,not_ready,HELD_TRANSITION,"Named road evidence exists, but at least one exact traveled junction or occurrence receipt is unresolved.",
2f7f37b4-c4d6-48df-b670-4abd114465e2,ascent--packer,PACKER,Jefferson,MOUNT PLEASANT,1786265812046205,40.17684,'-80.86321,saved pad reference,directions_clear,92db824f5a63ba29c0a960ec0687d7da378a83154a9d2b346e8e0a1730c05c35,US-22 E → OH-519 / Stumptown Rd E → US-250 E → Packer pad,true,4,3,0,0,2,0,3,GPS_ONLY,,not_ready,HELD_TRANSITION,"Named road evidence exists, but at least one exact traveled junction or occurrence receipt is unresolved.",
9d48f5ed-d2fb-4dbd-9b43-f4cc3adb719c,ascent--patriot,PATRIOT,Jefferson,STEUBENVILLE,1787459253071652,40.300765,'-80.644606,saved pad reference,directions_clear,3ad470e795502b9f12eabca59768a558b58d1380154c5ed528fbbc5042e6777a,Route 7 → Route 151 W / New Alexandria exit (1.5 miles) → Cool Spring Rd (0.8 mile) → Pad access,true,4,0,3,0,2,1,2,GPS_ONLY,,not_ready,HELD_IDENTITY,The earliest unresolved cleaned-source blocker is an exact authoritative identity/Road Manager mapping gap.,
874fc5f7-fa3c-4efd-8462-efe9e97b2a2f,ascent--pearl,PEARL,Jefferson,Wells,1786265812046205,40.272776,'-80.632975,saved pad reference,directions_clear,48c2046d7bc83bcb4a3e6720b31d60f6294aa3286037a6736924f66bf7fdbc45,Route 7 → Route 151 → New Alexandria → Route 19 / Main St → Lease Road,true,5,0,3,0,2,1,2,GPS_ONLY,,not_ready,HELD_IDENTITY,The earliest unresolved cleaned-source blocker is an exact authoritative identity/Road Manager mapping gap.,
887512e9-c56f-4357-940c-fd3570f7306a,ascent--phillips,PHILLIPS,Jefferson,MOUNT PLEASANT,1787459253071652,40.1649,'-80.84443,saved pad reference,directions_clear,26b772c89345224ab7c87c9f7916b838ed4e2d8af55647775a7b2efe95783d6b,US-250 E → Harrisville → stay on US-250 past Route 150 E split → Storage-unit landmark → Lease Road,true,5,2,0,0,0,0,2,GPS_ONLY,,not_ready,HELD_GEOMETRY,"Identity/occurrence evidence is sufficient to avoid an identity hold, but exact clipped traveled geometry or the pad-specific terminal connector is not proven.",
23d9d5c1-fe94-4b27-81cf-7e981182c933,ascent--piergallini,PIERGALLINI,Jefferson,SMITHFIELD,1787459253071652,40.270236,'-80.815011,saved pad reference,directions_clear,ff221fe3dfff19603c2964c18883e3a33b79cc1ce99a8b0fc42f0db345fe1dd2,OH-43 S (1.4 miles) → OH-7 S (4.6 miles) → OH-151 exit → OH-151 W (9.7 miles) → OH-152 (0.9 mile) → CR-10 / Smithfield-Adena Rd (1.4 miles) → Entrance,true,7,1,5,0,4,0,6,GPS_ONLY,,not_ready,HELD_TRANSITION,"Named road evidence exists, but at least one exact traveled junction or occurrence receipt is unresolved.",
a6c3b68e-4f85-4b1d-9f2c-897fa14a36b5,ascent--porco,PORCO,Jefferson,WARREN,1787459253071652,40.219548,'-80.73759,saved pad reference,directions_clear,6b1bd28106a4a3cf80044e7f5399e43877210458b1c76905e191260f74c76111,Route 150 → CR-15A North → CR-15 toward Smithfield (about 3–4 miles) → Pad,true,4,3,0,0,1,0,3,GPS_ONLY,,not_ready,HELD_GEOMETRY,"Identity/occurrence evidence is sufficient to avoid an identity hold, but exact clipped traveled geometry or the pad-specific terminal connector is not proven.",
ce1bff99-9c64-435e-a517-e5b8f1a102b7,ascent--puggle,PUGGLE,Jefferson,Wayne,1787459253071652,40.318098,'-80.774283,saved pad reference,directions_clear,50a2daa0503f7eb589dd28993184f8ca959e7f572f7e8eea23868de5afda3452,Route 22 → Bloomingdale exit → CR-23 (0.2 mile) → CR-26 → CR-25 (approximately 1 mile) → NAC B / Puggle pad,true,6,3,1,0,3,1,3,GPS_ONLY,,not_ready,HELD_TRANSITION,"Named road evidence exists, but at least one exact traveled junction or occurrence receipt is unresolved.",
fb3dc329-db70-482a-b3d4-8d6f43e4ef57,ascent--rector,RECTOR,Jefferson,MOUNT PLEASANT,1787459253071652,40.186799,'-80.860696,saved pad reference,directions_clear,f657f6f5e4a267c45c083d01ceb6c953aeab36341e72d49b4b00b0431830214b,OH-150 E (0.9 mile) → TR-128 (1.1 miles) → Rector pad,true,3,2,0,0,1,0,2,GPS_ONLY,,not_ready,HELD_TRANSITION,"Named road evidence exists, but at least one exact traveled junction or occurrence receipt is unresolved.",
54bbef2d-fc87-4a33-b999-1fec24fc3c62,ascent--riley,RILEY,Jefferson,Mount Pleasant,1786246617744175,40.167109,'-80.821194,official pad reference,directions_clear,1bbdd6cc8e8017dc90c78e818b9b760acb295f21c38b2bf2dc8068c4e0fc05b6,US-250 E (1.8 miles) → OH-150 E (2.1 miles) → Pleasant Grove Rd (0.2 mile) → Colaianni Access Rd → TR-103 (0.25 mile) → Access Road,true,6,2,2,0,3,0,4,GPS_ONLY,,not_ready,HELD_IDENTITY,The earliest unresolved cleaned-source blocker is an exact authoritative identity/Road Manager mapping gap.,
5c979547-7519-41b8-9e08-62f5f330fbb6,ascent--ronald,RONALD,Jefferson,SMITHFIELD,1787459253071652,40.241391,'-80.817798,saved pad reference,directions_clear,5869bb50415365456faaac434e648d7d48c48ebd2689eb999eacbf76e1a7d699,US-22 E → CR-13 → CR-12 (3.6 miles) → Township Hwy 141 / TR-141 (0.7 mile) → Smithfield-Adena Rd / CR-10 (0.8 mile) → TR-120 → approximately 1.3 miles → saved Route 120 turn → approximately 1.6 miles → Lease Road,true,10,5,2,0,6,1,6,GPS_ONLY,,not_ready,HELD_IDENTITY,The earliest unresolved cleaned-source blocker is an exact authoritative identity/Road Manager mapping gap.,
d7eb406a-8744-4cd3-bb2c-86d3c922669d,ascent--roxy,ROXY,Jefferson,CROSS CREEK,1787459253071652,40.324793,'-80.747144,saved pad reference,directions_clear,1278591100062d14c3c84486d2c8a6e5bc7b63d1450b98f32ae05ee234532db8,Route 22 → Bloomingdale → Fernwood-Bloomingdale Rd / 26 → 26 / 184 split → stay on 26 → Pad,true,6,0,2,0,1,0,2,GPS_ONLY,,not_ready,HELD_IDENTITY,The earliest unresolved cleaned-source blocker is an exact authoritative identity/Road Manager mapping gap.,
7dcd1f71-fa32-4edc-ae3d-aa9717d0c72c,ascent--ruth,RUTH,Jefferson,MOUNT PLEASANT,1787459253071652,40.173626,'-80.879115,verified driver entrance,directions_clear,8cb84e8a8dc719617bf2aa5666d9d285f17d05a17f91c2908b5dd7c87635a278,US-250 E from Cadiz (approximately 11 miles) → Lease Road,true,2,1,0,0,0,0,1,DONE,https://www.google.com/maps/dir/?api=1&travelmode=driving&dir_action=navigate&destination=40.173626%2C-80.879115&waypoints=40.1771191%2C-80.8806516,existing_reviewed_contract_preserved,REVIEWED_HANDOFF_READY,Existing reviewed named/public-road handoff remains byte-stable; any terminal GPS/private remainder stays explicitly neutral or held.,
bbd05a00-7125-49ca-9496-30ab857874b4,ascent--satori,SATORI,Jefferson,WELLS,1787459253071652,40.262247,'-80.734851,saved pad reference,directions_clear,5bdc2ae10f49ba85469b31c374fba245173ec1ea473397fcb2399ceb84343aea,SR-7 → Route 151 W (7.4 miles) → Whitton Rd → Plum Rd / Ascent signs → Pad,true,5,0,4,0,3,0,4,GPS_ONLY,,not_ready,HELD_IDENTITY,The earliest unresolved cleaned-source blocker is an exact authoritative identity/Road Manager mapping gap.,
229679a2-1711-419d-8b9f-089978c9f5cf,ascent--smithfield,SMITHFIELD,Jefferson,SMITHFIELD,1787459253071652,40.234965,'-80.841444,saved pad reference,directions_clear,11251036096b034a14d815d86711c2140565e310e248296dfd41ac3b0f1e6936,US-22 W (17.0 miles) → CR-13 (3.3 miles) → Harrison County Rd 12 / Unionvale Rd (3.6 miles) → Township Hwy 141 (0.7 mile) → Smithfield-Adena Rd / CR-10 (2.0 miles) → Short Creek Sportsman Club → Gate → Main road → Lease Road,true,9,2,4,0,5,1,5,GPS_ONLY,,not_ready,HELD_IDENTITY,The earliest unresolved cleaned-source blocker is an exact authoritative identity/Road Manager mapping gap.,
78b91045-a2ee-42f5-a008-5bb7eb66777a,ascent--sport,SPORT,Jefferson,WAYNE,1787459253071652,40.325738,'-80.773014,saved pad reference,directions_clear,385c467195e48f33f802269087c24492fa979832cc5b4326fb4317f2d0a79f4f,Route 22 → Route 152 → Route 23 → Route 26 → Route 26 → Lease Road,true,6,1,4,0,4,0,5,GPS_ONLY,,not_ready,HELD_TRANSITION,"Named road evidence exists, but at least one exact traveled junction or occurrence receipt is unresolved.",
5b8d00dc-1814-4a38-bda9-1e9d6f1b7ced,ascent--stone,STONE,Jefferson,CROSS CREEK,1787459253071652,40.347579,'-80.690543,saved pad reference,directions_clear,52691edc0acc6f7e2cc481c3f09d164b8700688ed90b2ede8ff21f65e2e9b0de,US-22 / Cadiz-Steubenville Rd NE (11.6 miles) → OH-152 exit → E Steubenville Rd S (0.3 mile) → High St / Bloomingdale-Smithfield-Chandler Rd (0.1 mile) → Fernwood-Bloomingdale Rd / CR-26 (2.2 miles) → CR-26 continuation → Residential area (approximately 2.5 miles) → Pad,true,8,2,4,0,4,0,6,GPS_ONLY,,not_ready,HELD_IDENTITY,The earliest unresolved cleaned-source blocker is an exact authoritative identity/Road Manager mapping gap.,
20f3a681-598a-4e42-87c4-915e68cca777,ascent--tanner,TANNER,Jefferson,WAYNE,1786265812046205,40.346529,'-80.812857,saved pad reference,directions_clear,30bef6bd5cdfeffa8cf2290e5f365cbfc7b39c588156eee99d61d470a4866070,Route 22 E → Route 152 exit → Route 23 → Route 26 → Lease Road,true,5,1,3,0,3,0,4,GPS_ONLY,,not_ready,HELD_TRANSITION,"Named road evidence exists, but at least one exact traveled junction or occurrence receipt is unresolved.",
7eb68543-476e-4da6-a575-b11f1a2702ee,ascent--thompson,THOMPSON,Jefferson,SMITHFIELD,1787459253071652,40.276893,'-80.830242,saved pad reference,directions_clear,caef989a8ea66adedf870ce62ababf119e3567c3ff7b91b8f9b8768b8ef14d3d,Route 22 W → Route 151 E (10.3 miles) → Route 152 / S Main St (0.9 mile) → CR-10 / Smithfield-Adena Rd (1.9 miles) → TR-139 / Anthony Mine Rd (0.02 mile) → Lease Road,true,6,1,4,0,4,0,5,GPS_ONLY,,not_ready,HELD_IDENTITY,The earliest unresolved cleaned-source blocker is an exact authoritative identity/Road Manager mapping gap.,
e1078190-1832-4c54-a825-bf053959f84b,ascent--vincent,VINCENT,Jefferson,MOUNT PLEASANT,1787459253071652,40.169304,'-80.827132,saved pad reference,directions_clear,187763d7f6d2fe0b5d2b166c7a70fa1d95ef79c8ab16e4d4b3704960b4789fea,Route 7 S → OH-150 W → Mount Pleasant → OH-150 (1.4 miles) → Pleasant Grove Rd / Jefferson CR-5 (0.2 mile) → Access Road,true,6,3,1,0,2,1,3,GPS_ONLY,,not_ready,HELD_TRANSITION,"Named road evidence exists, but at least one exact traveled junction or occurrence receipt is unresolved.",
6f21fcf3-eceb-4748-884b-c1930c42014e,ascent--wilma,WILMA,Jefferson,WARREN,1787459253071652,40.17523,'-80.75489,saved pad reference,directions_clear,9bba5fbf454f6da6fd2435a38fc65f085037e7e75e48a88b1ab456668e5e96b1,US-250 E (12.3 miles) → SR-150 E (3.76 miles) → SR-647 (0.5 mile) → CR-1A (2.3 miles) → Well site entrance,true,5,3,1,0,3,0,4,GPS_ONLY,,not_ready,HELD_IDENTITY,The earliest unresolved cleaned-source blocker is an exact authoritative identity/Road Manager mapping gap.,
83801edc-0a49-443b-89c6-1358bcbcc05f,ascent--zeds,ZEDS,Jefferson,MOUNT PLEASANT,1787459253071652,40.188171,'-80.781848,saved pad reference,directions_clear,f703de9e45a292b4c8b72b7b83521def8c6ee6fc16522759801ea840ffc741b7,Saved Route 647 approach → CR-1A → County Road 1 → Mathews Ln / TR-106 (0.5 mile) → Pad,true,5,2,2,0,2,0,4,GPS_ONLY,,not_ready,HELD_IDENTITY,The earliest unresolved cleaned-source blocker is an exact authoritative identity/Road Manager mapping gap.,
8e0cd36e-2f51-418a-a61e-8828ef364ead,ascent--zimnox,ZIMNOX,Jefferson,WELLS,1787459253071652,40.274498,'-80.682359,saved pad reference,directions_clear,23ac6bd68fefb3c68803b0347bd9af571fb362cd811926eba18455e346c1d98c,Route 7 → Route 151 / New Alexandria exit → Township Rd 162 (4.1 miles from exit) → approximately 1 mile → Lease Road,true,5,0,3,0,2,0,3,GPS_ONLY,,not_ready,HELD_IDENTITY,The earliest unresolved cleaned-source blocker is an exact authoritative identity/Road Manager mapping gap.,
314652b0-0abb-47cb-a263-88ca23582144,ascent--monroe-north,MONROE NORTH,Monroe,SWITZERLAND,1787459253071652,39.822655,'-80.851694,saved pad reference,directions_clear,d42e28e6f068f78abf64f18bb7ace1d7f199e926defa21a143550d090ffe2094,I-70 E → Route 470 E → Exit 6 / Route 7 S (20.6 miles) → Krebbs Hill Rd (1.4 miles) → Krebbs Hill Rd → TR-910 (0.5 mile) → Lease Road,true,7,0,5,0,4,0,5,GPS_ONLY,,not_ready,HELD_IDENTITY,The earliest unresolved cleaned-source blocker is an exact authoritative identity/Road Manager mapping gap.,
0f848006-4c09-4c7f-b9f2-4743d5ccd37f,ascent--alabaster,ALABASTER,Noble,STOCK,1786258360881449,39.753932,'-81.340877,verified driver entrance,directions_clear,0a1147ae538486560fb74177be730808899a38af023573f41a10326b691a8da4,I-77 → Exit 25 → OH-78 E (14 miles) → Bean Ridge Rd / CR-54 (2.1 miles) → Curtis Ridge Rd / TR-233 (0.5 mile) → Buckingham Rd / TR-232 (1.4 miles) → Lease Road,true,7,3,2,0,4,2,3,GPS_ONLY,,not_ready,HELD_TRANSITION,"Named road evidence exists, but at least one exact traveled junction or occurrence receipt is unresolved.",
f3a32567-5af8-4c03-be12-f43cda54f45f,ascent--billy-sherman,BILLY SHERMAN,Noble,SENECA,1786265812046205,39.850171,'-81.398778,saved pad reference,directions_clear,21c409414b0b2e06073869a15fc975173e57f63e87ec94946abfa6e90c2cd9bf,Route 77 S → Route 215 N → Route 147 → CR-25 at Mount Ephraim (approximately 1 mile) → Pad,true,5,2,2,0,3,1,3,GPS_ONLY,,not_ready,HELD_TRANSITION,"Named road evidence exists, but at least one exact traveled junction or occurrence receipt is unresolved.",
5bcdb090-5758-48e0-911e-638f8dec5a35,ascent--debaser,DEBASER,Noble,CENTER,1786265812046205,39.797375,'-81.428418,saved pad reference,directions_clear,8222482e7e32ede016eee0466a3a868424ec6958691b2711a33a5794b0ead46c,I-77 S → Exit 28 / Route 821 (0.5 mile) → Route 215 (4.8 miles) → Route 147 (0.9 mile) → Route 146 (1.4 miles) → Fredericksdale Rd → Rutherford Rd landmark → Dawson Ridge Rd landmark → Lease Road,true,9,3,4,0,6,0,7,GPS_ONLY,,not_ready,HELD_IDENTITY,The earliest unresolved cleaned-source blocker is an exact authoritative identity/Road Manager mapping gap.,
691fb27b-2b35-471d-81fa-9239f6bd4081,ascent--lodestar,LODESTAR,Noble,STOCK,1786258360881449,39.750091,'-81.409571,saved pad reference,directions_clear,9d872ee14ea5e36aa0aa63d8a967fb23227ccc87372f6e5988ee3844a7c0a2d6,I-77 → Exit 25 → OH-78 E (5.6 miles) → Archer Ridge Rd / CR-2 (3.2 miles) → slight right onto Hill Rd / TR-307 (0.5 mile) → lease road on right,true,6,3,1,0,3,0,4,DONE,https://www.google.com/maps/dir/?api=1&travelmode=driving&dir_action=navigate&destination=39.750091%2C-81.409571&waypoints=39.774007303642%2C-81.451385717411%7C39.754750338267%2C-81.412456525463,existing_reviewed_contract_preserved,REVIEWED_HANDOFF_READY,Existing reviewed named/public-road handoff remains byte-stable; any terminal GPS/private remainder stays explicitly neutral or held.,
b48399d6-1890-4a19-af28-dba54b28fb55,ascent--matador,MATADOR,Noble,MARION,1786265812046205,39.821516,'-81.39377,saved pad reference,directions_clear,5ab5e8b2e2cd93049373a8440386889e573bea8e87d6315ecb330b91df32a10e,I-77 / Belle Valley exit → Route 821 S (0.5 mile) → Route 215 E (5.9 miles) → saved 215 / 146 / 147 transition → SR-146 at Shenandoah High School (3.1 miles) → Cowgill Rd / CR-4 (1.3 miles) → Lease Road,true,7,3,2,0,4,0,5,GPS_ONLY,,not_ready,HELD_TRANSITION,"Named road evidence exists, but at least one exact traveled junction or occurrence receipt is unresolved.",
ca1560b5-4ea6-4eb7-a82e-de2467937eb2,ascent--moonstone,MOONSTONE,Noble,SENECA,1786265812046205,39.83664,'-81.379628,saved pad reference,directions_clear,7290659e4e537779f19fe5dd259c0f39907ba2775989143214202423a74e989a,State Route 147 West (8.9 miles) → State Route 513 (9.3 miles) → State Route 146 (3.8 miles) → Lew Marten Rd (0.6 mile) → Pad,true,5,4,0,0,3,0,4,DONE,https://www.google.com/maps/dir/?api=1&travelmode=driving&dir_action=navigate&destination=39.83664%2C-81.379628&waypoints=39.829803091222%2C-81.379580538853,existing_reviewed_contract_preserved,REVIEWED_HANDOFF_READY,Existing reviewed named/public-road handoff remains byte-stable; any terminal GPS/private remainder stays explicitly neutral or held.,
475462f4-7e7a-4432-801c-5e513d5e953f,ascent--north-star,NORTH STAR,Noble,ENOCH,1786258360881449,39.739847,'-81.420197,saved pad reference,directions_clear,48a068d2f6f98e89b6ff868f7c2d301afe250282dd9c753255f023ac6226edc0,I-77 → Exit 25 → OH-78 E (5.6 miles) → Archer Ridge Rd / CR-2 (3.2 miles) → Archer Ridge Rd / Fulda Rd / CR-2 (1.1 miles) → Lease Road,true,6,3,1,0,2,0,4,DONE,https://www.google.com/maps/dir/?api=1&travelmode=driving&dir_action=navigate&destination=39.739847%2C-81.420197&waypoints=39.774007303642%2C-81.451385717411%7C39.755313742543%2C-81.424376369949,existing_reviewed_contract_preserved,REVIEWED_HANDOFF_READY,Existing reviewed named/public-road handoff remains byte-stable; any terminal GPS/private remainder stays explicitly neutral or held.,
588161d4-61ce-4589-a641-370cefef1307,ascent--ruby-opal,RUBY-OPAL,Noble,MARION,1786258360881449,39.834094,'-81.394512,saved pad reference,directions_clear,fd04d30c354f35ce129ebabdda7bfeea787db7bb7cba609976d3f978f7e7d52b,I-77 S → Exit 28 / OH-821 / Belle Valley → OH-821 S (approximately 0.5 mile) → OH-215 E / Wolf Run Rd (approximately 4.6 miles) → OH-285 / Sarahsville Rd (approximately 0.3 mile) → OH-146 (approximately 1.0 mile) → right to stay on OH-146 / Zep Rd (approximately 3.7 miles) → Roberta Cleary Ln / TR-226 (approximately 0.6 mile) → Ruby-Opal entrance,true,9,3,3,0,5,0,6,GPS_ONLY,,not_ready,HELD_IDENTITY,The earliest unresolved cleaned-source blocker is an exact authoritative identity/Road Manager mapping gap.,
e36bd24b-65a6-42df-a852-998945cbc43c,ascent--vault,VAULT,Noble,MARION,1786265812046205,39.811778,'-81.400909,saved pad reference,directions_clear,2568e5dd1e6cd2fa0fe94f36b8b57dc9146fb85b7048cc5855c81f0e71107c65,I-77 S → OH-821 (0.6 miles) → OH-215 (6.5 miles) → OH-146 (3.1 miles) → Cowgill Rd / CR-4 (1.0 mile) → Donald Franklin Rd (0.6 mile) → Lease Road,true,7,4,2,0,5,0,6,GPS_ONLY,,not_ready,HELD_TRANSITION,"Named road evidence exists, but at least one exact traveled junction or occurrence receipt is unresolved.",
0b7ed9a5-7748-4d92-992a-7f2cecf9dd08,ascent--winston-smith,WINSTON SMITH,Noble,STOCK,1786258360881449,39.752765,'-81.396584,saved pad reference,directions_clear,f6567d14731ff54a5fa9904957ae1045727f48e179ad22a788cf063daf0fd109,I-77 → Exit 25 → OH-78 E (5.6 miles) → Archer Ridge Rd / CR-2 (3.2 miles) → Hill Rd / TR-307 (0.7 mile) → Gurewicz Rd (0.8 mile) → Lease Road,true,7,3,2,0,4,0,5,DONE,https://www.google.com/maps/dir/?api=1&travelmode=driving&dir_action=navigate&destination=39.752765%2C-81.396584&waypoints=39.774007303642%2C-81.451385717411%7C39.754750338267%2C-81.412456525463%7C39.747281218039%2C-81.405362294553,existing_reviewed_contract_preserved,REVIEWED_HANDOFF_READY,Existing reviewed named/public-road handoff remains byte-stable; any terminal GPS/private remainder stays explicitly neutral or held.,
