pad_id,legacy_id,company,pad_name,county,township,list_only,has_gps,has_reviewed_directions,has_structured_sequence,active_primary_count,active_alternate_count,primary_readiness,primary_issue_codes,route_status,route_stage,road_occurrence_count,resolved_occurrence_count,held_occurrence_count,canonical_mapping_count,exact_geometry_count,route_exception_reasons,private_google_status,private_google_hold_reason,public_google_published,ledger_bucket
833f531d-8de2-41af-b1bf-1f6a820f9d06,antero--albert,Antero,ALBERT,Monroe,Malaga,false,true,true,true,1,0,ready_for_road_matching,,needs_review,identity_reconciliation,3,0,3,0,0,authoritative_occurrence_identity_incomplete,,,false,route_review
c561f3ad-ddc2-43b7-9c16-d995c56dee53,antero--alpha,Antero,ALPHA,Noble,Beaver,false,true,true,true,1,0,ready_for_road_matching,,needs_review,identity_reconciliation,6,0,6,0,0,authoritative_occurrence_identity_incomplete,,,false,route_review
89e96503-a2a5-482f-be4b-c2edbff61eda,antero--andes,Antero,ANDES,Noble,Senecaville,false,true,true,true,1,0,ready_for_road_matching,,needs_review,identity_reconciliation,6,0,6,0,0,authoritative_occurrence_identity_incomplete,,,false,route_review
7ccf33a7-2062-4f63-ba64-ef21fbc32f5a,antero--bettinger,Antero,BETTINGER,Noble,Caldwell,false,true,true,true,1,0,ready_for_road_matching,,needs_review,identity_reconciliation,3,0,3,0,0,authoritative_occurrence_identity_incomplete,,,false,route_review
7c951b70-3c7f-4e57-8465-995b2042b435,antero--betts,Antero,BETTS,Monroe,Seneca,false,true,true,true,1,0,ready_for_road_matching,,needs_review,identity_reconciliation,3,0,3,0,0,authoritative_occurrence_identity_incomplete,,,false,route_review
9b4ea59f-6faf-482e-9a6f-8571c3e05517,antero--bishop,Antero,BISHOP,Noble,BEAVER,false,true,true,true,1,0,ready_for_road_matching,,needs_review,identity_reconciliation,3,0,3,0,0,authoritative_occurrence_identity_incomplete,,,false,route_review
33df919a-eb1a-41a9-a8b8-ef1fb6d8ece2,antero--bond,Antero,BOND,Noble,Seneca,false,true,true,true,1,0,ready_for_road_matching,highway_not_first_road_step,needs_review,identity_reconciliation,6,0,6,0,0,authoritative_occurrence_identity_incomplete,,,false,route_review
078419ad-f21f-4cca-97ad-4504e5d4987e,antero--bronson,Antero,BRONSON,Monroe,,false,true,true,true,1,0,ready_for_road_matching,,needs_review,identity_reconciliation,5,0,5,0,0,authoritative_occurrence_identity_incomplete,,,false,route_review
314da2c0-2e55-4a9c-90c4-75b30cc4da30,antero--capstone,Antero,CAPSTONE,Noble,Beaver,false,true,true,true,1,0,ready_for_road_matching,,needs_review,identity_reconciliation,6,0,6,0,0,authoritative_occurrence_identity_incomplete,,,false,route_review
beb86734-04cc-492f-9ac6-e3372d0dae84,antero--carpenter,Antero,CARPENTER,Monroe,Seneca,false,true,true,true,1,0,ready_for_road_matching,highway_not_first_road_step,needs_review,identity_reconciliation,3,0,3,0,0,authoritative_occurrence_identity_incomplete,,,false,route_review
d29c81e0-54cf-437f-9554-334a57a5d86c,antero--crestone,Antero,CRESTONE,Monroe,Malaga,false,true,true,true,1,0,ready_for_road_matching,,needs_review,identity_reconciliation,4,0,4,0,0,authoritative_occurrence_identity_incomplete,,,false,route_review
115fb335-777d-4c60-bcb2-8b54a09cef48,antero--cynthia,Antero,CYNTHIA,Noble,Seneca,false,true,true,true,1,0,ready_for_road_matching,,needs_review,identity_reconciliation,4,0,4,0,0,authoritative_occurrence_identity_incomplete,,,false,route_review
100c978a-3e9a-4642-b582-1caa3c1e210d,antero--ervin,Antero,ERVIN,Noble,Beaver,false,true,true,true,1,0,ready_for_road_matching,,needs_review,identity_reconciliation,5,0,5,0,0,authoritative_occurrence_identity_incomplete,,,false,route_review
11da52bb-f88d-4f48-a3cc-36a010ff792d,antero--ervin-pad,Antero,ERVIN PAD,Noble,Beaver,false,false,true,true,0,0,,,,,0,0,0,0,0,,,,false,route_prep_missing
b5d1e75d-056f-4123-9350-e32fc1cdf131,antero--farnsworth,Antero,FARNSWORTH,Monroe,Seneca,false,true,true,true,1,0,ready_for_road_matching,,needs_review,identity_reconciliation,5,0,5,0,0,authoritative_occurrence_identity_incomplete,,,false,route_review
f5256993-3933-4444-acd8-56ad3a5ff21a,antero--fuller,Antero,FULLER,Noble,Wayne,false,true,true,true,1,0,needs_sequence_reorder,highway_not_first_road_step,needs_review,identity_reconciliation,6,0,6,0,0,route_prep_needs_sequence_reorder|authoritative_occurrence_identity_incomplete,,,false,route_review
eef0744e-d3bd-4014-9ebb-721ceba08251,antero--hercher,Antero,HERCHER,Monroe,Bethel,false,true,true,true,1,0,ready_for_road_matching,,needs_review,identity_reconciliation,5,0,5,0,0,authoritative_occurrence_identity_incomplete,,,false,route_review
876296f8-97f3-4ba6-813c-86b43e568f31,antero--hill,Antero,HILL,Noble,Buffalo,false,true,true,true,1,0,ready_for_road_matching,,needs_review,identity_reconciliation,3,0,3,0,0,authoritative_occurrence_identity_incomplete,,,false,route_review
4d33b985-7cb8-4570-a95a-c74e9e1039cb,antero--hughes,Antero,HUGHES,Monroe,Malaga,false,true,true,true,1,0,ready_for_road_matching,,needs_review,identity_reconciliation,5,0,5,0,0,authoritative_occurrence_identity_incomplete,,,false,route_review
e1416fa9-663f-4938-9132-17ca0a0b225b,antero--j-anderson,Antero,J ANDERSON,Guernsey,Millwood,false,true,true,true,1,0,ready_for_road_matching,,needs_review,identity_reconciliation,3,2,1,2,0,authoritative_occurrence_identity_incomplete,,,false,route_review
47473bdd-b189-4d40-a254-2926d9b7b910,antero--j-hall,Antero,J HALL,Guernsey,Millwood,false,true,true,true,1,0,needs_sequence_rebuild,missing_explicit_highway_anchor|not_enough_road_steps|sequence_mostly_generic,needs_review,identity_reconciliation,1,0,1,0,0,route_prep_needs_sequence_rebuild|authoritative_occurrence_identity_incomplete,,,false,route_review
d24d775b-bd90-44ad-ae0f-2921391aba72,antero--jr-byler,Antero,JR BYLER,Noble,Beaver,false,true,true,true,1,0,ready_for_road_matching,,needs_review,identity_reconciliation,2,0,2,0,0,authoritative_occurrence_identity_incomplete,,,false,route_review
bca01ad5-726c-44dd-a26e-f15770794c4d,antero--justice,Antero,JUSTICE,Noble,Buffalo,false,false,true,true,0,0,,,,,0,0,0,0,0,,,,false,route_prep_missing
35803738-d236-4a03-bd8c-e7fbab185290,antero--krupa,Antero,KRUPA,Noble,Seneca,false,true,true,true,1,0,ready_for_road_matching,,needs_review,identity_reconciliation,7,0,7,0,0,authoritative_occurrence_identity_incomplete,,,false,route_review
a77784b9-d807-41cc-b777-11409aad2e2f,antero--kurtz,Antero,KURTZ,Monroe,Seneca,false,true,true,true,1,0,ready_for_road_matching,,needs_review,identity_reconciliation,8,0,8,0,0,authoritative_occurrence_identity_incomplete,,,false,route_review
afeccec8-c2aa-474a-93c2-31f55fdd2b52,antero--loraditch,Antero,LORADITCH,Monroe,Seneca,false,true,true,true,1,0,ready_for_road_matching,,needs_review,identity_reconciliation,5,0,5,0,0,authoritative_occurrence_identity_incomplete,,,false,route_review
5de10afa-cb33-4132-8dda-8a27dcda5ab9,antero--madison-cs,Antero,MADISON CS,Monroe,MALAGA,false,true,true,true,1,0,needs_sequence_reorder,ambiguous_route_reference,needs_review,identity_reconciliation,3,0,3,0,0,route_prep_needs_sequence_reorder|authoritative_occurrence_identity_incomplete,,,false,route_review
e7fdb121-22e4-4a23-9ded-30be9403fb3a,antero--melvin,Antero,MELVIN,Monroe,Seneca,false,true,true,true,1,0,ready_for_road_matching,,needs_review,identity_reconciliation,5,0,5,0,0,authoritative_occurrence_identity_incomplete,,,false,route_review
688ec739-a17d-4f3c-9a9d-e3bfd36f4bef,antero--miley,Antero,MILEY,Noble,,false,true,true,true,1,0,ready_for_road_matching,,needs_review,identity_reconciliation,5,0,5,0,0,authoritative_occurrence_identity_incomplete,,,false,route_review
eab5e9ff-1b41-41d1-b2d3-a5cb7107a7c8,antero--monroe,Antero,MONROE,Monroe,Seneca,false,true,true,true,1,0,ready_for_road_matching,,needs_review,identity_reconciliation,5,0,5,0,0,authoritative_occurrence_identity_incomplete,,,false,route_review
d666378f-a0ce-4060-bc73-9dba433967a2,antero--myron-pad,Antero,MYRON PAD,Noble,Seneca,false,true,true,true,1,0,ready_for_road_matching,,needs_review,identity_reconciliation,2,0,2,0,0,authoritative_occurrence_identity_incomplete,,,false,route_review
340221ee-d0ec-4c0f-a05f-a9d070ee4c33,antero--nikki,Antero,NIKKI,Monroe,Malaga,false,true,true,true,1,0,ready_for_road_matching,,needs_review,identity_reconciliation,5,0,5,0,0,authoritative_occurrence_identity_incomplete,,,false,route_review
d6fed9a6-8473-4bb4-a2f6-4ebb63208fbb,antero--noble,Antero,NOBLE,Noble,Beaver,false,true,true,true,1,0,ready_for_road_matching,,needs_review,identity_reconciliation,4,0,4,0,0,authoritative_occurrence_identity_incomplete,,,false,route_review
318724fa-e899-4932-a971-6e58db923ae6,antero--otto,Antero,OTTO,Monroe,Malaga,false,true,true,true,1,0,ready_for_road_matching,,needs_review,identity_reconciliation,4,0,4,0,0,authoritative_occurrence_identity_incomplete,,,false,route_review
8c6e83f0-b1c5-42da-a531-c3c2473356e0,antero--price,Antero,PRICE,Noble,Beaver,false,true,true,true,1,0,ready_for_road_matching,,needs_review,identity_reconciliation,5,0,5,0,0,authoritative_occurrence_identity_incomplete,,,false,route_review
8c8f78a7-f356-4c49-b273-1a286004ac09,antero--quintel,Antero,QUINTEL,Noble,Beaver,false,true,true,true,1,0,ready_for_road_matching,,needs_review,identity_reconciliation,7,0,7,0,0,authoritative_occurrence_identity_incomplete,,,false,route_review
4b9038ef-bcb6-4190-a6f1-aa1b24aa1484,antero--renny,Antero,RENNY,Monroe,Malaga,false,true,true,true,1,0,ready_for_road_matching,,needs_review,identity_reconciliation,4,0,4,0,0,authoritative_occurrence_identity_incomplete,,,false,route_review
a6ae965e-d231-4632-803d-808353a97a0d,antero--rich,Antero,RICH,Noble,,false,true,true,true,1,0,ready_for_road_matching,,needs_review,identity_reconciliation,5,0,5,0,0,authoritative_occurrence_identity_incomplete,,,false,route_review
35db7073-f9e4-40d6-936d-ce7470b339a8,antero--robert,Antero,ROBERT,Noble,Seneca,false,true,true,true,1,0,ready_for_road_matching,,needs_review,identity_reconciliation,5,0,5,0,0,authoritative_occurrence_identity_incomplete,,,false,route_review
06198fab-0dbd-4e21-ac72-ca4769a36971,antero--roe,Antero,ROE,Noble,Beaver,false,true,true,true,1,0,ready_for_road_matching,highway_not_first_road_step,needs_review,identity_reconciliation,5,0,5,0,0,authoritative_occurrence_identity_incomplete,,,false,route_review
f12fc74a-87f5-4586-96ab-bf3c294418f9,antero--roxie,Antero,ROXIE,Monroe,Seneca,false,true,true,true,1,0,ready_for_road_matching,ambiguous_route_reference|highway_not_first_road_step,needs_review,identity_reconciliation,4,0,4,0,0,authoritative_occurrence_identity_incomplete,,,false,route_review
71ae2798-bc87-48ae-ac87-101b74340954,antero--rubel,Antero,RUBEL,Monroe,Seneca,false,true,true,true,1,0,ready_for_road_matching,,needs_review,identity_reconciliation,4,0,4,0,0,authoritative_occurrence_identity_incomplete,,,false,route_review
b522c3e3-fafc-4b31-a62b-920a629495a1,antero--schultz,Antero,SCHULTZ,Noble,Beaver,false,true,true,true,1,0,ready_for_road_matching,,needs_review,identity_reconciliation,5,0,5,0,0,authoritative_occurrence_identity_incomplete,,,false,route_review
35d4ebd1-1e5d-4eb8-b662-b963bfd28ade,antero--smierciak,Antero,SMIERCIAK,Noble,Seneca,false,true,true,true,1,0,ready_for_road_matching,,needs_review,exact_geometry,3,3,0,3,0,exact_occurrence_geometry_incomplete,,,false,route_review
e09a4594-793c-4c02-b0c7-e8ee4f01e8b2,antero--troyer,Antero,TROYER,Noble,Beaver,false,true,true,true,1,0,ready_for_road_matching,,needs_review,identity_reconciliation,3,2,1,2,0,authoritative_occurrence_identity_incomplete,,,false,route_review
3b74c9ea-cdb8-4c1d-9093-cf5e57f59917,antero--urban,Antero,URBAN,Monroe,Seneca,false,true,true,true,1,0,ready_for_road_matching,,needs_review,identity_reconciliation,4,0,4,0,0,authoritative_occurrence_identity_incomplete,,,false,route_review
fe67122a-8423-4f7d-8b53-13261851ff30,antero--warner,Antero,WARNER,Monroe,Marion,false,true,true,true,1,0,ready_for_road_matching,,needs_review,identity_reconciliation,6,0,6,0,0,authoritative_occurrence_identity_incomplete,,,false,route_review
dfe9b82f-8ebc-4614-9354-ca265cbd39ef,antero--wayne,Antero,WAYNE,Noble,Seneca,false,true,true,true,1,0,ready_for_road_matching,,needs_review,identity_reconciliation,5,0,5,0,0,authoritative_occurrence_identity_incomplete,,,false,route_review
4206c020-492a-4a9c-aaa2-ddb72d83709b,antero--webb,Antero,WEBB,Monroe,Franklin,false,true,true,true,1,0,needs_highway_anchor,missing_explicit_highway_anchor,needs_review,identity_reconciliation,3,0,3,0,0,route_prep_needs_highway_anchor|authoritative_occurrence_identity_incomplete,,,false,route_review
27cd9ea0-cff4-4816-8431-0cdf4ea1c053,antero--wehr,Antero,WEHR,Noble,Beaver,false,true,true,true,1,0,ready_for_road_matching,,needs_review,identity_reconciliation,8,0,8,0,0,authoritative_occurrence_identity_incomplete,,,false,route_review
849b1ff0-a6e4-494a-9920-08ae4702a801,antero--wilson-pad,Antero,WILSON PAD,Noble,Marion,false,true,true,true,1,0,ready_for_road_matching,,needs_review,identity_reconciliation,5,0,5,0,0,authoritative_occurrence_identity_incomplete,,,false,route_review
5e3668fe-65aa-47b0-b7a9-168686b1827a,ascent--able,Ascent,ABLE,Harrison,Archer,false,false,false,false,0,0,,,,,0,0,0,0,0,,,,false,route_prep_missing
f84fe2e3-be3f-400d-9683-4d111332fa2b,ascent--ace,Ascent,ACE,Harrison,CADIZ,false,true,true,true,1,0,ready_for_road_matching,,needs_review,identity_reconciliation,5,0,5,0,0,authoritative_occurrence_identity_incomplete,,,false,route_review
0f848006-4c09-4c7f-b9f2-4743d5ccd37f,ascent--alabaster,Ascent,ALABASTER,Noble,STOCK,false,true,true,true,1,0,ready_for_road_matching,,needs_review,identity_reconciliation,6,0,6,0,0,authoritative_occurrence_identity_incomplete,,,false,route_review
48d810bf-e59f-4314-9efb-8103a818a3bd,ascent--albatross,Ascent,ALBATROSS,Belmont,KIRKWOOD,false,true,true,true,1,0,ready_for_road_matching,,needs_review,identity_reconciliation,3,0,3,0,0,authoritative_occurrence_identity_incomplete,,,false,route_review
12da2a9f-c9ae-467f-abf5-723c31daecfe,ascent--albert,Ascent,ALBERT,Belmont,KIRKWOOD,false,true,true,true,1,0,ready_for_road_matching,ambiguous_route_reference,needs_review,identity_reconciliation,2,0,2,0,0,authoritative_occurrence_identity_incomplete,,,false,route_review
fda8a55c-605d-4fb7-903a-4ec4580e76cd,ascent--albright,Ascent,ALBRIGHT,Belmont,MEAD,false,true,true,true,1,0,needs_highway_anchor,missing_explicit_highway_anchor|sequence_mostly_generic,needs_review,identity_reconciliation,2,0,2,0,0,route_prep_needs_highway_anchor|authoritative_occurrence_identity_incomplete,,,false,route_review
f52bdf46-6b4a-4901-8f66-175bb7220ad8,ascent--alderman,Ascent,ALDERMAN,,,false,false,true,true,0,0,,,,,0,0,0,0,0,,,,false,route_prep_missing
9f32ed65-4fb4-4e23-9cf6-87afdb0acb9c,ascent--alpha,Ascent,ALPHA,Harrison,ATHENS,false,true,true,true,1,1,needs_sequence_reorder,ambiguous_route_reference,needs_review,identity_reconciliation,3,0,3,0,0,route_prep_needs_sequence_reorder|authoritative_occurrence_identity_incomplete,,,false,route_review
2650c579-b317-4cf5-baf4-1456abec1cb8,ascent--amber,Ascent,AMBER,Jefferson,WELLS,false,true,true,true,1,0,ready_for_road_matching,,needs_review,identity_reconciliation,7,0,7,0,0,authoritative_occurrence_identity_incomplete,,,false,route_review
c2923e5d-882b-44fe-be0c-6f3332cbb54b,ascent--anchor,Ascent,ANCHOR,Belmont,Flushing,false,false,true,true,0,0,,,,,0,0,0,0,0,,,,false,route_prep_missing
63a3497d-70e9-47a0-8500-00e094a5b871,ascent--antelok,Ascent,ANTELOK,Belmont,Richland,false,true,true,true,0,0,,,,,0,0,0,0,0,,stale,pad_gps_or_route_revision_changed,false,route_prep_missing
896e6e84-29b1-493c-b77f-f531153351d0,ascent--archie,Ascent,ARCHIE,Jefferson,WAYNE,false,true,true,true,1,0,ready_for_road_matching,,needs_review,identity_reconciliation,4,0,4,0,0,authoritative_occurrence_identity_incomplete,,,false,route_review
3850e94a-826f-4b6b-a54f-d21d482fca46,ascent--athena,Ascent,ATHENA,Jefferson,SMITHFIELD,false,true,true,true,1,0,ready_for_road_matching,sequence_mostly_generic,needs_review,identity_reconciliation,2,0,2,0,0,authoritative_occurrence_identity_incomplete,,,false,route_review
86f059bc-72e2-468c-a93c-f468069d0295,ascent--atlas,Ascent,ATLAS,Jefferson,WELLS,false,true,true,true,1,0,needs_sequence_rebuild,missing_explicit_highway_anchor|not_enough_road_steps|sequence_mostly_generic,needs_review,identity_reconciliation,1,0,1,0,0,route_prep_needs_sequence_rebuild|authoritative_occurrence_identity_incomplete,,,false,route_review
81b842b1-9f67-4be4-b94f-7a2ae402b740,ascent--atmos,Ascent,ATMOS,Guernsey,OXFORD,false,true,true,true,1,0,ready_for_road_matching,,needs_review,identity_reconciliation,4,0,4,0,0,authoritative_occurrence_identity_incomplete,,,false,route_review
fa2d692c-4f3a-4a28-8985-3809c9dbd15d,ascent--axle,Ascent,AXLE,Belmont,WARREN,false,true,true,true,1,0,ready_for_road_matching,,needs_review,identity_reconciliation,5,0,5,0,0,authoritative_occurrence_identity_incomplete,,,false,route_review
0b76ebf9-8ed9-46a7-957d-12c2617d61df,ascent--ayers,Ascent,AYERS,Guernsey,Madison,false,true,true,true,1,0,needs_sequence_cleanup,missing_explicit_highway_anchor|narrative_text_in_sequence|sequence_mostly_generic,needs_review,identity_reconciliation,2,0,2,0,0,route_prep_needs_sequence_cleanup|authoritative_occurrence_identity_incomplete,,,false,route_review
d7898e8c-1bb6-48f8-b5e0-87bc1898420e,ascent--bakos,Ascent,BAKOS,Belmont,COLERAIN,false,true,true,true,1,2,ready_for_road_matching,,route_ready,ready,2,2,0,2,2,,ready,,false,route_ready
b7526e45-0b33-4988-ae1c-0a4140971f8e,ascent--banjo,Ascent,BANJO,Harrison,SHORT CREEK,false,true,true,true,1,1,ready_for_road_matching,saved_mileage_pending_geometry_and_field_confirmation,needs_review,identity_reconciliation,3,2,1,2,0,authoritative_occurrence_identity_incomplete,held,transition_route_dependencies_not_current_or_exact,false,route_review
333598ca-37b3-4b44-9411-a490cc3da672,ascent--bannock,Ascent,BANNOCK,Belmont,UNION,false,true,true,true,1,1,ready_for_road_matching,,needs_review,identity_reconciliation,4,0,4,0,0,authoritative_occurrence_identity_incomplete,,,false,route_review
39014302-2bd7-4c96-a5f0-0857f99986db,ascent--beacon,Ascent,BEACON,Harrison,CADIZ,false,true,true,true,1,0,needs_highway_anchor,missing_explicit_highway_anchor|sequence_mostly_generic,needs_review,identity_reconciliation,2,0,2,0,0,route_prep_needs_highway_anchor|authoritative_occurrence_identity_incomplete,,,false,route_review
98eec273-b8aa-49b6-b791-2d53b5f256c6,ascent--bedway,Ascent,BEDWAY,Belmont,UNION,false,true,true,true,1,0,ready_for_road_matching,,needs_review,identity_reconciliation,4,0,4,0,0,authoritative_occurrence_identity_incomplete,,,false,route_review
0e6f23f1-3bfb-44b0-aa4e-f24dde611880,ascent--beetle,Ascent,BEETLE,Harrison,SHORT CREEK,false,true,true,true,1,0,ready_for_road_matching,,needs_review,identity_reconciliation,3,2,1,2,0,authoritative_occurrence_identity_incomplete,,,false,route_review
807ccb15-6f57-4c7a-978d-ab02e7a7c4ba,ascent--bella,Ascent,BELLA,Harrison,CADIZ,false,true,true,true,1,0,needs_sequence_reorder,ambiguous_route_reference,needs_review,identity_reconciliation,3,2,1,1,0,route_prep_needs_sequence_reorder|authoritative_occurrence_identity_incomplete,,,false,route_review
c2c9664b-f853-4ecf-8107-7b5630e69bcf,ascent--bennington,Ascent,BENNINGTON,Belmont,Smith,false,false,true,true,0,0,,,,,0,0,0,0,0,,,,false,route_prep_missing
b6dae008-74d4-4976-9c72-fba7ae349c50,ascent--besece,Ascent,BESECE,Jefferson,MOUNT PLEASANT,false,true,true,true,1,0,field_check,saved_mileage_pending_geometry_and_field_confirmation,needs_review,identity_reconciliation,3,2,1,2,0,route_prep_field_check|authoritative_occurrence_identity_incomplete,held,transition_route_dependencies_not_current_or_exact,false,route_review
6a76157e-c1c5-4624-bdf3-db996ed3aebd,ascent--betts,Ascent,BETTS,Guernsey,LONDONDERRY,false,true,true,true,1,1,ready_for_road_matching,,needs_review,exact_geometry,2,2,0,2,0,exact_occurrence_geometry_incomplete,,,false,route_review
59061829-1122-4aae-872d-cf5024310373,ascent--bilinovich,Ascent,BILINOVICH,Guernsey,LONDONDERRY,false,true,true,true,1,0,needs_sequence_cleanup,missing_explicit_highway_anchor|narrative_text_in_sequence,needs_review,identity_reconciliation,4,0,4,0,0,route_prep_needs_sequence_cleanup|authoritative_occurrence_identity_incomplete,,,false,route_review
f3a32567-5af8-4c03-be12-f43cda54f45f,ascent--billy-sherman,Ascent,BILLY SHERMAN,Noble,SENECA,false,true,true,true,1,0,ready_for_road_matching,,needs_review,identity_reconciliation,5,0,5,0,0,authoritative_occurrence_identity_incomplete,,,false,route_review
f896d00c-da26-41b6-bf5b-e9d91afbdbc6,ascent--blayney,Ascent,BLAYNEY,Belmont,WHEELING,false,true,true,true,1,1,needs_sequence_rebuild,saved_mileage_pending_geometry_and_field_confirmation|saved_sequence_missing_lafferty_bannock_cr10,needs_review,identity_reconciliation,2,0,2,0,0,route_prep_needs_sequence_rebuild|authoritative_occurrence_identity_incomplete,held,transition_route_dependencies_not_current_or_exact,false,route_review
456b4e09-b11c-429b-87e2-1b293bfb319c,ascent--blessed,Ascent,BLESSED,Belmont,RICHLAND,false,true,true,true,1,0,ready_for_road_matching,,needs_review,identity_reconciliation,6,0,6,0,0,authoritative_occurrence_identity_incomplete,,,false,route_review
5056a78d-6965-4cfa-a100-488b80ba5397,ascent--borovich,Ascent,BOROVICH,Belmont,RICHLAND,false,true,true,true,1,1,needs_sequence_reorder,highway_not_first_road_step,needs_review,identity_reconciliation,8,0,8,0,0,route_prep_needs_sequence_reorder|authoritative_occurrence_identity_incomplete,,,false,route_review
859bb8c8-e902-4085-b089-d0375c28ae6c,ascent--borum,Ascent,BORUM,Jefferson,SMITHFIELD,false,true,true,true,1,0,ready_for_road_matching,,needs_review,identity_reconciliation,3,0,3,0,0,authoritative_occurrence_identity_incomplete,,,false,route_review
3e03a228-2ad4-4d0a-b3cb-5a25e8d54006,ascent--bouska,Ascent,BOUSKA,Harrison,Freeport,false,true,true,true,1,2,ready_for_road_matching,,needs_review,identity_reconciliation,5,0,5,0,0,authoritative_occurrence_identity_incomplete,,,false,route_review
4c73e244-6132-4d40-83fc-3fe5e6e65bf6,ascent--bravo,Ascent,BRAVO,Harrison,ATHENS,false,true,true,true,1,0,ready_for_road_matching,,needs_review,identity_reconciliation,3,2,1,1,0,authoritative_occurrence_identity_incomplete,,,false,route_review
05c3de57-2e9b-4a24-9c5b-59584fbec133,ascent--breeze,Ascent,BREEZE,Belmont,RICHLAND,false,true,true,true,1,0,ready_for_road_matching,,needs_review,identity_reconciliation,4,0,4,0,0,authoritative_occurrence_identity_incomplete,,,false,route_review
0dc102c5-1640-47bf-9975-736cf684c227,ascent--brown,Ascent,BROWN,Guernsey,Washington,false,false,true,true,0,0,,,,,0,0,0,0,0,,,,false,route_prep_missing
c3b42375-2422-470e-8949-f27e1f00b3d3,ascent--bsa,Ascent,BSA,Harrison,NOTTINGHAM,false,true,true,true,1,2,ready_for_road_matching,,needs_review,identity_reconciliation,7,0,7,0,0,authoritative_occurrence_identity_incomplete,,,false,route_review
185d9eb6-58af-4009-bf53-fdd23113a572,ascent--cardinal,Ascent,CARDINAL,Harrison,Moorefield,false,true,true,true,1,2,needs_sequence_cleanup,narrative_text_in_sequence,needs_review,identity_reconciliation,4,4,0,4,0,route_prep_needs_sequence_cleanup,,,false,route_review
b9d1a8de-2ddd-4345-82a1-7e2a1f6ff2cb,ascent--carlos,Ascent,CARLOS,Belmont,RICHLAND,false,true,true,true,1,0,ready_for_road_matching,,needs_review,identity_reconciliation,4,0,4,0,0,authoritative_occurrence_identity_incomplete,,,false,route_review
58c94af4-32b1-4f80-a278-a5f73688fa23,ascent--caston,Ascent,CASTON,Guernsey,LONDONDERRY,false,true,true,true,1,1,field_check,,needs_review,identity_reconciliation,4,4,0,4,0,route_prep_field_check,,,false,route_review
45b2cfd7-1936-406d-bf6c-de0b8acc8e88,ascent--cecelia,Ascent,CECELIA,Jefferson,WELLS,false,true,true,true,1,0,ready_for_road_matching,,needs_review,identity_reconciliation,5,0,5,0,0,authoritative_occurrence_identity_incomplete,,,false,route_review
2fd33dcc-6dbe-4496-a730-295914cef940,ascent--cena,Ascent,CENA,Jefferson,WAYNE,false,true,true,true,1,0,needs_sequence_reorder,ambiguous_route_reference,needs_review,identity_reconciliation,4,0,4,0,0,route_prep_needs_sequence_reorder|authoritative_occurrence_identity_incomplete,,,false,route_review
3e31e56b-6c85-4f0c-9a38-0554b42581a5,ascent--cermak,Ascent,CERMAK,Jefferson,SMITHFIELD,false,true,true,true,1,1,ready_for_road_matching,,needs_review,identity_reconciliation,11,0,11,0,0,authoritative_occurrence_identity_incomplete,,,false,route_review
757f6f6d-b427-4037-829e-9f31847421c8,ascent--cesario,Ascent,CESARIO,Jefferson,MOUNT PLEASANT,false,true,true,true,1,0,ready_for_road_matching,ambiguous_route_reference,needs_review,identity_reconciliation,10,0,10,0,0,authoritative_occurrence_identity_incomplete,,,false,route_review
8152a466-3229-4cb0-8f9f-9f2929aceed4,ascent--charley,Ascent,CHARLEY,Harrison,Athens,false,false,true,true,0,0,,,,,0,0,0,0,0,,,,false,route_prep_missing
b22c557a-950a-4ed7-a65a-f4730b9bc727,ascent--circle-oaks,Ascent,CIRCLE-OAKS,Guernsey,Washington,false,true,true,true,1,0,ready_for_road_matching,,needs_review,identity_reconciliation,5,0,5,0,0,authoritative_occurrence_identity_incomplete,,,false,route_review
0ce3a5b6-b2e0-4daa-b8de-66216c1818fc,ascent--club,Ascent,CLUB,Jefferson,SMITHFIELD,false,true,true,true,1,1,needs_sequence_rebuild,not_enough_road_steps,needs_review,identity_reconciliation,1,0,1,0,0,route_prep_needs_sequence_rebuild|authoritative_occurrence_identity_incomplete,,,false,route_review
57e1d8d2-0d6c-481f-881d-1839a72a037b,ascent--coad,Ascent,COAD,Guernsey,OXFORD,false,true,true,true,1,1,ready_for_road_matching,,needs_review,identity_reconciliation,4,0,4,0,0,authoritative_occurrence_identity_incomplete,,,false,route_review
b614c93c-06d1-4993-b3fb-ad840f359e4c,ascent--cobra,Ascent,COBRA,Harrison,CADIZ,false,true,true,true,1,1,needs_sequence_reorder,highway_not_first_road_step,needs_review,identity_reconciliation,7,0,7,0,0,route_prep_needs_sequence_reorder|authoritative_occurrence_identity_incomplete,,,false,route_review
18213b3c-d7a0-4042-b369-c595dce25a9d,ascent--coffield,Ascent,COFFIELD,Belmont,RICHLAND,false,true,true,true,1,0,needs_sequence_cleanup,narrative_text_in_sequence|too_many_road_steps,needs_review,identity_reconciliation,15,0,15,0,0,route_prep_needs_sequence_cleanup|authoritative_occurrence_identity_incomplete,,,false,route_review
6775a5be-1184-441c-a50c-4c51efd86eb1,ascent--colaianni,Ascent,COLAIANNI,Jefferson,MOUNT PLEASANT,false,true,true,true,1,3,ready_for_road_matching,,needs_review,identity_reconciliation,4,0,4,0,0,authoritative_occurrence_identity_incomplete,,,false,route_review
ab964acf-05ac-4e18-b8cd-e5cb3914105c,ascent--coleman,Ascent,COLEMAN,Belmont,RICHLAND,false,true,true,true,1,1,ready_for_road_matching,,needs_review,identity_reconciliation,3,0,3,0,0,authoritative_occurrence_identity_incomplete,,,false,route_review
7c3c39de-f6be-4838-bb7f-56ec8ff44db7,ascent--collectors,Ascent,COLLECTORS,Harrison,NOTTINGHAM,false,true,true,true,1,2,ready_for_road_matching,,needs_review,identity_reconciliation,11,0,11,0,0,authoritative_occurrence_identity_incomplete,,,false,route_review
4f23bc46-4d15-4582-838f-e2ec74f7fe0c,ascent--collins,Ascent,COLLINS,Jefferson,WAYNE,false,true,true,true,1,0,ready_for_road_matching,,needs_review,identity_reconciliation,2,0,2,0,0,authoritative_occurrence_identity_incomplete,,,false,route_review
e2b32e85-9e93-4388-8215-9d8167cbbeb8,ascent--cologie,Ascent,COLOGIE,Harrison,Green,false,true,true,true,1,0,ready_for_road_matching,,route_ready,ready,6,6,0,6,6,,ready,,false,route_ready
95dcbd15-afd0-4357-a521-e23bcd6b4118,ascent--conotton,Ascent,CONOTTON,Harrison,MOOREFIELD,false,true,true,true,1,2,ready_for_road_matching,,needs_review,exact_geometry,3,3,0,3,2,exact_occurrence_geometry_incomplete,,,false,route_review
4213711f-0f23-440a-b0ec-42a1f9be4db0,ascent--cook,Ascent,COOK,Belmont,RICHLAND,false,true,true,true,1,0,needs_sequence_reorder,highway_not_first_road_step,needs_review,identity_reconciliation,5,0,5,0,0,route_prep_needs_sequence_reorder|authoritative_occurrence_identity_incomplete,,,false,route_review
852a50cf-855e-4ebc-96db-19edd085b083,ascent--cooper,Ascent,COOPER,Guernsey,Washington,false,true,true,true,1,0,ready_for_road_matching,,needs_review,identity_reconciliation,7,6,1,6,0,authoritative_occurrence_identity_incomplete,held,transition_route_dependencies_not_current_or_exact,false,route_review
6ccc2641-82d8-4398-bc7c-572d95cb9f0b,ascent--corder,Ascent,CORDER,Harrison,NOTTINGHAM,false,true,true,true,1,2,ready_for_road_matching,,needs_review,identity_reconciliation,9,0,9,0,0,authoritative_occurrence_identity_incomplete,,,false,route_review
4b0b99b7-da77-4b27-a2f7-7e8d3a9875d3,ascent--cravat-coal,Ascent,CRAVAT COAL,Harrison,SHORT CREEK,false,true,true,true,1,2,needs_sequence_cleanup,narrative_text_in_sequence,needs_review,identity_reconciliation,4,0,4,0,0,route_prep_needs_sequence_cleanup|authoritative_occurrence_identity_incomplete,,,false,route_review
23053421-06d5-47a2-bf77-5c3fdea4939b,ascent--cravat-north,Ascent,CRAVAT NORTH,Belmont,WHEELING,false,true,true,true,1,0,ready_for_road_matching,,needs_review,identity_reconciliation,4,0,4,0,0,authoritative_occurrence_identity_incomplete,,,false,route_review
e70c6c4f-8f0e-480f-8a77-448fcf6d6d9c,ascent--creamer,Ascent,CREAMER,Jefferson,WARREN,false,true,true,true,1,0,ready_for_road_matching,,needs_review,identity_reconciliation,4,3,1,2,0,authoritative_occurrence_identity_incomplete,,,false,route_review
3a72c3df-f0a1-4639-a468-019989c78f43,ascent--cricket,Ascent,CRICKET,Harrison,SHORT CREEK,false,true,true,true,1,0,ready_for_road_matching,,needs_review,identity_reconciliation,5,4,1,4,0,authoritative_occurrence_identity_incomplete,,,false,route_review
69c4cf2d-f404-48c5-b4a9-08099de4664b,ascent--cross-creek,Ascent,CROSS CREEK,Jefferson,CROSS CREEK,false,true,true,true,1,2,ready_for_road_matching,,needs_review,identity_reconciliation,9,0,9,0,0,authoritative_occurrence_identity_incomplete,,,false,route_review
055798cd-468d-4681-842c-7a53d72f95a8,ascent--crowell,Ascent,CROWELL,Jefferson,WAYNE,false,true,true,true,1,0,ready_for_road_matching,,needs_review,identity_reconciliation,5,0,5,0,0,authoritative_occurrence_identity_incomplete,,,false,route_review
fba35b8e-ccc6-406b-b27c-ac9ce4eed29d,ascent--crowie,Ascent,CROWIE,Belmont,RICHLAND,false,true,true,true,1,1,ready_for_road_matching,,needs_review,exact_geometry,3,3,0,3,2,exact_occurrence_geometry_incomplete,,,false,route_review
a4281545-b928-4130-90c5-1b18d6050717,ascent--cypress,Ascent,CYPRESS,Harrison,Cadiz,false,false,true,true,0,0,,,,,0,0,0,0,0,,,,false,route_prep_missing
2a3415ba-72b0-4125-93c2-06340504bc5e,ascent--dalrymple,Ascent,DALRYMPLE,Jefferson,SMITHFIELD,false,true,true,true,1,0,ready_for_road_matching,,needs_review,identity_reconciliation,6,0,6,0,0,authoritative_occurrence_identity_incomplete,,,false,route_review
95682186-7210-47b5-bd14-2f82ce775515,ascent--darrow,Ascent,DARROW,Jefferson,MOUNT PLEASANT,false,true,true,true,1,0,ready_for_road_matching,,needs_review,identity_reconciliation,5,0,5,0,0,authoritative_occurrence_identity_incomplete,,,false,route_review
18befd60-a104-4845-9e35-34a73cb9b109,ascent--dawson,Ascent,DAWSON,Jefferson,SMITHFIELD,false,true,true,true,1,0,needs_highway_anchor,ambiguous_route_reference,needs_review,identity_reconciliation,2,0,2,0,0,route_prep_needs_highway_anchor|authoritative_occurrence_identity_incomplete,,,false,route_review
5bcdb090-5758-48e0-911e-638f8dec5a35,ascent--debaser,Ascent,DEBASER,Noble,CENTER,false,true,true,true,1,0,ready_for_road_matching,,needs_review,identity_reconciliation,7,0,7,0,0,authoritative_occurrence_identity_incomplete,,,false,route_review
18257dbf-d681-46dd-be38-a8e4a6aab56f,ascent--dickson,Ascent,DICKSON,Jefferson,CROSS CREEK,false,true,true,true,1,0,ready_for_road_matching,,needs_review,identity_reconciliation,8,0,8,0,0,authoritative_occurrence_identity_incomplete,,,false,route_review
3e3f48e1-40bf-41f4-99f9-6cab7e69d8eb,ascent--domino,Ascent,DOMINO,Harrison,Cadiz,false,false,true,true,0,0,,,,,0,0,0,0,0,,,,false,route_prep_missing
8a7b9669-169d-45a5-bf55-b9be5cbd51e2,ascent--donna,Ascent,DONNA,Guernsey,LONDONDERRY,false,true,true,true,1,2,field_check,,needs_review,identity_reconciliation,4,0,4,0,0,route_prep_field_check|authoritative_occurrence_identity_incomplete,,,false,route_review
cc6fa7ae-178c-434a-a36a-321a5d326563,ascent--doyen,Ascent,DOYEN,Jefferson,WELLS,false,true,true,true,1,0,needs_sequence_cleanup,ambiguous_route_reference|narrative_text_in_sequence,needs_review,identity_reconciliation,3,0,3,0,0,route_prep_needs_sequence_cleanup|authoritative_occurrence_identity_incomplete,,,false,route_review
bb351070-6c94-45e5-942f-e155f9e86f7e,ascent--duke,Ascent,DUKE,Harrison,SHORT CREEK,false,true,true,true,1,0,ready_for_road_matching,,needs_review,exact_geometry,4,4,0,4,1,exact_occurrence_geometry_incomplete,,,false,route_review
7adbf888-6f25-4f8f-b306-649fcc9387f5,ascent--durr,Ascent,DURR,,,false,false,false,true,0,0,,,,,0,0,0,0,0,,,,false,route_prep_missing
fbdb5ee4-38d6-4801-81cc-8ad4abbb24e2,ascent--dutton,Ascent,DUTTON,Belmont,WHEELING,false,true,true,true,1,2,ready_for_road_matching,,needs_review,identity_reconciliation,3,0,3,0,0,authoritative_occurrence_identity_incomplete,,,false,route_review
922acc11-2fd1-44a4-8a94-90f653e2ce58,ascent--dwayne,Ascent,DWAYNE,Harrison,GREEN,false,true,true,true,1,0,needs_highway_anchor,ambiguous_route_reference,needs_review,identity_reconciliation,7,0,7,0,0,route_prep_needs_highway_anchor|authoritative_occurrence_identity_incomplete,,,false,route_review
83b27fd3-4615-4ea1-ad36-0b05b359f5d2,ascent--echo,Ascent,ECHO,Harrison,ATHENS,false,true,true,true,1,0,ready_for_road_matching,,needs_review,identity_reconciliation,4,0,4,0,0,authoritative_occurrence_identity_incomplete,,,false,route_review
59411ad1-15c6-4c77-88d8-ddd6dc852782,ascent--edington,Ascent,EDINGTON,Harrison,ATHENS,false,true,true,true,1,0,needs_highway_anchor,missing_explicit_highway_anchor|sequence_mostly_generic,needs_review,identity_reconciliation,2,0,2,0,0,route_prep_needs_highway_anchor|authoritative_occurrence_identity_incomplete,,,false,route_review
58fd9d03-e992-457e-95d3-6773c8f86b9c,ascent--eggleston,Ascent,EGGLESTON,Guernsey,WILLS,false,true,true,true,1,0,ready_for_road_matching,,needs_review,identity_reconciliation,5,0,5,0,0,authoritative_occurrence_identity_incomplete,,,false,route_review
5484ef9c-cc1f-4eca-9527-63d4a64183fb,ascent--elite,Ascent,ELITE,Jefferson,MOUNT PLEASANT,false,true,true,true,1,0,needs_sequence_rebuild,not_enough_road_steps,needs_review,identity_reconciliation,1,0,1,0,0,route_prep_needs_sequence_rebuild|authoritative_occurrence_identity_incomplete,,,false,route_review
61e21e3c-360b-40b0-8153-209b4fb3d5eb,ascent--ellen,Ascent,ELLEN,Harrison,MOOREFIELD,false,true,true,true,1,2,ready_for_road_matching,ambiguous_route_reference,needs_review,identity_reconciliation,4,0,4,0,0,authoritative_occurrence_identity_incomplete,,,false,route_review
6a47931a-4341-4965-9593-cfc3fc3e1c80,ascent--emersyn,Ascent,EMERSYN,Belmont,RICHLAND,false,true,true,true,1,1,ready_for_road_matching,,needs_review,identity_reconciliation,6,0,6,0,0,authoritative_occurrence_identity_incomplete,,,false,route_review
a6fafe63-0153-4e09-a931-0da5b65b18ea,ascent--eureka,Ascent,EUREKA,Belmont,SMITH,false,true,true,true,1,2,ready_for_road_matching,,needs_review,identity_reconciliation,3,0,3,0,0,authoritative_occurrence_identity_incomplete,,,false,route_review
4166a215-45bb-4662-82e2-80bb0184703b,ascent--exeter,Ascent,EXETER,Belmont,Richland,false,false,true,true,0,0,,,,,0,0,0,0,0,,,,false,route_prep_missing
46b82718-a6ca-437a-a2c6-f50c3f57c552,ascent--ezekiel,Ascent,EZEKIEL,Belmont,Warren,false,true,false,false,0,0,,,,,0,0,0,0,0,,stale,pad_gps_or_route_revision_changed,false,route_prep_missing
b17d1649-f569-4bff-87e3-0530138ba511,ascent--faldowski,Ascent,FALDOWSKI,Jefferson,SMITHFIELD,false,true,true,true,1,0,ready_for_road_matching,ambiguous_route_reference,needs_review,identity_reconciliation,10,0,10,0,0,authoritative_occurrence_identity_incomplete,,,false,route_review
d026b46b-5e9b-478c-b59f-fcb9a29d7ed0,ascent--fauna,Ascent,FAUNA,Jefferson,Wells,false,false,true,true,0,0,,,,,0,0,0,0,0,,,,false,route_prep_missing
f9ba8f15-85b3-402f-847b-d3b3d32bfc0a,ascent--ferguson,Ascent,FERGUSON,Jefferson,SMITHFIELD,false,true,true,true,1,1,ready_for_road_matching,,needs_review,identity_reconciliation,9,0,9,0,0,authoritative_occurrence_identity_incomplete,,,false,route_review
f5944b59-285c-4c82-aeba-98b3d1fba4ae,ascent--fleagane,Ascent,FLEAGANE,Belmont,PULTNEY,false,true,true,true,1,0,needs_highway_anchor,ambiguous_route_reference|sequence_mostly_generic,needs_review,identity_reconciliation,1,0,1,0,0,route_prep_needs_highway_anchor|authoritative_occurrence_identity_incomplete,,,false,route_review
8148f6bd-b58f-4a61-81b4-e6018c185fde,ascent--foxtrot,Ascent,FOXTROT,Harrison,ATHENS,false,true,true,true,1,0,ready_for_road_matching,,needs_review,identity_reconciliation,6,0,6,0,0,authoritative_occurrence_identity_incomplete,,,false,route_review
9aba1dc6-2e10-4560-8e16-1a6e87edea30,ascent--gabriel,Ascent,GABRIEL,Jefferson,WELLS,false,true,true,true,1,0,ready_for_road_matching,ambiguous_route_reference,needs_review,identity_reconciliation,3,0,3,0,0,authoritative_occurrence_identity_incomplete,,,false,route_review
878e60fe-cdfc-4bbb-a4e4-93b588bd2059,ascent--gatti,Ascent,GATTI,,,false,false,true,true,0,0,,,,,0,0,0,0,0,,,,false,route_prep_missing
d8602def-c1de-44a3-a38d-2def80ac4ff3,ascent--geno,Ascent,GENO,Jefferson,SMITHFIELD,false,true,true,true,1,0,needs_sequence_reorder,ambiguous_route_reference,needs_review,identity_reconciliation,4,0,4,0,0,route_prep_needs_sequence_reorder|authoritative_occurrence_identity_incomplete,,,false,route_review
ed1df007-6cd9-4704-9d48-f72209cefa29,ascent--geoflo,Ascent,GEOFLO,Belmont,WHEELING,false,true,true,true,1,0,ready_for_road_matching,highway_not_first_road_step,needs_review,identity_reconciliation,5,0,5,0,0,authoritative_occurrence_identity_incomplete,,,false,route_review
bd2e0e20-8aa8-4e05-a4c0-0af312234853,ascent--gil,Ascent,GIL,Guernsey,LONDONDERRY,false,true,true,true,1,0,needs_highway_anchor,missing_explicit_highway_anchor,needs_review,identity_reconciliation,6,0,6,0,0,route_prep_needs_highway_anchor|authoritative_occurrence_identity_incomplete,,,false,route_review
71c9c874-5514-46a4-8d91-b105c6734799,ascent--gilcher,Ascent,GILCHER,Guernsey,LONDONDERRY,false,true,true,true,1,1,field_check,,needs_review,identity_reconciliation,4,4,0,4,0,route_prep_field_check,,,false,route_review
efb704af-2dc0-4298-81c3-bad2ac13787b,ascent--gingerich,Ascent,GINGERICH,Guernsey,LONDONDERRY,false,true,true,true,1,0,needs_sequence_reorder,ambiguous_route_reference|highway_not_first_road_step,needs_review,identity_reconciliation,3,0,3,0,0,route_prep_needs_sequence_reorder|authoritative_occurrence_identity_incomplete,,,false,route_review
4a24f660-f6c9-4b5b-a405-43402c41e365,ascent--giusto,Ascent,GIUSTO,Jefferson,CROSS CREEK,false,true,true,true,1,1,ready_for_road_matching,,needs_review,identity_reconciliation,8,0,8,0,0,authoritative_occurrence_identity_incomplete,,,false,route_review
b7e472dd-7102-494f-8114-45c124f4e2bc,ascent--gordon,Ascent,GORDON,Jefferson,CROSS CREEK,false,true,true,true,1,0,ready_for_road_matching,,needs_review,identity_reconciliation,6,0,6,0,0,authoritative_occurrence_identity_incomplete,,,false,route_review
a02e60ee-e32a-4c10-a7c5-b284395159fd,ascent--grand,Ascent,GRAND,Belmont,Warren,false,false,true,true,0,0,,,,,0,0,0,0,0,,,,false,route_prep_missing
74264915-dd02-430f-9e56-e109a5fdff58,ascent--griswold,Ascent,GRISWOLD,Jefferson,WAYNE,false,true,true,true,1,0,ready_for_road_matching,,needs_review,identity_reconciliation,3,0,3,0,0,authoritative_occurrence_identity_incomplete,,,false,route_review
656f5543-21fc-4b7b-a541-0497b7fab488,ascent--grywalski,Ascent,GRYWALSKI,Jefferson,MOUNT PLEASANT,false,true,true,true,1,1,needs_sequence_reorder,,needs_review,identity_reconciliation,4,0,4,0,0,route_prep_needs_sequence_reorder|authoritative_occurrence_identity_incomplete,,,false,route_review
b9a8e55c-3583-4019-85fc-54a03d420ace,ascent--hamilton,Ascent,HAMILTON,Harrison,MOOREFIELD,false,true,true,true,1,2,ready_for_road_matching,,needs_review,exact_geometry,3,3,0,3,2,exact_occurrence_geometry_incomplete,,,false,route_review
3c3ef18f-8bca-4c97-af4e-9dce8cf8733b,ascent--hammock,Ascent,HAMMOCK,Jefferson,CROSS CREEK,false,true,true,true,1,0,needs_highway_anchor,missing_explicit_highway_anchor|sequence_mostly_generic,needs_review,identity_reconciliation,2,0,2,0,0,route_prep_needs_highway_anchor|authoritative_occurrence_identity_incomplete,,,false,route_review
d5b3f275-6467-4a42-a7fb-f9fda6fd4448,ascent--harr,Ascent,HARR,Jefferson,MOUNT PLEASANT,false,true,true,true,1,1,ready_for_road_matching,,needs_review,identity_reconciliation,7,0,7,0,0,authoritative_occurrence_identity_incomplete,,,false,route_review
f2f82142-f6d8-4f8d-b440-2ff86f624158,ascent--hastings,Ascent,HASTINGS,Belmont,WHEELING,false,true,true,true,1,0,ready_for_road_matching,,needs_review,identity_reconciliation,5,0,5,0,0,authoritative_occurrence_identity_incomplete,,,false,route_review
952f385d-659a-4f00-80c6-3aff474d5f27,ascent--heller,Ascent,HELLER,Belmont,MEAD,false,true,true,true,1,2,ready_for_road_matching,,needs_review,identity_reconciliation,4,0,4,0,0,authoritative_occurrence_identity_incomplete,,,false,route_review
036d0ac7-d72e-49e4-a400-ee0a631029e1,ascent--henderson,Ascent,HENDERSON,Belmont,RICHLAND,false,true,true,true,1,0,ready_for_road_matching,highway_not_first_road_step,needs_review,identity_reconciliation,6,0,6,0,0,authoritative_occurrence_identity_incomplete,,,false,route_review
4d010be1-39a8-4e4e-8bc8-d2b3337964e8,ascent--henry,Ascent,HENRY,Guernsey,LONDONDERRY,false,true,true,true,1,1,ready_for_road_matching,,needs_review,identity_reconciliation,5,0,5,0,0,authoritative_occurrence_identity_incomplete,,,false,route_review
07b566cd-393e-49f6-9547-676438aefc1a,ascent--hindman,Ascent,HINDMAN,Belmont,Richland,false,false,true,true,0,0,,,,,0,0,0,0,0,,,,false,route_prep_missing
351b72fb-eb48-4355-b6fc-d8e9a867f79c,ascent--hoop,Ascent,HOOP,Guernsey,LONDONDERRY,false,true,true,true,1,0,ready_for_road_matching,,needs_review,identity_reconciliation,4,0,4,0,0,authoritative_occurrence_identity_incomplete,,,false,route_review
2805772b-58c9-4a41-9c75-de5355f2904a,ascent--howell,Ascent,HOWELL,Jefferson,SMITHFIELD,false,true,true,true,1,0,ready_for_road_matching,,needs_review,identity_reconciliation,5,0,5,0,0,authoritative_occurrence_identity_incomplete,,,false,route_review
8698112a-c3b4-453e-94d0-bcf4b2476cfb,ascent--j-barr-j,Ascent,J BARR J,Guernsey,OXFORD,false,true,true,true,1,0,ready_for_road_matching,,needs_review,identity_reconciliation,4,0,4,0,0,authoritative_occurrence_identity_incomplete,,,false,route_review
0d883bcc-a811-4f4d-95aa-ae9a0194f3d0,ascent--jack-hamilton,Ascent,JACK HAMILTON,Jefferson,SMITHFIELD,false,true,true,true,1,0,ready_for_road_matching,,needs_review,identity_reconciliation,9,0,9,0,0,authoritative_occurrence_identity_incomplete,,,false,route_review
f80dea77-db11-45f8-b30c-6c6abb85e469,ascent--jackalope,Ascent,JACKALOPE,Guernsey,WASHINGTON,false,true,true,true,1,0,ready_for_road_matching,,needs_review,identity_reconciliation,8,0,8,0,0,authoritative_occurrence_identity_incomplete,,,false,route_review
672dc563-2612-47b1-a14b-0b67085318e9,ascent--jade,Ascent,JADE,Jefferson,SMITHFIELD,false,true,true,true,1,0,needs_highway_anchor,missing_explicit_highway_anchor,needs_review,identity_reconciliation,3,0,3,0,0,route_prep_needs_highway_anchor|authoritative_occurrence_identity_incomplete,,,false,route_review
9aa065c0-8896-49e2-b02d-d4ca71acefc3,ascent--jeffco,Ascent,JEFFCO,Harrison,GREEN,false,true,true,true,1,0,ready_for_road_matching,,needs_review,identity_reconciliation,4,3,1,2,0,authoritative_occurrence_identity_incomplete,,,false,route_review
fcbf5085-4ba2-496d-9c20-516e8b52f9bd,ascent--jennings,Ascent,JENNINGS,Guernsey,WILLS,false,true,true,true,1,0,field_check,saved_mileage_pending_geometry_and_field_confirmation,needs_review,identity_reconciliation,3,0,3,0,0,route_prep_field_check|authoritative_occurrence_identity_incomplete,held,transition_route_dependencies_not_current_or_exact,false,route_review
3d8f12eb-538a-49b7-b668-08288e3a26a1,ascent--jones,Ascent,JONES,Harrison,NOTTINGHAM,false,true,true,true,1,0,needs_sequence_reorder,ambiguous_route_reference|highway_not_first_road_step,needs_review,identity_reconciliation,10,0,10,0,0,route_prep_needs_sequence_reorder|authoritative_occurrence_identity_incomplete,,,false,route_review
85d74b99-da49-4a5a-aadf-1ce2b461071c,ascent--kaldor,Ascent,KALDOR,Belmont,MEAD,false,true,true,true,1,0,ready_for_road_matching,,needs_review,identity_reconciliation,2,0,2,0,0,authoritative_occurrence_identity_incomplete,,,false,route_review
a77e7898-9f9b-4fd8-82bb-da9ce26abd08,ascent--kantor,Ascent,KANTOR,,,false,false,true,true,0,0,,,,,0,0,0,0,0,,,,false,route_prep_missing
947959e6-8297-4b03-b591-25d196e7b1c0,ascent--kasetta,Ascent,KASETTA,Belmont,York,false,true,true,true,1,0,ready_for_road_matching,,needs_review,exact_geometry,4,4,0,4,0,exact_occurrence_geometry_incomplete,,,false,route_review
83025484-8a55-4e69-a1fb-aa315a6e79f9,ascent--kelpie,Ascent,KELPIE,Jefferson,WELLS,false,true,true,true,1,0,ready_for_road_matching,,needs_review,identity_reconciliation,9,0,9,0,0,authoritative_occurrence_identity_incomplete,,,false,route_review
c09f4dd1-68f9-46d1-90b3-560240550ecd,ascent--kemper,Ascent,KEMPER,Belmont,Richland,false,true,true,true,1,0,ready_for_road_matching,,needs_review,identity_reconciliation,3,2,1,2,0,authoritative_occurrence_identity_incomplete,,,false,route_review
594c10ae-9588-4f9b-80da-9053adef114d,ascent--krinke,Ascent,KRINKE,Jefferson,MOUNT PLEASANT,false,true,true,true,1,1,ready_for_road_matching,,needs_review,identity_reconciliation,6,0,6,0,0,authoritative_occurrence_identity_incomplete,,,false,route_review
3d920c70-2910-4b0a-a85a-442cd477802f,ascent--krnyaich,Ascent,KRNYAICH,Belmont,MEAD,false,true,true,true,1,0,needs_highway_anchor,missing_explicit_highway_anchor,needs_review,exact_geometry,2,2,0,2,0,route_prep_needs_highway_anchor|exact_occurrence_geometry_incomplete,,,false,route_review
894fffa5-bd8f-4de6-acea-6296382d9c14,ascent--kroby,Ascent,KROBY,Guernsey,MADISON,false,true,true,true,1,0,needs_highway_anchor,missing_explicit_highway_anchor|sequence_mostly_generic,needs_review,identity_reconciliation,2,0,2,0,0,route_prep_needs_highway_anchor|authoritative_occurrence_identity_incomplete,,,false,route_review
47a0305e-c641-499b-990c-0f7fe83493b8,ascent--kungle-a,Ascent,KUNGLE A,Belmont,YORK,false,true,true,true,1,2,ready_for_road_matching,,needs_review,identity_reconciliation,5,0,5,0,0,authoritative_occurrence_identity_incomplete,,,false,route_review
ad5ef012-46f5-46ca-93c7-0f5b492cb201,ascent--kungle-b,Ascent,KUNGLE B,Belmont,YORK,false,true,true,true,1,2,ready_for_road_matching,,needs_review,identity_reconciliation,5,0,5,0,0,authoritative_occurrence_identity_incomplete,,,false,route_review
83499ca1-3c45-4502-b7c2-688e88343093,ascent--kurth,Ascent,KURTH,Belmont,RICHLAND,false,true,true,true,1,0,ready_for_road_matching,,needs_review,identity_reconciliation,6,0,6,0,0,authoritative_occurrence_identity_incomplete,,,false,route_review
ccf7415a-331b-440a-829d-28282a33cde1,ascent--lake,Ascent,LAKE,Guernsey,LONDONDERRY,false,true,true,true,1,2,field_check,,needs_review,identity_reconciliation,4,4,0,4,0,route_prep_field_check,,,false,route_review
518659d9-bca2-47b0-b294-3141ba679fc4,ascent--lasso,Ascent,LASSO,Harrison,Short Creek,false,true,false,false,0,0,,,,,0,0,0,0,0,,stale,pad_gps_or_route_revision_changed,false,route_prep_missing
883420b3-07b9-4682-912e-42ba278d1132,ascent--lavada,Ascent,LAVADA,Guernsey,RICHLAND,false,true,true,true,1,0,ready_for_road_matching,,needs_review,identity_reconciliation,5,0,5,0,0,authoritative_occurrence_identity_incomplete,,,false,route_review
143f5268-33e4-4598-8101-40220b5cfdc4,ascent--lawson,Ascent,LAWSON,Guernsey,LONDONDERRY,false,true,true,true,1,2,ready_for_road_matching,,needs_review,exact_geometry,4,4,0,4,0,exact_occurrence_geometry_incomplete,,,false,route_review
907c0955-b7c1-47a9-b449-dd5762f2e642,ascent--lee,Ascent,LEE,Belmont,COLERAIN,false,true,true,true,1,1,ready_for_road_matching,,needs_review,identity_reconciliation,4,0,4,0,0,authoritative_occurrence_identity_incomplete,,,false,route_review
65083627-e1a1-4688-8ed0-d279011963e2,ascent--leila,Ascent,LEILA,Guernsey,Lnd,false,true,true,true,0,0,,,,,0,0,0,0,0,,stale,pad_gps_or_route_revision_changed,false,route_prep_missing
b11e4ded-76d0-403f-8a50-d76c413e5db5,ascent--liggett,Ascent,LIGGETT,Harrison,Athens,false,true,true,true,1,1,needs_sequence_rebuild,ambiguous_route_reference|not_enough_road_steps,needs_review,google_manifest,0,0,0,0,0,route_prep_needs_sequence_rebuild|no_saved_road_occurrences|google_route_manifest_not_ready,,,false,route_review
6a46001d-bc61-4cd2-8c30-40e5366aaa69,ascent--lincoln,Ascent,LINCOLN,Guernsey,MADISON,false,true,true,true,1,1,ready_for_road_matching,,needs_review,identity_reconciliation,5,0,5,0,0,authoritative_occurrence_identity_incomplete,,,false,route_review
691fb27b-2b35-471d-81fa-9239f6bd4081,ascent--lodestar,Ascent,LODESTAR,Noble,STOCK,false,true,true,true,1,0,ready_for_road_matching,,needs_review,identity_reconciliation,5,0,5,0,0,authoritative_occurrence_identity_incomplete,,,false,route_review
5c4a497e-cf33-48dd-8272-9fd06ebb9e6a,ascent--lodge,Ascent,LODGE,Guernsey,Washington,false,false,true,true,0,0,,,,,0,0,0,0,0,,,,false,route_prep_missing
bead73eb-9f83-4f9d-97ca-fb45b479b317,ascent--lori,Ascent,LORI,Jefferson,SMITHFIELD,false,true,true,true,1,1,ready_for_road_matching,,needs_review,identity_reconciliation,5,0,5,0,0,authoritative_occurrence_identity_incomplete,,,false,route_review
a35f0ea7-13d7-45dd-8fe2-fe73e4964df2,ascent--lorraine,Ascent,LORRAINE,Belmont,RICHLAND,false,true,true,true,1,0,ready_for_road_matching,,needs_review,exact_geometry,4,4,0,4,0,exact_occurrence_geometry_incomplete,held,transition_route_dependencies_not_current_or_exact,false,route_review
8f616827-d7da-4b40-b9c2-49fd5e713822,ascent--maldon,Ascent,MALDON,Belmont,WARREN,false,true,true,true,1,0,ready_for_road_matching,,needs_review,identity_reconciliation,5,0,5,0,0,authoritative_occurrence_identity_incomplete,,,false,route_review
638487d0-2ef4-4e5c-8a16-cbb478c490c6,ascent--marquard,Ascent,MARQUARD,Jefferson,MOUNT PLEASANT,false,true,true,true,1,0,ready_for_road_matching,sequence_mostly_generic,needs_review,identity_reconciliation,2,0,2,0,0,authoritative_occurrence_identity_incomplete,,,false,route_review
b48399d6-1890-4a19-af28-dba54b28fb55,ascent--matador,Ascent,MATADOR,Noble,MARION,false,true,true,true,1,0,ready_for_road_matching,,needs_review,identity_reconciliation,6,0,6,0,0,authoritative_occurrence_identity_incomplete,,,false,route_review
d6d0a0fd-1cd3-48ae-8e41-90d744b9f8f6,ascent--matusek,Ascent,MATUSEK,Belmont,WHEELING,false,true,true,true,1,1,ready_for_road_matching,,needs_review,identity_reconciliation,6,0,6,0,0,authoritative_occurrence_identity_incomplete,,,false,route_review
c7fffd5d-1e83-47c6-8f51-ee9a7ce490e7,ascent--medinah,Ascent,MEDINAH,Harrison,GREEN,false,true,true,true,1,0,needs_highway_anchor,ambiguous_route_reference,needs_review,identity_reconciliation,2,0,2,0,0,route_prep_needs_highway_anchor|authoritative_occurrence_identity_incomplete,,,false,route_review
d5722be0-59a2-42ae-baed-4c73efef4df6,ascent--miller,Ascent,MILLER,Belmont,Pultney,false,true,true,true,1,0,needs_sequence_reorder,ambiguous_route_reference,needs_review,identity_reconciliation,5,0,5,0,0,route_prep_needs_sequence_reorder|authoritative_occurrence_identity_incomplete,,,false,route_review
6d89d217-9479-40ea-ab0e-64937b8cebc6,ascent--miller-farms,Ascent,MILLER FARMS,Guernsey,WASHINGTON,false,true,true,true,1,0,ready_for_road_matching,,needs_review,identity_reconciliation,11,0,11,0,0,authoritative_occurrence_identity_incomplete,,,false,route_review
9d90b16d-f53f-4d50-9fc6-e3c045d2580c,ascent--mingo,Ascent,MINGO,Jefferson,CROSS CREEK,false,true,true,true,1,0,ready_for_road_matching,,needs_review,identity_reconciliation,6,0,6,0,0,authoritative_occurrence_identity_incomplete,,,false,route_review
fc8a81c6-ccd5-4d1c-9eb6-507f05317688,ascent--mohorovich,Ascent,MOHOROVICH,Guernsey,RICHLAND,false,true,true,true,1,0,ready_for_road_matching,ambiguous_route_reference,needs_review,identity_reconciliation,4,0,4,0,0,authoritative_occurrence_identity_incomplete,,,false,route_review
314652b0-0abb-47cb-a263-88ca23582144,ascent--monroe-north,Ascent,MONROE NORTH,Monroe,SWITZERLAND,false,true,true,true,1,0,ready_for_road_matching,,needs_review,identity_reconciliation,4,0,4,0,0,authoritative_occurrence_identity_incomplete,,,false,route_review
ca1560b5-4ea6-4eb7-a82e-de2467937eb2,ascent--moonstone,Ascent,MOONSTONE,Noble,SENECA,false,true,true,true,1,0,ready_for_road_matching,,needs_review,identity_reconciliation,5,4,1,4,0,authoritative_occurrence_identity_incomplete,,,false,route_review
f48d9979-961a-456c-a2a6-af18dfea0845,ascent--noelle,Ascent,NOELLE,Jefferson,Cross Creek,false,true,true,true,1,0,ready_for_road_matching,,needs_review,identity_reconciliation,6,0,6,0,0,authoritative_occurrence_identity_incomplete,,,false,route_review
dc080ad5-27c3-44e9-b4ed-65d19a68cafa,ascent--nolan,Ascent,NOLAN,Jefferson,CROSS CREEK,false,true,true,true,1,0,ready_for_road_matching,,needs_review,identity_reconciliation,7,0,7,0,0,authoritative_occurrence_identity_incomplete,,,false,route_review
475462f4-7e7a-4432-801c-5e513d5e953f,ascent--north-star,Ascent,NORTH STAR,Noble,ENOCH,false,true,true,true,1,0,ready_for_road_matching,,needs_review,identity_reconciliation,4,0,4,0,0,authoritative_occurrence_identity_incomplete,,,false,route_review
bf97cbb2-e1bd-485e-b41d-fa314a8f9a0a,ascent--oboy,Ascent,OBOY,Belmont,COLERAIN,false,true,true,true,1,2,ready_for_road_matching,,needs_review,identity_reconciliation,5,0,5,0,0,authoritative_occurrence_identity_incomplete,,,false,route_review
ac833974-3bda-4370-b7f8-48e4fd4dcdee,ascent--oliver,Ascent,OLIVER,Belmont,COLERAIN,false,true,true,true,1,1,ready_for_road_matching,highway_not_first_road_step,needs_review,identity_reconciliation,3,0,3,0,0,authoritative_occurrence_identity_incomplete,,,false,route_review
5428a3b7-c17a-4dd2-9cd9-c0ce3b19a605,ascent--omaits,Ascent,OMAITS,Jefferson,SMITHFIELD,false,true,true,true,1,1,ready_for_road_matching,ambiguous_route_reference,needs_review,identity_reconciliation,3,0,3,0,0,authoritative_occurrence_identity_incomplete,,,false,route_review
2f7f37b4-c4d6-48df-b670-4abd114465e2,ascent--packer,Ascent,PACKER,Jefferson,MOUNT PLEASANT,false,true,true,true,1,0,ready_for_road_matching,,needs_review,identity_reconciliation,5,4,1,4,0,authoritative_occurrence_identity_incomplete,,,false,route_review
74032b6e-179d-4672-8720-55ac86cab232,ascent--pang,Ascent,PANG,Belmont,WHEELING,false,true,true,true,1,1,needs_sequence_reorder,highway_not_first_road_step,needs_review,identity_reconciliation,4,0,4,0,0,route_prep_needs_sequence_reorder|authoritative_occurrence_identity_incomplete,,,false,route_review
9d48f5ed-d2fb-4dbd-9b43-f4cc3adb719c,ascent--patriot,Ascent,PATRIOT,Jefferson,STEUBENVILLE,false,true,true,true,1,0,ready_for_road_matching,,needs_review,identity_reconciliation,4,0,4,0,0,authoritative_occurrence_identity_incomplete,,,false,route_review
7dd270a8-bd26-413f-b5dc-106fbce8fdd4,ascent--pavich,Ascent,PAVICH,Belmont,WASHINGTON,false,true,true,true,1,0,ready_for_road_matching,,needs_review,identity_reconciliation,3,0,3,0,0,authoritative_occurrence_identity_incomplete,,,false,route_review
874fc5f7-fa3c-4efd-8462-efe9e97b2a2f,ascent--pearl,Ascent,PEARL,Jefferson,Wells,false,true,true,true,1,0,ready_for_road_matching,ambiguous_route_reference,needs_review,identity_reconciliation,3,0,3,0,0,authoritative_occurrence_identity_incomplete,,,false,route_review
655a97d5-ffdf-4b13-bf66-3d22022239b4,ascent--pettay,Ascent,PETTAY,Harrison,NOTTINGHAM,false,true,true,true,1,2,ready_for_road_matching,,needs_review,identity_reconciliation,5,0,5,0,0,authoritative_occurrence_identity_incomplete,,,false,route_review
887512e9-c56f-4357-940c-fd3570f7306a,ascent--phillips,Ascent,PHILLIPS,Jefferson,MOUNT PLEASANT,false,true,true,true,1,0,ready_for_road_matching,,needs_review,identity_reconciliation,3,2,1,2,0,authoritative_occurrence_identity_incomplete,,,false,route_review
75600d0c-17b8-488b-96c9-4b7b8ffc8b1b,ascent--pickens,Ascent,PICKENS,Harrison,Short Creek,false,true,true,true,1,0,field_check,map_measured_pending_field_confirmation,needs_review,identity_reconciliation,3,2,1,2,0,route_prep_field_check|authoritative_occurrence_identity_incomplete,held,transition_route_dependencies_not_current_or_exact,false,route_review
23d9d5c1-fe94-4b27-81cf-7e981182c933,ascent--piergallini,Ascent,PIERGALLINI,Jefferson,SMITHFIELD,false,true,true,true,1,1,ready_for_road_matching,,needs_review,identity_reconciliation,5,0,5,0,0,authoritative_occurrence_identity_incomplete,,,false,route_review
cce7cf93-bb03-4766-8c54-711034ec2a4f,ascent--pine-valley,Ascent,PINE VALLEY,Harrison,GREEN,false,true,true,true,1,0,needs_highway_anchor,ambiguous_route_reference,needs_review,identity_reconciliation,2,0,2,0,0,route_prep_needs_highway_anchor|authoritative_occurrence_identity_incomplete,,,false,route_review
a3d9eb44-0446-4e4d-8917-ee6b978565f4,ascent--pol,Ascent,POL,Belmont,Pease,false,true,true,true,1,1,ready_for_road_matching,,needs_review,identity_reconciliation,3,0,3,0,0,authoritative_occurrence_identity_incomplete,,,false,route_review
a6c3b68e-4f85-4b1d-9f2c-897fa14a36b5,ascent--porco,Ascent,PORCO,Jefferson,WARREN,false,true,true,true,1,0,needs_sequence_reorder,ambiguous_route_reference,needs_review,identity_reconciliation,6,0,6,0,0,route_prep_needs_sequence_reorder|authoritative_occurrence_identity_incomplete,,,false,route_review
41f0bfc3-7be1-450f-abfc-96dce544547b,ascent--porterfield-b,Ascent,PORTERFIELD B,Belmont,RICHLAND,false,true,true,true,1,1,ready_for_road_matching,,needs_review,identity_reconciliation,4,0,4,0,0,authoritative_occurrence_identity_incomplete,,,false,route_review
0b7105a0-1b36-4182-8d10-1f2e297c8bab,ascent--porterfield-gas-unit,Ascent,PORTERFIELD GAS UNIT,Belmont,Richland,false,true,true,true,1,1,ready_for_road_matching,,needs_review,identity_reconciliation,3,0,3,0,0,authoritative_occurrence_identity_incomplete,,,false,route_review
bb597303-aba8-47d6-9503-692687331658,ascent--premiere,Ascent,PREMIERE,Belmont,Wheeling,false,false,true,true,0,0,,,,,0,0,0,0,0,,,,false,route_prep_missing
4408e188-ccb4-40a6-9627-6c7a648fdd49,ascent--prosser-e,Ascent,PROSSER E,Belmont,UNION,false,true,true,true,1,0,ready_for_road_matching,,needs_review,identity_reconciliation,4,0,4,0,0,authoritative_occurrence_identity_incomplete,,,false,route_review
ce1bff99-9c64-435e-a517-e5b8f1a102b7,ascent--puggle,Ascent,PUGGLE,Jefferson,Wayne,false,true,true,true,1,0,ready_for_road_matching,,needs_review,identity_reconciliation,4,0,4,0,0,authoritative_occurrence_identity_incomplete,,,false,route_review
fd6649db-8828-4f70-8519-8aac5097bfe8,ascent--r-hoover,Ascent,R HOOVER,Belmont,WHEELING,false,true,true,true,1,1,needs_sequence_cleanup,narrative_text_in_sequence,needs_review,identity_reconciliation,6,0,6,0,0,route_prep_needs_sequence_cleanup|authoritative_occurrence_identity_incomplete,,,false,route_review
24ad118d-5618-49c4-a805-40b137f1ebb6,ascent--raber,Ascent,RABER,Guernsey,LONDONDERRY,false,true,true,true,1,2,needs_sequence_reorder,highway_not_first_road_step,needs_review,identity_reconciliation,3,0,3,0,0,route_prep_needs_sequence_reorder|authoritative_occurrence_identity_incomplete,,,false,route_review
fb3dc329-db70-482a-b3d4-8d6f43e4ef57,ascent--rector,Ascent,RECTOR,Jefferson,MOUNT PLEASANT,false,true,true,true,1,0,ready_for_road_matching,,needs_review,identity_reconciliation,4,0,4,0,0,authoritative_occurrence_identity_incomplete,,,false,route_review
0a2a4a64-6e64-4b7d-9652-e1a97db4fc4f,ascent--rector-c,Ascent,RECTOR-C,Guernsey,RICHLAND,false,true,true,true,1,0,ready_for_road_matching,,needs_review,identity_reconciliation,6,5,1,5,0,authoritative_occurrence_identity_incomplete,,,false,route_review
be83fc24-5c6a-49cd-88a0-52016ca7b657,ascent--red-hill-farm,Ascent,RED-HILL-FARM,Guernsey,LONDONDERRY,false,true,true,true,1,1,ready_for_road_matching,sequence_mostly_generic,needs_review,identity_reconciliation,2,0,2,0,0,authoritative_occurrence_identity_incomplete,,,false,route_review
b8490b6c-0924-4b1d-a46e-6dc54e7e7267,ascent--reitz,Ascent,REITZ,Belmont,MEAD,false,true,true,true,1,0,ready_for_road_matching,,needs_review,identity_reconciliation,3,0,3,0,0,authoritative_occurrence_identity_incomplete,,,false,route_review
73f48788-9990-435a-adee-999740e958de,ascent--richland-b,Ascent,RICHLAND B,Belmont,RICHLAND,false,true,true,true,1,2,ready_for_road_matching,,needs_review,identity_reconciliation,5,0,5,0,0,authoritative_occurrence_identity_incomplete,,,false,route_review
54bbef2d-fc87-4a33-b999-1fec24fc3c62,ascent--riley,Ascent,RILEY,Jefferson,Mount Pleasant,false,false,true,true,0,0,,,,,0,0,0,0,0,,,,false,route_prep_missing
435db86b-8ba5-40e2-a181-252adef649ab,ascent--robinson,Ascent,ROBINSON,Belmont,Pultney,false,true,true,true,0,0,,,,,0,0,0,0,0,,,,false,route_prep_missing
19a4f7ef-4334-4b1c-8443-2c5ccb323d1d,ascent--rock-ridge,Ascent,ROCK RIDGE,Belmont,Warren,false,true,true,true,1,0,ready_for_road_matching,,needs_review,identity_reconciliation,9,0,9,0,0,authoritative_occurrence_identity_incomplete,,,false,route_review
31d0f9bb-09be-4253-bc6b-778e3e19a879,ascent--roliff,Ascent,ROLIFF,,,false,false,true,true,0,0,,,,,0,0,0,0,0,,,,false,route_prep_missing
5c979547-7519-41b8-9e08-62f5f330fbb6,ascent--ronald,Ascent,RONALD,Jefferson,SMITHFIELD,false,true,true,true,1,0,ready_for_road_matching,ambiguous_route_reference,needs_review,identity_reconciliation,10,0,10,0,0,authoritative_occurrence_identity_incomplete,,,false,route_review
2320c393-cad9-4c1b-94f9-7021c8488bd1,ascent--rose,Ascent,ROSE,Harrison,Nottingham,false,true,true,true,0,0,,,,,0,0,0,0,0,,stale,pad_gps_or_route_revision_changed,false,route_prep_missing
73e32bb0-be54-47c7-a2bf-3472dd16fd33,ascent--ross,Ascent,ROSS,Belmont,Wheeling,false,true,true,true,1,0,ready_for_road_matching,,needs_review,identity_reconciliation,5,0,5,0,0,authoritative_occurrence_identity_incomplete,,,false,route_review
d7eb406a-8744-4cd3-bb2c-86d3c922669d,ascent--roxy,Ascent,ROXY,Jefferson,CROSS CREEK,false,true,true,true,1,0,needs_sequence_reorder,,needs_review,identity_reconciliation,3,0,3,0,0,route_prep_needs_sequence_reorder|authoritative_occurrence_identity_incomplete,,,false,route_review
588161d4-61ce-4589-a641-370cefef1307,ascent--ruby-opal,Ascent,RUBY-OPAL,Noble,MARION,false,true,true,true,0,0,,,,,0,0,0,0,0,,,,false,route_prep_missing
7dcd1f71-fa32-4edc-ae3d-aa9717d0c72c,ascent--ruth,Ascent,RUTH,Jefferson,MOUNT PLEASANT,false,true,true,true,1,1,needs_highway_anchor,missing_explicit_highway_anchor|sequence_mostly_generic,needs_review,identity_reconciliation,2,0,2,0,0,route_prep_needs_highway_anchor|authoritative_occurrence_identity_incomplete,,,false,route_review
166c5d6c-3a8d-4481-b8bf-5d74b7605f0d,ascent--sadler,Ascent,SADLER,Harrison,Short Creek,false,true,true,true,1,0,ready_for_road_matching,,needs_review,identity_reconciliation,3,2,1,2,0,authoritative_occurrence_identity_incomplete,,,false,route_review
bbd05a00-7125-49ca-9496-30ab857874b4,ascent--satori,Ascent,SATORI,Jefferson,WELLS,false,true,true,true,1,0,ready_for_road_matching,highway_not_first_road_step,needs_review,identity_reconciliation,5,0,5,0,0,authoritative_occurrence_identity_incomplete,,,false,route_review
553870dd-59f1-43c2-845a-ec8d1c28e136,ascent--schnegg,Ascent,SCHNEGG,Belmont,YORK,false,true,true,true,1,0,needs_highway_anchor,missing_explicit_highway_anchor|sequence_mostly_generic,needs_review,identity_reconciliation,2,0,2,0,0,route_prep_needs_highway_anchor|authoritative_occurrence_identity_incomplete,,,false,route_review
6ef0746f-341a-4d29-9399-a81cfbec11e8,ascent--scout,Ascent,SCOUT,Harrison,SHORT CREEK,false,true,true,true,1,0,ready_for_road_matching,,needs_review,exact_geometry,5,5,0,5,0,exact_occurrence_geometry_incomplete,held,transition_route_dependencies_not_current_or_exact,false,route_review
f68bb21b-696f-4154-9a2f-09a0285984f0,ascent--seabright,Ascent,SEABRIGHT,Belmont,COLERAIN,false,true,true,true,1,1,ready_for_road_matching,highway_not_first_road_step,needs_review,identity_reconciliation,3,0,3,0,0,authoritative_occurrence_identity_incomplete,,,false,route_review
9b9ddf20-a551-43c6-a709-0552a3aee134,ascent--sheporgi,Ascent,SHEPORGI,Harrison,GREEN,false,true,true,true,1,0,needs_sequence_cleanup,ambiguous_route_reference|narrative_text_in_sequence,needs_review,identity_reconciliation,8,0,8,0,0,route_prep_needs_sequence_cleanup|authoritative_occurrence_identity_incomplete,,,false,route_review
ec0637e2-1673-41c8-9004-cc317a9c9060,ascent--sherwood,Ascent,SHERWOOD,Harrison,MOOREFIELD,false,true,true,true,1,0,ready_for_road_matching,,needs_review,identity_reconciliation,4,0,4,0,0,authoritative_occurrence_identity_incomplete,,,false,route_review
49621232-da89-4960-b1b2-037a7151b28b,ascent--shipman,Ascent,SHIPMAN,Guernsey,WILLS,false,true,true,true,1,1,ready_for_road_matching,,needs_review,identity_reconciliation,4,0,4,0,0,authoritative_occurrence_identity_incomplete,,,false,route_review
8ed9b8f8-33f6-4701-a4a4-4849d4b8c254,ascent--shugert-daddy,Ascent,SHUGERT DADDY,Guernsey,Wills,false,true,false,false,0,0,,,,,0,0,0,0,0,,stale,pad_gps_or_route_revision_changed,false,route_prep_missing
69c63442-de05-4d15-95da-07da587bc070,ascent--shutway,Ascent,SHUTWAY,Belmont,Union,false,true,true,true,1,0,field_check,saved_mileage_pending_geometry_and_field_confirmation,needs_review,identity_reconciliation,3,0,3,0,0,route_prep_field_check|authoritative_occurrence_identity_incomplete,held,transition_route_dependencies_not_current_or_exact,false,route_review
5a0ede1b-4586-4edc-9438-7cb29a24e58e,ascent--sidwell,Ascent,SIDWELL,Belmont,WHEELING,false,true,true,true,1,2,ready_for_road_matching,,needs_review,identity_reconciliation,4,0,4,0,0,authoritative_occurrence_identity_incomplete,,,false,route_review
06ac93a2-3b46-44fd-9fa6-2fd29201858a,ascent--skull-fork,Ascent,SKULL FORK,Guernsey,Londonderry,false,true,true,true,1,0,ready_for_road_matching,,needs_review,identity_reconciliation,5,0,5,0,0,authoritative_occurrence_identity_incomplete,,,false,route_review
7997ba1f-ec1f-4e2f-a67f-8d36837aca67,ascent--skyline,Ascent,SKYLINE,Belmont,Wheeling,false,false,true,true,0,0,,,,,0,0,0,0,0,,,,false,route_prep_missing
eae4741b-7fb4-4bc3-8b20-26043032acda,ascent--slabaugh,Ascent,SLABAUGH,Guernsey,Richland,false,true,true,true,1,0,ready_for_road_matching,,needs_review,identity_reconciliation,6,0,6,0,0,authoritative_occurrence_identity_incomplete,,,false,route_review
59d66423-1e09-4ac8-b2ab-ae2d06d11f12,ascent--smith,Ascent,SMITH,Belmont,COLERAIN,false,true,true,true,1,0,ready_for_road_matching,,needs_review,identity_reconciliation,3,2,1,2,0,authoritative_occurrence_identity_incomplete,,,false,route_review
229679a2-1711-419d-8b9f-089978c9f5cf,ascent--smithfield,Ascent,SMITHFIELD,Jefferson,SMITHFIELD,false,true,true,true,1,0,ready_for_road_matching,,needs_review,identity_reconciliation,6,0,6,0,0,authoritative_occurrence_identity_incomplete,,,false,route_review
160d3e78-8db6-44dd-8b2c-4bdeb0f678b9,ascent--sophia-joe,Ascent,SOPHIA JOE,Belmont,COLERAIN,false,true,true,true,1,1,ready_for_road_matching,,needs_review,identity_reconciliation,4,0,4,0,0,authoritative_occurrence_identity_incomplete,,,false,route_review
09d47bdb-8607-4e4b-b558-63bf5266bdd3,ascent--sparger,Ascent,SPARGER,Harrison,NOTTINGHAM,false,true,true,true,1,0,needs_sequence_cleanup,ambiguous_route_reference|narrative_text_in_sequence,needs_review,identity_reconciliation,4,0,4,0,0,route_prep_needs_sequence_cleanup|authoritative_occurrence_identity_incomplete,,,false,route_review
78b91045-a2ee-42f5-a008-5bb7eb66777a,ascent--sport,Ascent,SPORT,Jefferson,WAYNE,false,true,true,true,1,0,ready_for_road_matching,ambiguous_route_reference,needs_review,identity_reconciliation,4,0,4,0,0,authoritative_occurrence_identity_incomplete,,,false,route_review
f5a82acf-d7c0-4ce3-ad4e-0de810551450,ascent--sproull,Ascent,SPROULL,Harrison,NOTTINGHAM,false,true,true,true,1,3,ready_for_road_matching,,needs_review,exact_geometry,3,3,0,3,2,exact_occurrence_geometry_incomplete,,,false,route_review
90d4f3e4-f0a1-48eb-81f8-ea66ee6c80bb,ascent--stella,Ascent,STELLA,Guernsey,Madison,false,true,true,true,1,1,ready_for_road_matching,,needs_review,identity_reconciliation,3,0,3,0,0,authoritative_occurrence_identity_incomplete,,,false,route_review
5b8d00dc-1814-4a38-bda9-1e9d6f1b7ced,ascent--stone,Ascent,STONE,Jefferson,CROSS CREEK,false,true,true,true,1,3,needs_sequence_reorder,highway_not_first_road_step,needs_review,identity_reconciliation,4,0,4,0,0,route_prep_needs_sequence_reorder|authoritative_occurrence_identity_incomplete,,,false,route_review
20f3a681-598a-4e42-87c4-915e68cca777,ascent--tanner,Ascent,TANNER,Jefferson,WAYNE,false,true,true,true,1,0,needs_sequence_reorder,ambiguous_route_reference,needs_review,identity_reconciliation,2,0,2,0,0,route_prep_needs_sequence_reorder|authoritative_occurrence_identity_incomplete,,,false,route_review
8a41dad0-5602-4a6b-bd04-9bc9cae27941,ascent--tarbert,Ascent,TARBERT,Harrison,MOOREFIELD,false,true,true,true,1,2,needs_sequence_reorder,highway_not_first_road_step,needs_review,identity_reconciliation,4,0,4,0,0,route_prep_needs_sequence_reorder|authoritative_occurrence_identity_incomplete,,,false,route_review
25dc64b5-4a52-4cef-8b2c-62e7e36d64c7,ascent--tarpley,Ascent,TARPLEY,Guernsey,OXFORD,false,true,true,true,1,0,needs_sequence_reorder,ambiguous_route_reference,needs_review,identity_reconciliation,3,2,1,2,0,route_prep_needs_sequence_reorder|authoritative_occurrence_identity_incomplete,,,false,route_review
1e898176-672d-4174-8878-4aae0aee2128,ascent--thomas,Ascent,THOMAS,Guernsey,LONDONDERRY,false,true,true,true,1,0,ready_for_road_matching,,needs_review,identity_reconciliation,4,0,4,0,0,authoritative_occurrence_identity_incomplete,,,false,route_review
7eb68543-476e-4da6-a575-b11f1a2702ee,ascent--thompson,Ascent,THOMPSON,Jefferson,SMITHFIELD,false,true,true,true,1,0,ready_for_road_matching,,needs_review,identity_reconciliation,5,0,5,0,0,authoritative_occurrence_identity_incomplete,,,false,route_review
d70f5f1d-7f44-4a5e-9b05-06264f56470d,ascent--three-dads,Ascent,THREE DADS,Belmont,RICHLAND,false,true,true,true,1,0,ready_for_road_matching,ambiguous_route_reference,needs_review,identity_reconciliation,5,0,5,0,0,authoritative_occurrence_identity_incomplete,,,false,route_review
800c877a-6b4f-4a87-a710-b1e00af63c62,ascent--towe,Ascent,TOWE,Harrison,Monroe,false,true,true,true,1,0,needs_highway_anchor,missing_explicit_highway_anchor,needs_review,identity_reconciliation,3,2,1,2,0,route_prep_needs_highway_anchor|authoritative_occurrence_identity_incomplete,,,false,route_review
15f62c54-ba3f-4c8d-bf17-2f410c9eb092,ascent--triplett,Ascent,TRIPLETT,Harrison,FRANKLIN,false,true,true,true,1,1,ready_for_road_matching,,needs_review,identity_reconciliation,4,0,4,0,0,authoritative_occurrence_identity_incomplete,,,false,route_review
6c93d03a-76e8-4c03-b47e-8b7011c81a1a,ascent--troyer,Ascent,TROYER,Guernsey,LONDONDERRY,false,true,true,true,1,1,ready_for_road_matching,,needs_review,exact_geometry,4,4,0,4,0,exact_occurrence_geometry_incomplete,,,false,route_review
cd4f6dcc-b603-4155-84b2-30d7ee87bbc7,ascent--truchan-ne,Ascent,TRUCHAN NE,Belmont,WHEELING,false,true,true,true,1,1,ready_for_road_matching,,needs_review,identity_reconciliation,5,0,5,0,0,authoritative_occurrence_identity_incomplete,,,false,route_review
c10e2066-d6b7-4117-aea9-137dd1237b3a,ascent--truchan-nw,Ascent,TRUCHAN NW,Belmont,WHEELING,false,true,true,true,1,1,ready_for_road_matching,,needs_review,identity_reconciliation,4,0,4,0,0,authoritative_occurrence_identity_incomplete,,,false,route_review
0b675c3f-2c04-4901-955d-8629e7dba05e,ascent--una,Ascent,UNA,Harrison,Short Creek,false,true,true,true,1,0,needs_sequence_rebuild,not_enough_road_steps,needs_review,identity_reconciliation,1,0,1,0,0,route_prep_needs_sequence_rebuild|authoritative_occurrence_identity_incomplete,,,false,route_review
ce5d219e-1d2c-47c8-b921-3f2abfe45c5d,ascent--vannelle,Ascent,VANNELLE,Belmont,WHEELING,false,true,true,true,1,2,ready_for_road_matching,,needs_review,identity_reconciliation,4,0,4,0,0,authoritative_occurrence_identity_incomplete,,,false,route_review
e36bd24b-65a6-42df-a852-998945cbc43c,ascent--vault,Ascent,VAULT,Noble,MARION,false,true,true,true,1,0,field_check,,needs_review,identity_reconciliation,7,0,7,0,0,route_prep_field_check|authoritative_occurrence_identity_incomplete,,,false,route_review
c8637048-5fcd-4565-94f0-8dcfce624dd2,ascent--victor,Ascent,VICTOR,Harrison,Athens,false,true,true,true,1,0,ready_for_road_matching,,needs_review,identity_reconciliation,3,0,3,0,0,authoritative_occurrence_identity_incomplete,,,false,route_review
7b6efac2-1fa8-46d0-be01-d58ed5762164,ascent--victoria,Ascent,VICTORIA,Harrison,Athens,false,true,true,true,0,0,,,,,0,0,0,0,0,,stale,pad_gps_or_route_revision_changed,false,route_prep_missing
e1078190-1832-4c54-a825-bf053959f84b,ascent--vincent,Ascent,VINCENT,Jefferson,MOUNT PLEASANT,false,true,true,true,1,0,ready_for_road_matching,highway_not_first_road_step,needs_review,identity_reconciliation,5,0,5,0,0,authoritative_occurrence_identity_incomplete,,,false,route_review
55f7328d-0da2-430d-8ecb-89ad91260f61,ascent--violet,Ascent,VIOLET,Belmont,PULTNEY,false,true,true,true,1,0,needs_sequence_reorder,ambiguous_route_reference,needs_review,identity_reconciliation,5,4,1,4,0,route_prep_needs_sequence_reorder|authoritative_occurrence_identity_incomplete,,,false,route_review
07e2e252-8d2b-47b7-a12a-040deecefcae,ascent--wagler,Ascent,WAGLER,Guernsey,LONDONDERRY,false,true,true,true,1,0,needs_highway_anchor,missing_explicit_highway_anchor,needs_review,identity_reconciliation,3,2,1,2,0,route_prep_needs_highway_anchor|authoritative_occurrence_identity_incomplete,,,false,route_review
c4ef4511-c391-48af-9e1a-7b70b90e9294,ascent--wagner,Ascent,WAGNER,Guernsey,Oxford,false,false,true,true,0,0,,,,,0,0,0,0,0,,,,false,route_prep_missing
f8597217-c26a-4b87-aad9-10be70e41590,ascent--waldo,Ascent,WALDO,Guernsey,MONROE,false,true,true,true,1,0,ready_for_road_matching,,needs_review,identity_reconciliation,8,0,8,0,0,authoritative_occurrence_identity_incomplete,,,false,route_review
8e823835-2c10-4275-84e9-4067376fa364,ascent--wampum,Ascent,WAMPUM,Guernsey,RICHLAND,false,true,true,true,1,0,ready_for_road_matching,,needs_review,identity_reconciliation,7,0,7,0,0,authoritative_occurrence_identity_incomplete,,,false,route_review
a26bd78e-5be2-4484-908e-3df512de2296,ascent--wassmann,Ascent,WASSMANN,Belmont,PULTNEY,false,true,true,true,1,0,ready_for_road_matching,,needs_review,identity_reconciliation,8,0,8,0,0,authoritative_occurrence_identity_incomplete,,,false,route_review
88709ded-fda7-42df-ba94-b6bb6c04e45a,ascent--watson,Ascent,WATSON,Guernsey,MILLWOOD,false,true,true,true,1,0,needs_sequence_reorder,ambiguous_route_reference,needs_review,identity_reconciliation,4,0,4,0,0,route_prep_needs_sequence_reorder|authoritative_occurrence_identity_incomplete,,,false,route_review
e537c3cb-ac98-4a26-91b9-4d3bcfa1e525,ascent--weidinger-w,Ascent,WEIDINGER W,,,false,false,true,true,0,0,,,,,0,0,0,0,0,,,,false,route_prep_missing
ebe8e078-ab41-4151-84fb-4186772b4a07,ascent--west,Ascent,WEST,Belmont,YORK,false,true,true,true,1,0,ready_for_road_matching,ambiguous_route_reference,needs_review,identity_reconciliation,6,0,6,0,0,authoritative_occurrence_identity_incomplete,,,false,route_review
25dc9adf-e09a-4cfa-8900-59492fbad0ec,ascent--wheeling-valley,Ascent,WHEELING VALLEY,Belmont,WHEELING,false,true,true,true,1,0,ready_for_road_matching,,needs_review,identity_reconciliation,6,0,6,0,0,authoritative_occurrence_identity_incomplete,,,false,route_review
72b25dba-6279-41b6-b9fd-8ead758d0294,ascent--wiley,Ascent,WILEY,,,false,false,true,true,0,0,,,,,0,0,0,0,0,,,,false,route_prep_missing
6f21fcf3-eceb-4748-884b-c1930c42014e,ascent--wilma,Ascent,WILMA,Jefferson,WARREN,false,true,true,true,1,0,needs_sequence_cleanup,narrative_text_in_sequence,needs_review,identity_reconciliation,7,0,7,0,0,route_prep_needs_sequence_cleanup|authoritative_occurrence_identity_incomplete,,,false,route_review
0b7ed9a5-7748-4d92-992a-7f2cecf9dd08,ascent--winston-smith,Ascent,WINSTON SMITH,Noble,STOCK,false,true,true,true,1,0,ready_for_road_matching,,needs_review,identity_reconciliation,6,0,6,0,0,authoritative_occurrence_identity_incomplete,,,false,route_review
f90abbf8-d7a6-4437-9668-23aadb80eeef,ascent--wise,Ascent,WISE,Belmont,PULTNEY,false,true,true,true,1,0,ready_for_road_matching,,needs_review,identity_reconciliation,3,0,3,0,0,authoritative_occurrence_identity_incomplete,,,false,route_review
f2df293f-13a2-401e-96b2-21e71ac63e6a,ascent--withey,Ascent,WITHEY,Belmont,Warren,false,true,true,true,1,0,ready_for_road_matching,highway_not_first_road_step,needs_review,identity_reconciliation,4,0,4,0,0,authoritative_occurrence_identity_incomplete,,,false,route_review
a2e0fe73-db17-44fd-86ce-5a0759971607,ascent--wright,Ascent,WRIGHT,Belmont,RICHLAND,false,true,true,true,1,0,ready_for_road_matching,,needs_review,identity_reconciliation,4,0,4,0,0,authoritative_occurrence_identity_incomplete,,,false,route_review
83801edc-0a49-443b-89c6-1358bcbcc05f,ascent--zeds,Ascent,ZEDS,Jefferson,MOUNT PLEASANT,false,true,true,true,1,0,needs_highway_anchor,missing_explicit_highway_anchor,needs_review,identity_reconciliation,3,0,3,0,0,route_prep_needs_highway_anchor|authoritative_occurrence_identity_incomplete,,,false,route_review
8e0cd36e-2f51-418a-a61e-8828ef364ead,ascent--zimnox,Ascent,ZIMNOX,Jefferson,WELLS,false,true,true,true,1,2,needs_sequence_rebuild,not_enough_road_steps,needs_review,identity_reconciliation,1,0,1,0,0,route_prep_needs_sequence_rebuild|authoritative_occurrence_identity_incomplete,,,false,route_review
8de4befd-134f-4661-8585-c7abb193daef,chesapeake--action,Chesapeake,ACTION,Jefferson,Island,false,true,false,false,0,0,,,,,0,0,0,0,0,,,,false,route_prep_missing
3d1041aa-421c-43fc-acda-84e27343ebe0,chesapeake--albaneso,Chesapeake,ALBANESO,Columbiana,Franklin,false,true,true,true,1,0,ready_for_road_matching,ambiguous_route_reference,needs_review,identity_reconciliation,5,0,5,0,0,authoritative_occurrence_identity_incomplete,,,false,route_review
4d1f8a4f-76f5-4a86-b5e0-d149f5878530,chesapeake--anderson,Chesapeake,ANDERSON,Carroll,Loudon,false,true,true,true,1,0,needs_highway_anchor,missing_explicit_highway_anchor,needs_review,identity_reconciliation,2,0,2,0,0,route_prep_needs_highway_anchor|authoritative_occurrence_identity_incomplete,,,false,route_review
d0b13937-c07f-49cc-9713-85a2a619a3b8,chesapeake--appalachian,Chesapeake,APPALACHIAN,Carroll,Loudon,false,true,true,true,1,0,ready_for_road_matching,,needs_review,identity_reconciliation,4,0,4,0,0,authoritative_occurrence_identity_incomplete,,,false,route_review
43af7af0-f5a7-445f-aa55-54036ab87700,chesapeake--beadnell,Chesapeake,BEADNELL,Carroll,Fox,false,true,true,true,1,0,ready_for_road_matching,,needs_review,identity_reconciliation,3,2,1,2,0,authoritative_occurrence_identity_incomplete,,,false,route_review
89f495b1-d341-4e18-bd37-8623f001f44d,chesapeake--beadnell-a,Chesapeake,BEADNELL A,Carroll,Fox,false,true,true,true,1,0,needs_sequence_rebuild,missing_explicit_highway_anchor|narrative_text_in_sequence|not_enough_road_steps,needs_review,identity_reconciliation,1,0,1,0,0,route_prep_needs_sequence_rebuild|authoritative_occurrence_identity_incomplete,,,false,route_review
880ee85d-f231-452e-95cd-9c849208784d,chesapeake--booth,Chesapeake,BOOTH,Jefferson,Springfield,false,true,true,true,1,0,ready_for_road_matching,sequence_mostly_generic,needs_review,identity_reconciliation,2,0,2,0,0,authoritative_occurrence_identity_incomplete,,,false,route_review
cf86addd-cbea-4036-ad84-7ab9c6ef8ead,chesapeake--brown,Chesapeake,BROWN,Jefferson,Brush Creek,false,false,false,false,0,0,,,,,0,0,0,0,0,,,,false,route_prep_missing
2e3e280d-2952-4255-a25c-04d15ef2d89e,chesapeake--bucey,Chesapeake,BUCEY,Carroll,East,false,true,true,true,1,0,ready_for_road_matching,,needs_review,identity_reconciliation,5,0,5,0,0,authoritative_occurrence_identity_incomplete,,,false,route_review
a2a09410-ebe7-41d0-8270-8f627070a58e,chesapeake--cain,Chesapeake,CAIN,Jefferson,Springfield,false,false,true,true,0,0,,,,,0,0,0,0,0,,,,false,route_prep_missing
23f721d9-ce4a-48bb-b71e-a73bbdd817ad,chesapeake--ciacci,Chesapeake,CIACCI,Jefferson,Springfield,false,true,false,false,0,0,,,,,0,0,0,0,0,,,,false,route_prep_missing
8b400bab-3cc5-484d-9074-94f153b51e86,chesapeake--conklin,Chesapeake,CONKLIN,Tuscarawas,Mill,false,true,false,false,0,0,,,,,0,0,0,0,0,,,,false,route_prep_missing
1471c1ff-ccc8-4120-944b-55197af3fae1,chesapeake--dye,Chesapeake,DYE,Columbiana,Center,false,true,false,false,0,0,,,,,0,0,0,0,0,,,,false,route_prep_missing
8cdaade2-9d31-4564-a6f8-6150b186d014,chesapeake--elwood,Chesapeake,ELWOOD,Carroll,Loudon,false,true,true,true,1,0,ready_for_road_matching,,needs_review,identity_reconciliation,2,0,2,0,0,authoritative_occurrence_identity_incomplete,,,false,route_review
dc2fa20a-ec40-4f1d-8686-0eee8ca3119c,chesapeake--evans,Chesapeake,EVANS,Carroll,Lee,false,true,true,true,1,0,ready_for_road_matching,,needs_review,identity_reconciliation,3,2,1,2,0,authoritative_occurrence_identity_incomplete,,,false,route_review
1991b268-8aa4-4c69-acc1-108a41e927a1,chesapeake--frank-zehentbauer,Chesapeake,FRANK-ZEHENTBAUER,Columbiana,Hanover,false,false,false,false,0,0,,,,,0,0,0,0,0,,,,false,route_prep_missing
775bc8f7-4387-4710-8fc0-4cbc0d982062,chesapeake--giuliano,Chesapeake,GIULIANO,Jefferson,Salem,false,true,false,false,0,0,,,,,0,0,0,0,0,,,,false,route_prep_missing
d24138eb-d131-44a8-808d-5b034845d7cc,chesapeake--h-ruby-farms,Chesapeake,H RUBY FARMS,Columbiana,Franklin,false,true,true,true,1,0,ready_for_road_matching,,needs_review,identity_reconciliation,3,0,3,0,0,authoritative_occurrence_identity_incomplete,,,false,route_review
51c477b2-d4b0-44c4-8363-ba4b31f4b01e,chesapeake--henceroth,Chesapeake,HENCEROTH,Columbiana,Hanover,false,false,true,true,0,0,,,,,0,0,0,0,0,,,,false,route_prep_missing
1f15d0b2-e582-4c89-b6d4-4f2cbc3a915a,chesapeake--henry,Chesapeake,HENRY,Jefferson,Ross,false,true,false,false,0,0,,,,,0,0,0,0,0,,,,false,route_prep_missing
5e98e5a5-d586-4e78-9327-76fbb384ef63,chesapeake--huffman-trust,Chesapeake,HUFFMAN TRUST,Columbiana,Butler,false,true,true,true,1,0,ready_for_road_matching,,needs_review,identity_reconciliation,5,0,5,0,0,authoritative_occurrence_identity_incomplete,,,false,route_review
edffaf71-381e-4bb9-a84c-c6a6fe3f11c4,chesapeake--judy-brown,Chesapeake,JUDY BROWN,Columbiana,Hanover,false,true,true,true,1,0,ready_for_road_matching,,needs_review,google_manifest,3,3,0,3,3,google_route_manifest_not_ready,,,false,route_review
c6b408af-818f-496b-9006-f948ab91022e,chesapeake--klodt,Chesapeake,KLODT,Harrison,North,false,true,true,true,1,0,ready_for_road_matching,,needs_review,identity_reconciliation,3,0,3,0,0,authoritative_occurrence_identity_incomplete,,,false,route_review
0a18e549-c719-4e72-a89b-299746d05eec,chesapeake--lozier,Chesapeake,LOZIER,Carroll,Augusta,false,true,false,false,0,0,,,,,0,0,0,0,0,,,,false,route_prep_missing
42a10c88-5795-4029-a048-83fcf70fd082,chesapeake--morsheiser,Chesapeake,MORSHEISER,Carroll,Harrison,false,true,true,true,1,0,ready_for_road_matching,ambiguous_route_reference,needs_review,identity_reconciliation,3,0,3,0,0,authoritative_occurrence_identity_incomplete,,,false,route_review
54268967-e9d8-44f8-93c6-32e19727cad6,chesapeake--neider,Chesapeake,NEIDER,Carroll,Washington,false,false,true,true,0,0,,,,,0,0,0,0,0,,,,false,route_prep_missing
71af6a1b-ca32-4ccc-9865-935c6945ca75,chesapeake--nmharrison,Chesapeake,NMHARRISON,Harrison,Archer,false,true,true,true,1,0,ready_for_road_matching,,needs_review,identity_reconciliation,4,0,4,0,0,authoritative_occurrence_identity_incomplete,,,false,route_review
ae04ec20-32ce-4b36-a6f6-588a4d3600f2,chesapeake--peterson,Chesapeake,PETERSON,Carroll,Lee,false,false,true,true,0,0,,,,,0,0,0,0,0,,,,false,route_prep_missing
ff8a522c-16f6-4848-a691-ffcef003feb1,chesapeake--r-miller,Chesapeake,R. MILLER,Carroll,Perry,false,true,true,true,1,0,ready_for_road_matching,,needs_review,identity_reconciliation,3,0,3,0,0,authoritative_occurrence_identity_incomplete,,,false,route_review
d5e0c8c5-287d-4d3d-af56-1464fd132253,chesapeake--roy-d,Chesapeake,ROY-D,Columbiana,Salem,false,true,false,false,0,0,,,,,0,0,0,0,0,,,,false,route_prep_missing
376ae15e-9bf0-418d-a8e5-fef2d25841d0,chesapeake--sadie,Chesapeake,SADIE,Harrison,Archer,false,true,true,true,1,0,ready_for_road_matching,,needs_review,identity_reconciliation,6,0,6,0,0,authoritative_occurrence_identity_incomplete,,,false,route_review
9260b012-2f16-4159-8b43-42f410a4c685,chesapeake--schiappa-trust-a,Chesapeake,SCHIAPPA-TRUST-A,Jefferson,Island,false,true,false,false,0,0,,,,,0,0,0,0,0,,,,false,route_prep_missing
650b5c8e-e84f-45c3-b9a7-7f2ed0884b31,chesapeake--schiappa-trust-b,Chesapeake,SCHIAPPA-TRUST-B,Jefferson,Island Creek,false,true,false,false,0,0,,,,,0,0,0,0,0,,,,false,route_prep_missing
ac75e61e-a499-4d38-8dad-cb58819fad95,chesapeake--scott,Chesapeake,SCOTT,Carroll,Perry,false,true,false,false,0,0,,,,,0,0,0,0,0,,,,false,route_prep_missing
5ef602c3-fc57-4b29-a8c0-6f1cd04797a5,chesapeake--tritten,Chesapeake,TRITTEN,Columbiana,Center,false,true,true,true,1,0,ready_for_road_matching,,needs_review,identity_reconciliation,3,0,3,0,0,authoritative_occurrence_identity_incomplete,,,false,route_review
864157a4-2d97-4af3-b10b-7022737b53a0,chesapeake--tuckosh,Chesapeake,TUCKOSH,Carroll,Loudon,false,false,false,false,0,0,,,,,0,0,0,0,0,,,,false,route_prep_missing
bb0ebf91-232e-4411-895d-c8ac12b278c9,chesapeake--walker,Chesapeake,WALKER,Carroll,Loudon,false,false,true,true,0,0,,,,,0,0,0,0,0,,,,false,route_prep_missing
54d15e17-36af-4beb-8a11-b3e7cf0019bb,chesapeake--woodland,Chesapeake,WOODLAND,Carroll,Loudon,false,false,true,true,0,0,,,,,0,0,0,0,0,,,,false,route_prep_missing
38bb42db-b740-41f8-b424-0897f1cdf339,cnx--switz-26,Cnx,SWITZ 26,Monroe,Switzerland,false,false,true,true,0,0,,,,,0,0,0,0,0,,,,false,route_prep_missing
0e01bbf2-0bdb-44d8-bd12-baae1da226f6,cnx--switz-6,Cnx,SWITZ 6,Monroe,,false,false,true,true,0,0,,,,,0,0,0,0,0,,,,false,route_prep_missing
f9611e05-4c87-48a1-851b-156624e7d3ba,cnx--switz-7,Cnx,SWITZ 7,Monroe,Switzerland,false,false,true,true,0,0,,,,,0,0,0,0,0,,,,false,route_prep_missing
53818999-d0db-4eed-93b5-d3b3565408e5,cnx--switz-9,Cnx,SWITZ 9,Monroe,Switzerland,false,true,true,true,1,0,ready_for_road_matching,,needs_review,identity_reconciliation,4,0,4,0,0,authoritative_occurrence_identity_incomplete,,,false,route_review
4f81a309-ff58-40be-904e-3cada7ea74db,cnx--switz-11,Cnx,SWITZ-11,,,false,false,false,false,0,0,,,,,0,0,0,0,0,,,,false,route_prep_missing
13900ea9-3ba6-40e0-9968-1eda55a9e2ea,cnx--switz-27,Cnx,SWITZ-27,Monroe,Switzerland,false,false,false,false,0,0,,,,,0,0,0,0,0,,,,false,route_prep_missing
35268174-a4e5-4f9f-ae65-9cf19e27e7de,cnx--switz-28,Cnx,SWITZ-28,Monroe,Switzerland,false,false,false,false,0,0,,,,,0,0,0,0,0,,,,false,route_prep_missing
79e2d3cc-2699-5a15-bfd4-99db006c723e,diversified--beachy,Diversified,BEACHY,Monroe,,false,false,false,false,0,0,,,,,0,0,0,0,0,,,,false,route_prep_missing
48fedf27-a110-5ded-b8f7-01dcb21bc347,diversified--nick-nack,Diversified,NICK NACK,Monroe,Perry,false,true,false,false,0,0,,,,,0,0,0,0,0,,,,false,route_prep_missing
a2a75ec1-0cf7-4eeb-a320-829dc240cbb9,eclipse--abe-troyer-impoundment,Eclipse,ABE-TROYER-IMPOUNDMENT,,,false,true,false,false,0,0,,,,,0,0,0,0,0,,stale,pad_gps_or_route_revision_changed,false,route_prep_missing
690b3373-d278-4fbf-9eca-dfe9861568b1,eclipse--brits-unit,Eclipse,BRITS UNIT,Noble,Summerfield,false,false,true,true,0,0,,,,,0,0,0,0,0,,,,false,route_prep_missing
e340070f-8e32-4d4c-808d-e7a6be91b554,eclipse--craig-miller-unit,Eclipse,CRAIG MILLER UNIT,Monroe,Switzerland,false,true,true,true,1,0,needs_sequence_reorder,ambiguous_route_reference,needs_review,identity_reconciliation,3,0,3,0,0,route_prep_needs_sequence_reorder|authoritative_occurrence_identity_incomplete,,,false,route_review
0557bedd-a4d1-454c-a3de-64f814ad6da2,eclipse--dale-yoder-unit,Eclipse,DALE YODER UNIT,Noble,Quaker City,false,true,true,true,1,0,ready_for_road_matching,,needs_review,identity_reconciliation,3,0,3,0,0,authoritative_occurrence_identity_incomplete,,,false,route_review
616a6f70-08d7-499f-8348-6afd6264fa14,eclipse--dietrich-c-unit,Eclipse,DIETRICH C UNIT,Monroe,Salem,false,true,true,true,1,0,ready_for_road_matching,,needs_review,identity_reconciliation,3,0,3,0,0,authoritative_occurrence_identity_incomplete,,,false,route_review
c467a217-af57-495e-ade1-29702df9cf12,eclipse--duane-weisend-unit,Eclipse,DUANE WEISEND UNIT,Noble,Stock,false,false,true,true,0,0,,,,,0,0,0,0,0,,,,false,route_prep_missing
de336a13-3668-4397-a327-0f0e08b949a9,eclipse--fineran-unit,Eclipse,FINERAN UNIT,Guernsey,Wills,false,true,true,true,1,0,ready_for_road_matching,,needs_review,identity_reconciliation,5,0,5,0,0,authoritative_occurrence_identity_incomplete,,,false,route_review
29420274-d03c-4529-b2d3-b3fb00b663ae,eclipse--forni-north,Eclipse,FORNI NORTH,Monroe,Benton,false,true,true,true,1,0,ready_for_road_matching,,needs_review,identity_reconciliation,5,0,5,0,0,authoritative_occurrence_identity_incomplete,,,false,route_review
1e6350bf-340e-4949-ba43-a39ced576868,eclipse--frank-miller-unit,Eclipse,FRANK MILLER UNIT,Guernsey,Millwood,false,true,true,true,1,0,needs_sequence_cleanup,narrative_text_in_sequence,needs_review,identity_reconciliation,4,0,4,0,0,route_prep_needs_sequence_cleanup|authoritative_occurrence_identity_incomplete,,,false,route_review
5c7bf9a6-5fff-462e-b492-e85bd7b5ea02,eclipse--fritz-unit,Eclipse,FRITZ UNIT,Guernsey,Millwood,false,true,true,true,1,0,ready_for_road_matching,,needs_review,identity_reconciliation,3,0,3,0,0,authoritative_occurrence_identity_incomplete,,,false,route_review
575cf5f1-2e55-466a-a801-903a66fc2ed8,eclipse--fuchs-a-dietrich-a-unit,Eclipse,FUCHS A DIETRICH A UNIT,Monroe,Switzerland,false,false,true,true,0,0,,,,,0,0,0,0,0,,,,false,route_prep_missing
e743f46e-83ca-4ef1-b67e-51b1398b8fd4,eclipse--harrison-cgf,Eclipse,HARRISON CGF,Harrison,Stock,false,true,true,true,1,0,ready_for_road_matching,,needs_review,identity_reconciliation,3,0,3,0,0,authoritative_occurrence_identity_incomplete,,,false,route_review
abe009b2-b115-4d7f-840c-87d1aa83ee41,eclipse--hayes-unit,Eclipse,HAYES UNIT,Guernsey,Millwood,false,true,true,true,1,0,ready_for_road_matching,,needs_review,identity_reconciliation,3,0,3,0,0,authoritative_occurrence_identity_incomplete,,,false,route_review
d67175a7-a053-48e3-93f0-ad336981e24f,eclipse--law-lateral-pipeline,Eclipse,LAW LATERAL PIPELINE,Guernsey,Wills,false,true,true,true,1,0,needs_sequence_reorder,highway_not_first_road_step,needs_review,identity_reconciliation,8,0,8,0,0,route_prep_needs_sequence_reorder|authoritative_occurrence_identity_incomplete,,,false,route_review
740ae147-a259-4788-bc0e-4641172491b0,eclipse--law-unit,Eclipse,LAW UNIT,Guernsey,Wills,false,true,true,true,1,0,ready_for_road_matching,,needs_review,identity_reconciliation,5,0,5,0,0,authoritative_occurrence_identity_incomplete,,,false,route_review
72141020-ad93-4e23-a091-33b3a2e08b97,eclipse--madzia-unit,Eclipse,MADZIA UNIT,Harrison,Archer,false,true,true,true,1,0,ready_for_road_matching,,needs_review,identity_reconciliation,4,0,4,0,0,authoritative_occurrence_identity_incomplete,,,false,route_review
50784b8d-97db-4355-865a-c9281c406052,eclipse--mcvicker-cgf,Eclipse,MCVICKER-CGF,Noble,Beaver,false,true,false,false,0,0,,,,,0,0,0,0,0,,,,false,route_prep_missing
d01acfaf-fb3b-4270-8abf-cef3550865b4,eclipse--mercury-unit,Eclipse,MERCURY UNIT,Guernsey,Millwood,false,true,true,true,1,0,ready_for_road_matching,,needs_review,identity_reconciliation,5,0,5,0,0,authoritative_occurrence_identity_incomplete,,,false,route_review
e77b96c4-56cb-4433-8708-18b12299cfd0,eclipse--mizer-cgf,Eclipse,MIZER CGF,Harrison,Stock,false,false,true,true,0,0,,,,,0,0,0,0,0,,,,false,route_prep_missing
134e9711-5b5d-4e54-af5e-f8ded095bf25,eclipse--mizer-farms-unit,Eclipse,MIZER FARMS UNIT,Harrison,Stock,false,true,true,true,1,0,ready_for_road_matching,,needs_review,identity_reconciliation,5,0,5,0,0,authoritative_occurrence_identity_incomplete,,,false,route_review
04f257ae-be75-4fac-a884-b6037244fa1e,eclipse--mizer-unit,Eclipse,MIZER UNIT,Harrison,Stock,false,true,true,true,1,0,ready_for_road_matching,,needs_review,identity_reconciliation,4,0,4,0,0,authoritative_occurrence_identity_incomplete,,,false,route_review
bba2b5de-d949-451a-a3a7-dfb9294a26aa,eclipse--moser-unit,Eclipse,MOSER UNIT,Monroe,Salem,false,true,true,true,1,0,ready_for_road_matching,,needs_review,identity_reconciliation,3,0,3,0,0,authoritative_occurrence_identity_incomplete,,,false,route_review
97370e35-df90-49b0-a5e4-86f64382e91f,eclipse--outlaw-pad,Eclipse,OUTLAW PAD,Guernsey,Wills,false,true,true,true,1,0,ready_for_road_matching,,needs_review,identity_reconciliation,6,0,6,0,0,authoritative_occurrence_identity_incomplete,,,false,route_review
d55d19c4-593e-4629-a0a7-2bae9dc79694,eclipse--pittman-unit,Eclipse,PITTMAN UNIT,Monroe,Switzerland,false,false,true,true,0,0,,,,,0,0,0,0,0,,,,false,route_prep_missing
db6bfe77-74ba-46ac-bf15-c97ea41ee912,eclipse--pora-unit,Eclipse,PORA UNIT,Guernsey,Millwood,false,true,true,true,1,0,needs_gps_review,gps_outside_expected_state,needs_review,identity_reconciliation,3,0,3,0,0,route_prep_needs_gps_review|authoritative_occurrence_identity_incomplete,,,false,route_review
8079cc7e-4254-433e-bd78-a7323f29fa8e,eclipse--pyles,Eclipse,PYLES,Monroe,Sunsbury,false,true,true,true,1,0,ready_for_road_matching,,needs_review,identity_reconciliation,3,0,3,0,0,authoritative_occurrence_identity_incomplete,,,false,route_review
335c66fd-1d44-4ec4-aac0-2aad336f95a9,eclipse--rolland-unit,Eclipse,ROLLAND UNIT,Monroe,Switzerland,false,true,true,true,1,0,needs_sequence_reorder,highway_not_first_road_step,needs_review,identity_reconciliation,4,0,4,0,0,route_prep_needs_sequence_reorder|authoritative_occurrence_identity_incomplete,,,false,route_review
bb923331-ff28-418e-ae84-8a94a062862f,eclipse--sawyers,Eclipse,SAWYERS,Monroe,Adams,false,true,true,true,1,0,ready_for_road_matching,,needs_review,identity_reconciliation,2,0,2,0,0,authoritative_occurrence_identity_incomplete,,,false,route_review
9e92afd4-8da6-4cf7-adbe-1cdf79cfc3cd,eclipse--scott-lateral-pipeline,Eclipse,SCOTT-LATERAL-PIPELINE,,,false,false,false,false,0,0,,,,,0,0,0,0,0,,,,false,route_prep_missing
947eb7b6-7566-4b0d-9abd-d3a95a291ebc,eclipse--scott-unit,Eclipse,SCOTT-UNIT,Guernsey,Wills,false,true,true,true,1,0,ready_for_road_matching,,needs_review,identity_reconciliation,5,0,5,0,0,authoritative_occurrence_identity_incomplete,,,false,route_review
0d6f5884-0b25-4380-b269-0a8cf00574b9,eclipse--tippens-unit,Eclipse,TIPPENS-UNIT,Monroe,Green,false,true,true,true,1,0,ready_for_road_matching,,needs_review,identity_reconciliation,3,0,3,0,0,authoritative_occurrence_identity_incomplete,,,false,route_review
799ff3f3-55a4-43f9-84ae-4b4f9b4aae6c,eclipse--weekender-unit,Eclipse,WEEKENDER-UNIT,Guernsey,Oxford,false,true,true,true,1,0,ready_for_road_matching,,needs_review,identity_reconciliation,4,0,4,0,0,authoritative_occurrence_identity_incomplete,,,false,route_review
a09f7ab0-4936-4937-8cbd-429dd9f61b07,eclipse--wheeler-unit,Eclipse,WHEELER-UNIT,Guernsey,Oxford,false,false,true,true,0,0,,,,,0,0,0,0,0,,,,false,route_prep_missing
2a8839cb-0f97-4c41-b2f4-d45a9f7755bc,eclipse--yost-unit,Eclipse,YOST-UNIT,Guernsey,Wills,false,true,true,true,1,0,ready_for_road_matching,,needs_review,identity_reconciliation,5,0,5,0,0,authoritative_occurrence_identity_incomplete,,,false,route_review
e7cdfa07-1779-5e98-8a8a-7f4d26667a07,edgemarc--marlin,Edgemarc,MARLIN,,,false,false,false,false,0,0,,,,,0,0,0,0,0,,,,false,route_prep_missing
d1c45b86-646e-50d0-9e8d-a37e987f7841,edgemarc--moonraker,Edgemarc,MOONRAKER,Monroe,Perry,false,true,false,false,0,0,,,,,0,0,0,0,0,,,,false,route_prep_missing
99363abc-52c5-5fd2-bfeb-316958d8d340,edgemarc--zorin,Edgemarc,ZORIN,Monroe,,false,false,false,false,0,0,,,,,0,0,0,0,0,,,,false,route_prep_missing
a2593620-c2df-4e48-b3fc-8614f3625baf,eog--15-12-5,Eog,15 12 5,Harrison,Rumley,false,true,true,true,0,0,,,,,0,0,0,0,0,,stale,pad_gps_or_route_revision_changed,false,route_prep_missing
93d1ff5d-1a9b-5856-aa31-16da724e4c6c,eog--3m,Eog,3M,jefferson,Ross,false,true,false,false,0,0,,,,,0,0,0,0,0,,,,false,route_prep_missing
022772d8-4891-555c-97e2-eb0249c055a5,eog--7r,Eog,7R,Carroll,East,false,true,false,false,0,0,,,,,0,0,0,0,0,,,,false,route_prep_missing
6e25887c-d874-4c2c-bc73-fc76ca1aba96,eog--acton,Eog,ACTON,Jefferson,Island Creek,false,true,true,true,1,0,needs_highway_anchor,missing_explicit_highway_anchor,needs_review,identity_reconciliation,6,0,6,0,0,route_prep_needs_highway_anchor|authoritative_occurrence_identity_incomplete,,,false,route_review
b2c36630-62fb-4ac8-a4fe-4f7c2fae75c9,eog--addy,Eog,ADDY,Harrison,Stock,false,true,true,true,1,0,ready_for_road_matching,,needs_review,identity_reconciliation,3,0,3,0,0,authoritative_occurrence_identity_incomplete,,,false,route_review
bad80ad1-5c1e-4732-af04-372c9bf3e41a,eog--akers,Eog,AKERS,Harrison,Nottingham,false,true,true,true,1,0,ready_for_road_matching,ambiguous_route_reference,needs_review,identity_reconciliation,2,0,2,0,0,authoritative_occurrence_identity_incomplete,,,false,route_review
66829ffd-eeb8-451d-ae32-673d3fb433ae,eog--allan,Eog,ALLAN,Carroll,Scio,false,false,true,true,0,0,,,,,0,0,0,0,0,,,,false,route_prep_missing
d5c3be3c-99b9-4f85-8011-914533514d66,eog--altenhof,Eog,ALTENHOF,Columbiana,Hanover,false,true,true,true,1,0,needs_sequence_rebuild,not_enough_road_steps,needs_review,identity_reconciliation,1,0,1,0,0,route_prep_needs_sequence_rebuild|authoritative_occurrence_identity_incomplete,,,false,route_review
e1fbee61-fb5c-4d48-8b5d-cc4786f170d3,eog--anderson,Eog,ANDERSON,Carroll,Loudon,false,true,true,true,1,0,ready_for_road_matching,,needs_review,identity_reconciliation,3,0,3,0,0,authoritative_occurrence_identity_incomplete,,,false,route_review
f43f2774-936d-4081-9453-3dddda37544f,eog--arbaugh,Eog,ARBAUGH,Harrison,Rumley,false,false,true,true,0,0,,,,,0,0,0,0,0,,,,false,route_prep_missing
349a5e3c-85f6-4580-bbad-fb6496510842,eog--austin-lakes,Eog,AUSTIN LAKES,Jefferson,Ross,false,true,true,true,1,0,ready_for_road_matching,,needs_review,identity_reconciliation,6,5,1,5,0,authoritative_occurrence_identity_incomplete,,,false,route_review
3c69896c-a4cf-4d38-b815-f44620b508af,eog--ayrview-acres,Eog,AYRVIEW ACRES,Columbiana,West,false,true,true,true,1,0,needs_sequence_rebuild,not_enough_road_steps,needs_review,identity_reconciliation,1,0,1,0,0,route_prep_needs_sequence_rebuild|authoritative_occurrence_identity_incomplete,,,false,route_review
e930c11a-6761-47f9-b388-2de67512fc81,eog--bailey,Eog,BAILEY,Carroll,Lee,false,false,true,true,0,0,,,,,0,0,0,0,0,,,,false,route_prep_missing
6e555e32-25b2-4605-b931-80ee27472b01,eog--bainter,Eog,BAINTER,Carroll,East,false,false,true,true,0,0,,,,,0,0,0,0,0,,,,false,route_prep_missing
9005a597-b31c-4454-ab9a-431b0f83dadf,eog--barbara,Eog,BARBARA,Carroll,Loudon,false,true,true,true,1,0,ready_for_road_matching,,needs_review,identity_reconciliation,4,0,4,0,0,authoritative_occurrence_identity_incomplete,,,false,route_review
9cd90bb9-2421-4ef9-95da-74514b892cbe,eog--barnhart,Eog,BARNHART,Carroll,Perry,false,true,true,true,1,0,needs_sequence_rebuild,missing_explicit_highway_anchor|not_enough_road_steps|sequence_mostly_generic,needs_review,identity_reconciliation,1,0,1,0,0,route_prep_needs_sequence_rebuild|authoritative_occurrence_identity_incomplete,,,false,route_review
c967e976-8637-4edf-b89d-f1005de072e5,eog--bauer,Eog,BAUER,Carroll,Perry,false,true,true,true,1,2,ready_for_road_matching,,needs_review,identity_reconciliation,3,2,1,2,0,authoritative_occurrence_identity_incomplete,,,false,route_review
fc3be29a-9a9c-4ef2-9ac0-23fdf5452c9a,eog--bearcat,Eog,BEARCAT,Noble,Buffalo,false,false,true,true,0,0,,,,,0,0,0,0,0,,,,false,route_prep_missing
1fceb37e-f78c-4176-b622-2c2439f0a5ec,eog--bears,Eog,BEARS,Noble,Noble,false,true,true,true,1,0,ready_for_road_matching,,needs_review,identity_reconciliation,6,0,6,0,0,authoritative_occurrence_identity_incomplete,,,false,route_review
7b15f55f-922e-4cc9-b722-04245cd89192,eog--berger,Eog,BERGER,Tuscarawas,Rush,false,true,true,true,1,0,ready_for_road_matching,highway_not_first_road_step,needs_review,identity_reconciliation,4,0,4,0,0,authoritative_occurrence_identity_incomplete,,,false,route_review
42b725b1-e488-4545-ae1c-ceaab09af33f,eog--blue-butterfly,Eog,BLUE BUTTERFLY,Guernsey,Valley,false,false,true,true,0,0,,,,,0,0,0,0,0,,,,false,route_prep_missing
0c220623-6e50-46d5-8e6c-fa66f5cd2f3d,eog--booth,Eog,BOOTH,Jefferson,Springfield,false,false,false,false,0,0,,,,,0,0,0,0,0,,,,false,route_prep_missing
b63aa20a-256e-4a27-8971-919307c5e45d,eog--bowerston,Eog,BOWERSTON,Harrison,Monroe,false,true,true,true,1,0,ready_for_road_matching,,needs_review,identity_reconciliation,4,0,4,0,0,authoritative_occurrence_identity_incomplete,,,false,route_review
6726b6a9-7cac-42f1-807f-d8596378a3cd,eog--bowling,Eog,BOWLING,Carroll,Brown,false,false,true,true,0,0,,,,,0,0,0,0,0,,,,false,route_prep_missing
52adbaa9-78a8-4e89-9f04-488a4f00766d,eog--bozich,Eog,BOZICH,Jefferson,Island Creek,false,true,true,true,1,0,ready_for_road_matching,ambiguous_route_reference,needs_review,identity_reconciliation,2,0,2,0,0,authoritative_occurrence_identity_incomplete,,,false,route_review
9213f4a8-8927-493b-87ce-3f36bca85e9a,eog--brand,Eog,BRAND,Jefferson,Toronto,false,true,true,true,1,0,ready_for_road_matching,,needs_review,identity_reconciliation,4,0,4,0,0,authoritative_occurrence_identity_incomplete,,,false,route_review
dcba0932-3769-4373-80af-5d68a971b34a,eog--briceland-trust,Eog,BRICELAND TRUST,Columbiana,Franklin,false,true,true,true,1,0,ready_for_road_matching,,needs_review,identity_reconciliation,4,0,4,0,0,authoritative_occurrence_identity_incomplete,,,false,route_review
62d4dd59-e120-4eb5-991a-826c231bb0c4,eog--brookfield,Eog,BROOKFIELD,Noble,Brookfield,false,false,true,true,0,0,,,,,0,0,0,0,0,,,,false,route_prep_missing
2317fda6-6930-4636-ba7d-0ca2dad78039,eog--brown,Eog,BROWN,Carroll,Brown,false,true,false,true,1,0,needs_sequence_rebuild,not_enough_road_steps,needs_review,identity_reconciliation,1,0,1,0,0,route_prep_needs_sequence_rebuild|authoritative_occurrence_identity_incomplete,,,false,route_review
ee967739-df90-449f-9c73-edae79bec9ec,eog--bruner-land,Eog,BRUNER LAND,Jefferson,Ross,false,true,true,true,1,0,ready_for_road_matching,,needs_review,identity_reconciliation,6,5,1,5,0,authoritative_occurrence_identity_incomplete,,,false,route_review
ff0390cf-d385-4bd9-af1d-944f8e423d7f,eog--brunk,Eog,BRUNK,Carroll,Union,false,false,true,true,0,0,,,,,0,0,0,0,0,,,,false,route_prep_missing
74e8b5f7-e9bf-4285-a51e-a316cc824434,eog--bryan-shaw,Eog,BRYAN SHAW,Carroll,Lee,false,true,true,true,1,0,ready_for_road_matching,,needs_review,identity_reconciliation,3,0,3,0,0,authoritative_occurrence_identity_incomplete,,,false,route_review
3c9c7f2d-eb9d-406f-8a3d-0b4820514a94,eog--bsa,Eog,BSA,Jefferson,Springfield,false,true,true,true,1,0,ready_for_road_matching,sequence_mostly_generic,needs_review,identity_reconciliation,2,0,2,0,0,authoritative_occurrence_identity_incomplete,,,false,route_review
c1b95a10-c9ec-499f-ae6c-84430175b9b3,eog--buck,Eog,BUCK,Carroll,East,false,false,true,true,0,0,,,,,0,0,0,0,0,,,,false,route_prep_missing
9c836429-f0e0-4e5d-9d04-f31275699f47,eog--buell,Eog,BUELL,Harrison,Archer,false,false,true,true,0,0,,,,,0,0,0,0,0,,,,false,route_prep_missing
e8068902-db95-439c-b6dc-9d547312add9,eog--burdette,Eog,BURDETTE,Harrison,Stock,false,true,true,true,1,0,ready_for_road_matching,,needs_review,identity_reconciliation,3,2,1,1,0,authoritative_occurrence_identity_incomplete,,,false,route_review
862d0114-3eb3-4139-89d5-da0e54678c9f,eog--burgett,Eog,BURGETT,Carroll,Center,false,false,true,true,0,0,,,,,0,0,0,0,0,,,,false,route_prep_missing
e58505bc-8fda-4d71-97fb-ceb865f699ea,eog--burry,Eog,BURRY,Carroll,East,false,true,true,true,1,0,needs_highway_anchor,missing_explicit_highway_anchor,needs_review,identity_reconciliation,3,0,3,0,0,route_prep_needs_highway_anchor|authoritative_occurrence_identity_incomplete,,,false,route_review
e600d2b9-fc87-4dba-9165-ab5fdc0f581d,eog--cantrell,Eog,CANTRELL,Jefferson,Saline,false,true,true,true,1,0,ready_for_road_matching,sequence_mostly_generic,needs_review,identity_reconciliation,2,0,2,0,0,authoritative_occurrence_identity_incomplete,,,false,route_review
c01740ef-1224-4a7d-95a2-2b1f70e61c8f,eog--caris,Eog,CARIS,Jefferson,Ross,false,true,true,true,1,0,ready_for_road_matching,,needs_review,identity_reconciliation,7,0,7,0,0,authoritative_occurrence_identity_incomplete,,,false,route_review
2ddc8be9-58c7-5240-93fc-9b3bd6b114d6,eog--chapman,Eog,CHAPMAN,Guernsey,Center,false,true,false,false,0,0,,,,,0,0,0,0,0,,,,false,route_prep_missing
0b6dcfc2-f394-407a-969f-db11fdb86a8c,eog--cheetah,Eog,CHEETAH,Noble,Sharon,false,true,true,true,0,0,,,,,0,0,0,0,0,,stale,pad_gps_or_route_revision_changed,false,route_prep_missing
34e1da00-a8c4-4ff0-92df-890b4b4a4806,eog--cobalt,Eog,COBALT,Carrolton,Brown,false,true,true,true,0,0,,,,,0,0,0,0,0,,stale,pad_gps_or_route_revision_changed,false,route_prep_missing
fd253248-8f08-4d98-aa40-79897c1dcc6a,eog--coe,Eog,COE,Carroll,Lee,false,false,true,true,0,0,,,,,0,0,0,0,0,,,,false,route_prep_missing
77756efc-e79a-4370-b66b-8dd6b4894378,eog--colescott,Eog,COLESCOTT,Carroll,Loudon,false,true,true,true,1,0,ready_for_road_matching,,needs_review,exact_geometry,2,2,0,2,1,exact_occurrence_geometry_incomplete,,,false,route_review
2b16afa6-8d15-419e-bcf3-acca8059f2d2,eog--coniglio,Eog,CONIGLIO,Carroll,East,false,false,true,true,0,0,,,,,0,0,0,0,0,,,,false,route_prep_missing
8bf33736-70c1-427b-acc7-280348ce2365,eog--conklin,Eog,CONKLIN,Tuscarawas,Mill,false,true,true,true,1,0,needs_sequence_rebuild,not_enough_road_steps,needs_review,identity_reconciliation,1,0,1,0,0,route_prep_needs_sequence_rebuild|authoritative_occurrence_identity_incomplete,,,false,route_review
b4cd88e2-f8f5-4fd3-adec-777a423b0a5a,eog--conquerors,Eog,CONQUERORS,Guernsey,Valley,false,true,true,true,1,0,ready_for_road_matching,,needs_review,identity_reconciliation,5,0,5,0,0,authoritative_occurrence_identity_incomplete,,,false,route_review
df86657a-20af-4234-a14d-3ca67a49ba83,eog--cooper,Eog,COOPER,Carroll,Lee,false,true,true,true,1,0,ready_for_road_matching,sequence_mostly_generic,needs_review,identity_reconciliation,2,0,2,0,0,authoritative_occurrence_identity_incomplete,,,false,route_review
628d2e4c-347e-462b-8164-33c585865591,eog--crawford,Eog,CRAWFORD,Jefferson,Salem,false,true,true,true,1,0,ready_for_road_matching,,needs_review,exact_geometry,3,3,0,3,0,exact_occurrence_geometry_incomplete,,,false,route_review
3f2dff47-3450-4cee-8926-49e356816c90,eog--cromika,Eog,CROMIKA,Harrison,Cadiz,false,true,true,true,1,0,needs_sequence_reorder,highway_not_first_road_step,needs_review,identity_reconciliation,6,0,6,0,0,route_prep_needs_sequence_reorder|authoritative_occurrence_identity_incomplete,,,false,route_review
8cf2ee57-0ff6-49e3-a743-d7e83deff2e8,eog--crosser,Eog,CROSSER,Columbiana,Center,false,true,true,true,1,0,needs_highway_anchor,missing_explicit_highway_anchor|sequence_mostly_generic,needs_review,identity_reconciliation,2,0,2,0,0,route_prep_needs_highway_anchor|authoritative_occurrence_identity_incomplete,,,false,route_review
b96a98f8-59d9-4303-9072-3218d105b252,eog--ctf,Eog,CTF,Carroll,Fox,false,false,true,true,0,0,,,,,0,0,0,0,0,,,,false,route_prep_missing
151ad644-1eb7-4d86-b0f1-e05fe2caa15b,eog--cummings,Eog,CUMMINGS,Carroll,Union,false,false,true,true,0,0,,,,,0,0,0,0,0,,,,false,route_prep_missing
c447877e-588a-461c-b369-fec4e35e19e8,eog--dailey,Eog,DAILEY,Jefferson,Salem,false,true,true,true,1,0,ready_for_road_matching,,needs_review,exact_geometry,2,2,0,2,1,exact_occurrence_geometry_incomplete,,,false,route_review
4cf6fdc7-21aa-47f4-9cbc-1f06396771fa,eog--david-weaver,Eog,DAVID WEAVER,Harrison,Stock,false,true,true,true,1,0,needs_sequence_cleanup,narrative_text_in_sequence,needs_review,identity_reconciliation,4,0,4,0,0,route_prep_needs_sequence_cleanup|authoritative_occurrence_identity_incomplete,,,false,route_review
83a2a3be-7806-496a-9487-a1f3ed4434a8,eog--davis-farms,Eog,DAVIS FARMS,Carroll,Union,false,true,true,true,1,0,needs_highway_anchor,missing_explicit_highway_anchor,needs_review,identity_reconciliation,3,2,1,2,0,route_prep_needs_highway_anchor|authoritative_occurrence_identity_incomplete,,,false,route_review
6fc33f6a-8671-4ee3-ac42-437546b2ae5d,eog--davis-trust,Eog,DAVIS TRUST,Harrison,Archer,false,true,true,true,1,1,ready_for_road_matching,sequence_mostly_generic,needs_review,identity_reconciliation,2,0,2,0,0,authoritative_occurrence_identity_incomplete,,,false,route_review
2b93b7cb-2db8-47a8-bdd1-91ba900b0cf5,eog--dawson,Eog,DAWSON,Harrison,German,false,true,true,true,1,0,ready_for_road_matching,,needs_review,identity_reconciliation,4,0,4,0,0,authoritative_occurrence_identity_incomplete,,,false,route_review
996f85c7-92c4-41bc-94ab-224d1baa6dbd,eog--db-kibler,Eog,DB KIBLER,Columbiana,Hanover,false,false,true,true,0,0,,,,,0,0,0,0,0,,,,false,route_prep_missing
beacebfa-c431-4822-a40a-5ee3a2f09821,eog--dean-ott,Eog,DEAN OTT,Carroll,Washington,false,false,true,true,0,0,,,,,0,0,0,0,0,,,,false,route_prep_missing
2cbdb3ca-f929-4ec9-960b-e6674864c08d,eog--deere,Eog,DEERE,Noble,Brookfield,false,true,true,true,1,0,ready_for_road_matching,,needs_review,identity_reconciliation,3,0,3,0,0,authoritative_occurrence_identity_incomplete,,,false,route_review
665b01b6-d470-4abd-b4fa-2bd695f0db62,eog--deersville,Eog,DEERSVILLE,Harrison,Franklin,false,true,true,true,1,0,needs_sequence_rebuild,missing_explicit_highway_anchor|not_enough_road_steps,needs_review,identity_reconciliation,1,0,1,0,0,route_prep_needs_sequence_rebuild|authoritative_occurrence_identity_incomplete,,,false,route_review
707b45b7-2c54-4242-a27e-547e3e3a1673,eog--delmar,Eog,DELMAR,Carroll,Orange,false,true,true,true,1,0,ready_for_road_matching,,needs_review,identity_reconciliation,4,0,4,0,0,authoritative_occurrence_identity_incomplete,,,false,route_review
8cc4dbe1-70ae-43ce-820d-946a9126d63d,eog--demis,Eog,DEMIS,Harrison,North,false,true,true,true,1,0,needs_sequence_reorder,ambiguous_route_reference|highway_not_first_road_step,needs_review,identity_reconciliation,4,0,4,0,0,route_prep_needs_sequence_reorder|authoritative_occurrence_identity_incomplete,,,false,route_review
2bb422cb-612d-4f9c-b826-ebc6aef7632b,eog--denoon,Eog,DENOON,Jefferson,Salem,false,true,true,true,1,0,ready_for_road_matching,,needs_review,identity_reconciliation,3,0,3,0,0,authoritative_occurrence_identity_incomplete,,,false,route_review
e019a7df-56be-4969-8880-9788fe7f1494,eog--deucker,Eog,DEUCKER,Harrison,North,false,true,true,true,1,0,ready_for_road_matching,,needs_review,identity_reconciliation,4,0,4,0,0,authoritative_occurrence_identity_incomplete,,,false,route_review
7ebcc8e3-09b7-4dbb-8f88-4778fe6bcc11,eog--dodson,Eog,DODSON,Harrison,Stock,false,true,true,true,1,0,ready_for_road_matching,,needs_review,identity_reconciliation,5,0,5,0,0,authoritative_occurrence_identity_incomplete,,,false,route_review
f3ec9b79-3cab-47f9-8de1-17e221ef7158,eog--donald,Eog,DONALD,Carroll,Orange,false,true,true,true,1,0,ready_for_road_matching,,needs_review,exact_geometry,3,3,0,3,2,exact_occurrence_geometry_incomplete,,,false,route_review
be37bb10-1897-4287-9a71-fddb304ddfe2,eog--drevon,Eog,DREVON,Stark,Osnaburg,false,false,true,true,0,0,,,,,0,0,0,0,0,,,,false,route_prep_missing
daf0f16e-722e-40cc-8e5c-22913cfd2045,eog--dulkoski,Eog,DULKOSKI,Harrison,German,false,true,true,true,1,0,ready_for_road_matching,,needs_review,identity_reconciliation,6,5,1,5,0,authoritative_occurrence_identity_incomplete,,,false,route_review
41bfa9c0-9b0b-4154-ae25-713391e93766,eog--dutch-valley,Eog,DUTCH VALLEY,Tuscarawas,Perry,false,false,true,true,0,0,,,,,0,0,0,0,0,,,,false,route_prep_missing
cf5df34d-b0b4-4f57-93f3-a53b5744cfb1,eog--e-clark,Eog,E-CLARK,Harrison,Freeport,false,true,true,true,1,0,needs_highway_anchor,missing_explicit_highway_anchor,needs_review,identity_reconciliation,3,0,3,0,0,route_prep_needs_highway_anchor|authoritative_occurrence_identity_incomplete,,,false,route_review
a2f1a868-d6a0-45a8-9612-900791237f74,eog--eckley,Eog,ECKLEY,Carroll,Center,false,true,true,true,1,0,needs_highway_anchor,missing_explicit_highway_anchor|sequence_mostly_generic,needs_review,identity_reconciliation,2,0,2,0,0,route_prep_needs_highway_anchor|authoritative_occurrence_identity_incomplete,,,false,route_review
57f39bdf-b3d1-48db-bba4-b5e7a4b1776f,eog--edie,Eog,EDIE,Carroll,Perry,false,true,true,true,1,1,ready_for_road_matching,,needs_review,identity_reconciliation,5,0,5,0,0,authoritative_occurrence_identity_incomplete,,,false,route_review
3cb8d583-595a-4f1d-bc33-0aad74112fd5,eog--edison-ruby,Eog,EDISON RUBY,Carroll,Orange,false,false,true,true,0,0,,,,,0,0,0,0,0,,,,false,route_prep_missing
f563637c-050b-4fce-8e28-53a143ae2b18,eog--ellie,Eog,ELLIE,Carroll,Orange,false,true,true,true,1,0,ready_for_road_matching,,needs_review,identity_reconciliation,6,0,6,0,0,authoritative_occurrence_identity_incomplete,,,false,route_review
3cb1b488-0b0d-4121-b2dc-04998174fe28,eog--elwood,Eog,ELWOOD,Carroll,Louden,false,false,false,false,0,0,,,,,0,0,0,0,0,,,,false,route_prep_missing
41225099-39f8-46e4-b2bf-b9e33725f9d9,eog--engle,Eog,ENGLE,Harrison,Franklin,false,true,true,true,1,1,ready_for_road_matching,,needs_review,identity_reconciliation,4,0,4,0,0,authoritative_occurrence_identity_incomplete,,,false,route_review
d34ea07e-19ba-4a50-a5f1-c49116d97175,eog--enold,Eog,ENOLD,Carroll,Lee,false,true,true,true,1,0,ready_for_road_matching,,needs_review,identity_reconciliation,3,2,1,2,0,authoritative_occurrence_identity_incomplete,,,false,route_review
b8b3ad43-4990-4807-9d02-28ac048f1347,eog--ericson,Eog,ERICSON,Harrison,German,false,true,true,true,1,0,needs_highway_anchor,ambiguous_route_reference,needs_review,identity_reconciliation,2,0,2,0,0,route_prep_needs_highway_anchor|authoritative_occurrence_identity_incomplete,,,false,route_review
25c3db2e-6bf0-4ab2-8b96-407c3eeb8592,eog--fligiel,Eog,FLIGIEL,Carroll,Perry,false,true,true,true,1,0,ready_for_road_matching,,needs_review,identity_reconciliation,3,0,3,0,0,authoritative_occurrence_identity_incomplete,,,false,route_review
58c762c2-3785-4cc1-ae2a-67bcc0e444d8,eog--folsam,Eog,FOLSAM,Carroll,,false,false,true,true,0,0,,,,,0,0,0,0,0,,,,false,route_prep_missing
acacb6a7-6906-4483-8156-1618ee0353f0,eog--forcier,Eog,FORCIER,Carroll,FOX,false,false,true,true,0,0,,,,,0,0,0,0,0,,,,false,route_prep_missing
d505de6c-768c-4e77-bf32-593a3530923c,eog--frog-run,Eog,FROG RUN,Carroll,Lee,false,true,true,true,1,0,ready_for_road_matching,,needs_review,identity_reconciliation,3,0,3,0,0,authoritative_occurrence_identity_incomplete,,,false,route_review
77f0a027-4778-4432-8aa2-92722c2df46a,eog--g-saltsman,Eog,G-SALTSMAN,Carroll,East,false,true,false,false,0,0,,,,,0,0,0,0,0,,,,false,route_prep_missing
bc7276a6-0085-460b-bc39-e6c79038ccba,eog--gambit,Eog,GAMBIT,Harrison,Freeport,false,true,true,true,1,0,ready_for_road_matching,sequence_mostly_generic,needs_review,identity_reconciliation,2,0,2,0,0,authoritative_occurrence_identity_incomplete,,,false,route_review
a9c67700-7adb-4370-b42d-c9ccc42c4ec1,eog--garner-pad,Eog,GARNER PAD,Carroll,Union,false,false,true,true,0,0,,,,,0,0,0,0,0,,,,false,route_prep_missing
1093c8d9-7781-4fb1-8628-0487fd025c90,eog--gartrell,Eog,GARTRELL,Carroll,Orange,false,true,true,true,1,0,needs_sequence_reorder,ambiguous_route_reference,needs_review,identity_reconciliation,1,0,1,0,0,route_prep_needs_sequence_reorder|authoritative_occurrence_identity_incomplete,,,false,route_review
65f33897-54a3-4329-88ca-964983d1d750,eog--garvey,Eog,GARVEY,Harrison,North,false,true,true,true,1,0,ready_for_road_matching,,needs_review,identity_reconciliation,2,0,2,0,0,authoritative_occurrence_identity_incomplete,,,false,route_review
7b03d7fb-7469-4b8b-af4c-1f2711ccba23,eog--gemsbok,Eog,GEMSBOK,Noble,Sharon,false,false,true,true,0,0,,,,,0,0,0,0,0,,,,false,route_prep_missing
5366779a-1536-4ad0-bc72-2a28d1521fe7,eog--gf-farms,Eog,GF FARMS,Carroll,Center,false,true,true,true,1,0,ready_for_road_matching,,needs_review,identity_reconciliation,3,2,1,2,0,authoritative_occurrence_identity_incomplete,,,false,route_review
6eb2ecf8-867a-49c8-9a58-4a8c6afac80f,eog--gnd-trust,Eog,GND TRUST,Jefferson,Springfield,false,false,true,true,0,0,,,,,0,0,0,0,0,,,,false,route_prep_missing
4fccf735-b8b2-4108-8f07-8847be279d9d,eog--good-sheppard-well-pad,Eog,GOOD SHEPPARD WELL PAD,Harrison,German,false,true,true,true,0,0,,,,,0,0,0,0,0,,stale,pad_gps_or_route_revision_changed,false,route_prep_missing
a5f00b0d-3c19-49c8-ab2d-45cc02c2f7b3,eog--gooding,Eog,GOODING,Harrison,Washington,false,true,true,true,1,0,ready_for_road_matching,,needs_review,identity_reconciliation,3,0,3,0,0,authoritative_occurrence_identity_incomplete,,,false,route_review
90d7c03e-d82f-4ea3-9557-3da4f46d67a5,eog--gotshall,Eog,GOTSHALL,Harrison,Rumley,false,true,true,true,1,0,ready_for_road_matching,,needs_review,identity_reconciliation,4,0,4,0,0,authoritative_occurrence_identity_incomplete,,,false,route_review
54aef29a-6244-4ac2-b1eb-fb327ed15f5d,eog--gribi,Eog,GRIBI,Tuscarawas,Warren,false,true,true,true,1,0,needs_highway_anchor,ambiguous_route_reference,needs_review,identity_reconciliation,2,0,2,0,0,route_prep_needs_highway_anchor|authoritative_occurrence_identity_incomplete,,,false,route_review
c028d072-8138-4105-84d8-d9edd9236293,eog--griffeth,Eog,GRIFFETH,Carroll,Center,false,true,true,true,1,0,ready_for_road_matching,sequence_mostly_generic,needs_review,identity_reconciliation,2,0,2,0,0,authoritative_occurrence_identity_incomplete,,,false,route_review
d0ebe92b-6cb1-4891-ba05-ae7c29c54a2b,eog--groselle,Eog,GROSELLE,,,false,false,false,false,0,0,,,,,0,0,0,0,0,,,,false,route_prep_missing
b92f4009-9a75-4f55-afba-5cd1e1fb0f89,eog--grove,Eog,GROVE,Columbiana,Knox,false,true,true,true,1,0,needs_sequence_reorder,ambiguous_route_reference|highway_not_first_road_step,needs_review,identity_reconciliation,3,0,3,0,0,route_prep_needs_sequence_reorder|authoritative_occurrence_identity_incomplete,,,false,route_review
4c4996fd-b226-4774-9ac7-1c0c0196f06b,eog--guthrie,Eog,GUTHRIE,Harrison,Franklin,false,true,true,true,1,1,ready_for_road_matching,,needs_review,identity_reconciliation,5,0,5,0,0,authoritative_occurrence_identity_incomplete,,,false,route_review
3345a181-5456-4530-80d4-53e73a3d7ff6,eog--haley,Eog,HALEY,Carroll,East,false,true,true,true,1,0,needs_highway_anchor,missing_explicit_highway_anchor,needs_review,identity_reconciliation,5,0,5,0,0,route_prep_needs_highway_anchor|authoritative_occurrence_identity_incomplete,,,false,route_review
57a8227c-9d52-492d-b016-27eef0466400,eog--hall,Eog,HALL,Harrison,German,false,true,true,true,1,0,ready_for_road_matching,,needs_review,identity_reconciliation,4,3,1,2,0,authoritative_occurrence_identity_incomplete,,,false,route_review
17899ee6-6af3-4fb6-b5b7-45edfd4f77ab,eog--hanchin,Eog,HANCHIN,Harrison,Annapolis,false,true,true,true,1,1,needs_sequence_rebuild,not_enough_road_steps,needs_review,identity_reconciliation,1,0,1,0,0,route_prep_needs_sequence_rebuild|authoritative_occurrence_identity_incomplete,,,false,route_review
824fc279-942b-48d0-84a8-ed48cf120441,eog--hanover-farms,Eog,HANOVER FARMS,Columbiana,Hanover,false,false,true,true,0,0,,,,,0,0,0,0,0,,,,false,route_prep_missing
a0968b41-bb0a-452e-876b-3f49ac593fa6,eog--hartley,Eog,HARTLEY,Harrison,North,false,true,true,true,1,0,ready_for_road_matching,,needs_review,identity_reconciliation,3,2,1,2,0,authoritative_occurrence_identity_incomplete,,,false,route_review
8fef207f-c0f3-4005-9698-4e9b9d86dfe4,eog--hartz,Eog,HARTZ,Columbiana,Fairfield,false,false,true,true,0,0,,,,,0,0,0,0,0,,,,false,route_prep_missing
bc6a15ee-524f-449b-a9ec-4e2927dd3b2f,eog--harvey,Eog,HARVEY,Carroll,Washington,false,true,true,true,1,0,ready_for_road_matching,,needs_review,identity_reconciliation,3,0,3,0,0,authoritative_occurrence_identity_incomplete,,,false,route_review
b64f1b45-354b-4eb8-beb5-4ce842eb5e00,eog--hawk,Eog,HAWK,Carroll,Augusta,false,true,true,true,1,1,needs_highway_anchor,missing_explicit_highway_anchor|sequence_mostly_generic,needs_review,identity_reconciliation,2,0,2,0,0,route_prep_needs_highway_anchor|authoritative_occurrence_identity_incomplete,,,false,route_review
648f2ad5-a0a5-4923-8ea2-0f9d6aec4d83,eog--hd-mcclain,Eog,HD MCCLAIN,Guernsey,Millwood,false,false,true,true,0,0,,,,,0,0,0,0,0,,,,false,route_prep_missing
b2616ae5-0e25-4a60-a708-83d4e64f6fef,eog--helen-halter,Eog,HELEN HALTER,Harrison,Archer,false,true,true,true,1,0,ready_for_road_matching,,needs_review,identity_reconciliation,6,0,6,0,0,authoritative_occurrence_identity_incomplete,,,false,route_review
3272428a-59f2-41c2-bb8e-047f403d579b,eog--henderson,Eog,HENDERSON,Columbiana,West,false,true,true,true,1,0,needs_sequence_reorder,ambiguous_route_reference,needs_review,identity_reconciliation,3,2,1,2,0,route_prep_needs_sequence_reorder|authoritative_occurrence_identity_incomplete,,,false,route_review
36fbe5ad-70c9-4e61-9b92-6c12291cb375,eog--henderson-family-trust,Eog,HENDERSON FAMILY TRUST,Carroll,Loudon,false,true,true,true,0,0,,,,,0,0,0,0,0,,stale,pad_gps_or_route_revision_changed,false,route_prep_missing
5d4c3885-5374-4760-bf55-ec2edf2df0af,eog--henderson-south,Eog,HENDERSON SOUTH,Harrison,Stock,false,true,true,true,1,0,ready_for_road_matching,,needs_review,identity_reconciliation,4,3,1,3,0,authoritative_occurrence_identity_incomplete,,,false,route_review
4cb9b97b-b672-46f8-aec8-109637015f24,eog--henry,Eog,HENRY,Jefferson,Ross,false,true,true,true,1,0,needs_highway_anchor,missing_explicit_highway_anchor,needs_review,identity_reconciliation,3,0,3,0,0,route_prep_needs_highway_anchor|authoritative_occurrence_identity_incomplete,,,false,route_review
c1c0a790-c0d9-4a1e-a28d-10ce22459039,eog--heston,Eog,HESTON,Carroll,East,false,true,true,true,1,1,ready_for_road_matching,,needs_review,identity_reconciliation,2,0,2,0,0,authoritative_occurrence_identity_incomplete,,,false,route_review
ecf4efc8-11c4-49e2-a5ad-8a4618dc7f1e,eog--hm-yoder,Eog,HM YODER,Jefferson,Knox,false,false,true,true,0,0,,,,,0,0,0,0,0,,,,false,route_prep_missing
bcdad170-c356-4ccf-ac0b-8eca900705c1,eog--hn-sto,Eog,HN-STO,Harrison,Nottingham,false,false,true,true,0,0,,,,,0,0,0,0,0,,,,false,route_prep_missing
4f3b37ce-de90-409e-aa87-01e3c010901e,eog--hochstetler,Eog,HOCHSTETLER,Harrison,Archer,false,true,true,true,1,0,ready_for_road_matching,,needs_review,identity_reconciliation,2,0,2,0,0,authoritative_occurrence_identity_incomplete,,,false,route_review
1eae81eb-75dc-404a-ba83-6a7d19197feb,eog--hollyfield,Eog,HOLLYFIELD,Carroll,Monroe,false,true,true,true,1,0,needs_highway_anchor,ambiguous_route_reference,needs_review,identity_reconciliation,4,0,4,0,0,route_prep_needs_highway_anchor|authoritative_occurrence_identity_incomplete,,,false,route_review
0802a111-ebdc-4468-a778-5b7d20061532,eog--holmes,Eog,HOLMES,Carroll,Union,false,true,true,true,1,0,ready_for_road_matching,,needs_review,identity_reconciliation,3,0,3,0,0,authoritative_occurrence_identity_incomplete,,,false,route_review
913234ea-7e43-4c4a-b267-a0de7480839a,eog--houyouse,Eog,HOUYOUSE,Carroll,Lee,false,true,true,true,1,0,needs_sequence_reorder,ambiguous_route_reference,needs_review,identity_reconciliation,3,0,3,0,0,route_prep_needs_sequence_reorder|authoritative_occurrence_identity_incomplete,,,false,route_review
bdc89c44-fc46-40a6-8bda-aeeeaab37779,eog--htf,Eog,HTF,Carroll,Center,false,true,true,true,1,0,ready_for_road_matching,sequence_mostly_generic,needs_review,identity_reconciliation,2,0,2,0,0,authoritative_occurrence_identity_incomplete,,,false,route_review
f396d424-8aef-48f1-ae1e-5eeb9cc5113e,eog--huffman-trust,Eog,HUFFMAN TRUST,Columbiana,Butler,false,true,true,true,1,1,ready_for_road_matching,,needs_review,identity_reconciliation,4,0,4,0,0,authoritative_occurrence_identity_incomplete,,,false,route_review
557bd9f0-3be4-4ce4-9a4d-fbb4999c1417,eog--hutchison,Eog,HUTCHISON,Carroll,Augusta,false,false,true,true,0,0,,,,,0,0,0,0,0,,,,false,route_prep_missing
3178f521-311f-43b2-94a0-621103a19602,eog--indigo,Eog,INDIGO,Carroll,Brown,false,true,true,true,1,0,needs_sequence_cleanup,highway_not_first_road_step|narrative_text_in_sequence,needs_review,identity_reconciliation,6,0,6,0,0,route_prep_needs_sequence_cleanup|authoritative_occurrence_identity_incomplete,,,false,route_review
af7733fa-43cb-4e60-a1d4-3cccb73514f1,eog--jamar,Eog,JAMAR,Harrison,North,false,true,true,true,1,0,ready_for_road_matching,,needs_review,identity_reconciliation,2,0,2,0,0,authoritative_occurrence_identity_incomplete,,,false,route_review
c7497ed5-b1f8-4bcd-8bb7-a23be86d1d35,eog--jan-paul-farms,Eog,JAN PAUL FARMS,Columbiana,Hanover,false,false,true,true,0,0,,,,,0,0,0,0,0,,,,false,route_prep_missing
633b198a-c06b-49fb-84c6-88680908339d,eog--janie-trust,Eog,JANIE-TRUST,Columbiana,Washington,false,true,true,true,1,0,ready_for_road_matching,,needs_review,identity_reconciliation,5,0,5,0,0,authoritative_occurrence_identity_incomplete,,,false,route_review
dcc8b3a2-8212-4500-9520-7f30d7272885,eog--javersak,Eog,JAVERSAK,Carroll,Perry,false,true,true,true,1,0,ready_for_road_matching,,needs_review,identity_reconciliation,4,0,4,0,0,authoritative_occurrence_identity_incomplete,,,false,route_review
db453fee-53dd-4e0d-8e0f-2a1b9daf1510,eog--javersak-a,Eog,JAVERSAK A,Carroll,Fox,false,true,true,true,1,1,ready_for_road_matching,,needs_review,identity_reconciliation,4,0,4,0,0,authoritative_occurrence_identity_incomplete,,,false,route_review
3aca0e0b-c77c-4cea-ab5c-ad415244c1f7,eog--jc-acres,Eog,JC ACRES,Carroll,Loudon,false,true,true,true,0,0,,,,,0,0,0,0,0,,stale,pad_gps_or_route_revision_changed,false,route_prep_missing
a6ad794a-4bc2-4947-af21-83e641335651,eog--jd-cr-aug,Eog,JD CR AUG,Carroll,Augusta,false,false,true,true,0,0,,,,,0,0,0,0,0,,,,false,route_prep_missing
254d4d73-5795-49b6-b89c-333809aac154,eog--jeffery,Eog,JEFFERY,Carroll,Augusta,false,false,true,true,0,0,,,,,0,0,0,0,0,,,,false,route_prep_missing
c84397e3-a871-495f-a23c-274b27ced7f5,eog--john-adams,Eog,JOHN ADAMS,Carroll,Lee,false,false,true,true,0,0,,,,,0,0,0,0,0,,,,false,route_prep_missing
d1937eff-2b2e-4a3d-ac0d-55820325911c,eog--jones-a,Eog,JONES A,Carroll,Fox,false,true,true,true,1,0,ready_for_road_matching,,needs_review,identity_reconciliation,3,0,3,0,0,authoritative_occurrence_identity_incomplete,,,false,route_review
73c4739f-1cf1-4ab2-9777-09e944a7794e,eog--judy-brown,Eog,JUDY BROWN,Columbiana,Hanover,false,false,true,true,0,0,,,,,0,0,0,0,0,,,,false,route_prep_missing
0e5b821d-c2f9-4599-8f07-fa18043f8efc,eog--k-wallace,Eog,K WALLACE,Harrison,Nottingham,false,true,true,true,1,0,needs_highway_anchor,missing_explicit_highway_anchor,needs_review,identity_reconciliation,3,0,3,0,0,route_prep_needs_highway_anchor|authoritative_occurrence_identity_incomplete,,,false,route_review
eb446603-e5d7-4f48-a755-976bbb5800da,eog--kennedy,Eog,KENNEDY,Carroll,Lee,false,true,true,true,1,0,needs_sequence_rebuild,missing_explicit_highway_anchor|not_enough_road_steps|sequence_mostly_generic,needs_review,identity_reconciliation,1,0,1,0,0,route_prep_needs_sequence_rebuild|authoritative_occurrence_identity_incomplete,,,false,route_review
f633d060-78d7-47cc-8e55-d2259466d473,eog--kenneth-lloyd,Eog,KENNETH LLOYD,Carroll,Orange,false,true,true,true,1,0,needs_highway_anchor,ambiguous_route_reference|sequence_mostly_generic,needs_review,identity_reconciliation,1,0,1,0,0,route_prep_needs_highway_anchor|authoritative_occurrence_identity_incomplete,,,false,route_review
c63fc388-3a6a-40ee-8274-faf88167279b,eog--keystone-trust,Eog,KEYSTONE TRUST,Jefferson,Salem,false,true,true,true,1,0,ready_for_road_matching,,needs_review,identity_reconciliation,5,4,1,4,0,authoritative_occurrence_identity_incomplete,,,false,route_review
0387784f-e5fd-422b-a1e2-d7b8e452964d,eog--kidd,Eog,KIDD,Harrison,Stock,false,true,true,true,1,0,ready_for_road_matching,,needs_review,identity_reconciliation,4,0,4,0,0,authoritative_occurrence_identity_incomplete,,,false,route_review
000059cf-5ba0-4e8f-bcf8-dd9a267640f9,eog--kinsey,Eog,KINSEY,Carroll,Augusta,false,true,true,true,1,0,needs_sequence_rebuild,missing_explicit_highway_anchor|not_enough_road_steps|sequence_mostly_generic,needs_review,identity_reconciliation,1,0,1,0,0,route_prep_needs_sequence_rebuild|authoritative_occurrence_identity_incomplete,,,false,route_review
e0efdc27-5fb8-4d24-913c-779acba0debd,eog--kirk,Eog,KIRK,,,false,false,true,true,0,0,,,,,0,0,0,0,0,,,,false,route_prep_missing
1244bc59-ce41-448d-93f6-f0b1e7116c5d,eog--kitzmiller,Eog,KITZMILLER,Columbiana,,false,false,true,true,0,0,,,,,0,0,0,0,0,,,,false,route_prep_missing
6111ced2-5261-4436-8532-f3793a1e3ef3,eog--klodt,Eog,KLODT,Harrison,North,false,false,true,true,0,0,,,,,0,0,0,0,0,,,,false,route_prep_missing
19fa2a98-325e-4ed3-a9ab-4a964d455dee,eog--kohler,Eog,KOHLER,Carroll,Loudon,false,true,true,true,1,1,needs_highway_anchor,missing_explicit_highway_anchor,needs_review,identity_reconciliation,3,0,3,0,0,route_prep_needs_highway_anchor|authoritative_occurrence_identity_incomplete,,,false,route_review
1b3d7739-d019-4d2f-9763-0cd7b7eaa907,eog--kovach,Eog,KOVACH,Carroll,Center,false,false,true,true,0,0,,,,,0,0,0,0,0,,,,false,route_prep_missing
2c76e9a1-338a-4ec4-af4f-99e6261fad6d,eog--kramer,Eog,KRAMER,Harrison,Franklin,false,true,true,true,1,0,ready_for_road_matching,,needs_review,identity_reconciliation,4,0,4,0,0,authoritative_occurrence_identity_incomplete,,,false,route_review
5db3075a-5f90-4390-a98a-539ff69179be,eog--krantz,Eog,KRANTZ,Carroll,Orange,false,true,true,true,1,0,needs_highway_anchor,missing_explicit_highway_anchor|sequence_mostly_generic,needs_review,identity_reconciliation,2,0,2,0,0,route_prep_needs_highway_anchor|authoritative_occurrence_identity_incomplete,,,false,route_review
a7ef22d7-7cf6-4751-87e3-502c7efd45eb,eog--kruprzak,Eog,KRUPRZAK,Carroll,Fox,false,true,false,false,0,0,,,,,0,0,0,0,0,,,,false,route_prep_missing
9533b86f-5484-4a17-90d9-0cc398dc4c8a,eog--lafferty,Eog,LAFFERTY,Carroll,Fox,false,false,true,true,0,0,,,,,0,0,0,0,0,,,,false,route_prep_missing
4b8b68f2-293b-4be8-91ed-3e10b07f2daa,eog--landman,Eog,LANDMAN,Guernsey,Center,false,true,true,true,1,0,ready_for_road_matching,,needs_review,identity_reconciliation,3,0,3,0,0,authoritative_occurrence_identity_incomplete,,,false,route_review
16b3ba4c-b226-465a-898f-00e8f26822d0,eog--larke,Eog,LARKE,Carroll,Brown,false,false,true,true,0,0,,,,,0,0,0,0,0,,,,false,route_prep_missing
f135943f-35b7-4bb1-957b-bf6717cef360,eog--larke-pad,Eog,LARKE PAD,Carroll,Brown,false,false,true,true,0,0,,,,,0,0,0,0,0,,,,false,route_prep_missing
f80a39cd-6cef-4414-b9c0-5fc06ef1658d,eog--leeper,Eog,LEEPER,Carroll,Orange,false,true,true,true,1,0,needs_highway_anchor,missing_explicit_highway_anchor,needs_review,identity_reconciliation,7,0,7,0,0,route_prep_needs_highway_anchor|authoritative_occurrence_identity_incomplete,,,false,route_review
de373aa1-045f-4073-b8e6-8fcadab769cb,eog--leggett,Eog,LEGGETT,Carroll,Perry,false,true,true,true,1,0,ready_for_road_matching,,needs_review,identity_reconciliation,4,0,4,0,0,authoritative_occurrence_identity_incomplete,,,false,route_review
88df6ce1-b8d3-4485-9002-bb5f20ab8f31,eog--lehwald,Eog,LEHWALD,Columbiana,Butler,false,true,true,true,1,0,ready_for_road_matching,ambiguous_route_reference,needs_review,identity_reconciliation,5,0,5,0,0,authoritative_occurrence_identity_incomplete,,,false,route_review
fe8870d8-3131-41ce-9c37-fe444f591c27,eog--lloyd-smith,Eog,LLOYD SMITH,Carroll,Orange,false,true,true,true,1,0,needs_highway_anchor,ambiguous_route_reference,needs_review,identity_reconciliation,2,0,2,0,0,route_prep_needs_highway_anchor|authoritative_occurrence_identity_incomplete,,,false,route_review
faca95fe-1063-4b64-99b9-4416e51b527c,eog--lodestar,Eog,LODESTAR,Noble,Stock,false,true,true,true,1,0,needs_sequence_cleanup,missing_explicit_highway_anchor|narrative_text_in_sequence,needs_review,identity_reconciliation,5,0,5,0,0,route_prep_needs_sequence_cleanup|authoritative_occurrence_identity_incomplete,,,false,route_review
9553389f-6f78-43c3-941e-bf49992ee318,eog--long,Eog,LONG,Harrison,Rumley,false,false,true,true,0,0,,,,,0,0,0,0,0,,,,false,route_prep_missing
c4a22b58-77c0-4f7f-9b13-b980fa3a2434,eog--lozier,Eog,LOZIER,Carroll,Augusta,false,true,true,true,1,0,ready_for_road_matching,,needs_review,identity_reconciliation,4,0,4,0,0,authoritative_occurrence_identity_incomplete,,,false,route_review
1b25fdc1-80bf-4b5b-9f5b-af6719d9002d,eog--lucas,Eog,LUCAS,Carroll,Loudon,false,true,true,true,1,0,ready_for_road_matching,,needs_review,identity_reconciliation,3,2,1,2,0,authoritative_occurrence_identity_incomplete,,,false,route_review
dd297bbd-9fc9-49df-90fc-5c63d4a39c60,eog--mangun,Eog,MANGUN,Carroll,Augusta,false,true,true,true,1,0,needs_gps_review,gps_outside_expected_state,needs_review,identity_reconciliation,2,2,0,2,0,route_prep_needs_gps_review,,,false,route_review
ecf2948e-a212-44fe-ae5c-2fb9cb28e327,eog--mangus,Eog,MANGUS,Columbiana,Salem,false,false,true,true,0,0,,,,,0,0,0,0,0,,,,false,route_prep_missing
d0d04c6e-d183-40b8-b2ac-d51ac3a417e8,eog--maple,Eog,MAPLE,Jefferson,Island,false,true,true,true,1,0,ready_for_road_matching,,needs_review,identity_reconciliation,7,0,7,0,0,authoritative_occurrence_identity_incomplete,,,false,route_review
67e605db-5152-4528-ac27-f5eef62e24fe,eog--marsha,Eog,MARSHA,Carroll,UNION,false,false,true,true,0,0,,,,,0,0,0,0,0,,,,false,route_prep_missing
8752d669-e17d-4534-ad72-5a9af9415aba,eog--maskaluk,Eog,MASKALUK,Columbiana,Washington,false,true,true,true,1,1,ready_for_road_matching,,needs_review,identity_reconciliation,3,0,3,0,0,authoritative_occurrence_identity_incomplete,,,false,route_review
407a49c7-7c12-4d26-8ecc-5a02df0be032,eog--masters,Eog,MASTERS,Harrison,Monroe,false,true,true,true,1,0,ready_for_road_matching,,needs_review,identity_reconciliation,6,0,6,0,0,authoritative_occurrence_identity_incomplete,,,false,route_review
d70a671a-908c-48b9-a460-7e8c317f68ef,eog--mattie,Eog,MATTIE,Harrison,Rumley,false,true,true,true,1,0,ready_for_road_matching,,needs_review,identity_reconciliation,2,0,2,0,0,authoritative_occurrence_identity_incomplete,,,false,route_review
95caabf5-8632-4a62-b640-be6da0083d64,eog--mcbride,Eog,MCBRIDE,Harrison,German,false,true,true,true,1,0,ready_for_road_matching,,needs_review,identity_reconciliation,4,3,1,3,0,authoritative_occurrence_identity_incomplete,,,false,route_review
d761650c-f8cb-4dc2-ad69-5d0bab082bcc,eog--mccoy,Eog,MCCOY,Jefferson,Springfield,false,true,true,true,1,0,ready_for_road_matching,sequence_mostly_generic,needs_review,identity_reconciliation,2,0,2,0,0,authoritative_occurrence_identity_incomplete,,,false,route_review
cb00d6d1-46ff-43e8-9e87-37a16426d3da,eog--mcmillen,Eog,MCMILLEN,Tusc,Rush,false,true,true,true,0,0,,,,,0,0,0,0,0,,stale,pad_gps_or_route_revision_changed,false,route_prep_missing
d0d95b38-9e64-4f84-bb5a-aaa6ccf8d43e,eog--meigs-23,Eog,MEIGS 23,Muskingum,Meigs,false,true,true,true,1,1,ready_for_road_matching,,needs_review,exact_geometry,2,2,0,2,1,exact_occurrence_geometry_incomplete,,,false,route_review
fcf3601b-9c5f-409a-8ff6-3639bdb23e69,eog--meister,Eog,MEISTER,Carroll,Fox,false,true,false,false,0,0,,,,,0,0,0,0,0,,,,false,route_prep_missing
0f6032ca-bf8d-430a-a261-c034eff2fa8d,eog--mellenger,Eog,MELLENGER,Columbiana,Fairfield,false,false,true,true,0,0,,,,,0,0,0,0,0,,,,false,route_prep_missing
7597bae4-e7d1-4405-9767-2bed1673a3c5,eog--mickey,Eog,MICKEY,Harrison,German,false,true,true,true,1,0,needs_highway_anchor,ambiguous_route_reference,needs_review,identity_reconciliation,3,0,3,0,0,route_prep_needs_highway_anchor|authoritative_occurrence_identity_incomplete,,,false,route_review
26c49752-8cb4-4952-bf88-3f1e30d3715e,eog--mills,Eog,MILLS,Carroll,East,false,false,true,true,0,0,,,,,0,0,0,0,0,,,,false,route_prep_missing
45581031-4993-42de-982f-5d4f4184e905,eog--milltree,Eog,MILLTREE,Columbiana,Franklin,false,false,true,true,0,0,,,,,0,0,0,0,0,,,,false,route_prep_missing
74679551-d310-44a4-a2d4-37b9c06cd8f4,eog--mitchell,Eog,MITCHELL,Carroll,Center,false,true,true,true,1,0,ready_for_road_matching,,needs_review,identity_reconciliation,3,2,1,2,0,authoritative_occurrence_identity_incomplete,,,false,route_review
96a7b406-3aed-457f-b8cb-4a358e8789a1,eog--moats,Eog,MOATS,Columbiana,Hanover,false,false,true,true,0,0,,,,,0,0,0,0,0,,,,false,route_prep_missing
3b42cb50-a1e8-494e-897b-288c5b5cba30,eog--morsheiser,Eog,MORSHEISER,Carroll,Harrison,false,true,true,true,1,0,ready_for_road_matching,,needs_review,identity_reconciliation,5,0,5,0,0,authoritative_occurrence_identity_incomplete,,,false,route_review
d0629438-e976-45f5-83bb-a489b25f8d4f,eog--mountz,Eog,MOUNTZ,Columbiana,Hanover,false,true,true,true,1,2,needs_sequence_reorder,highway_not_first_road_step,needs_review,identity_reconciliation,3,3,0,3,0,route_prep_needs_sequence_reorder,,,false,route_review
79709210-cdab-451c-a295-992a805540ad,eog--mrugala,Eog,MRUGALA,Columbiana,Center,false,true,true,true,1,1,needs_highway_anchor,missing_explicit_highway_anchor,needs_review,identity_reconciliation,3,0,3,0,0,route_prep_needs_highway_anchor|authoritative_occurrence_identity_incomplete,,,false,route_review
f2d1db1a-358d-45b5-a610-f25ea057bc32,eog--mueller,Eog,MUELLER,Columbiana,Salem,false,true,true,true,1,0,ready_for_road_matching,,needs_review,identity_reconciliation,3,0,3,0,0,authoritative_occurrence_identity_incomplete,,,false,route_review
0883f8bf-6262-4d44-8cfc-77f13b60f64e,eog--murray,Eog,MURRAY,Harrison,German,false,true,true,true,1,0,ready_for_road_matching,ambiguous_route_reference,needs_review,identity_reconciliation,4,0,4,0,0,authoritative_occurrence_identity_incomplete,,,false,route_review
0474b72b-d793-4e3d-ba93-533f3392636f,eog--navy,Eog,NAVY,Carroll,Brown,false,true,true,true,1,0,ready_for_road_matching,,needs_review,identity_reconciliation,4,3,1,3,0,authoritative_occurrence_identity_incomplete,,,false,route_review
8f4ff089-5213-46be-8931-4fa7a094622f,eog--neider-pad,Eog,NEIDER PAD,,,false,false,true,true,0,0,,,,,0,0,0,0,0,,,,false,route_prep_missing
cb4fafd7-3ca8-4764-9ac8-15664648ddec,eog--newburn,Eog,NEWBURN,Jefferson,Salem,false,true,true,true,1,0,ready_for_road_matching,ambiguous_route_reference|highway_not_first_road_step,needs_review,identity_reconciliation,4,0,4,0,0,authoritative_occurrence_identity_incomplete,,,false,route_review
6161751d-fc33-453f-a851-20fd66441a2e,eog--nm-harrison,Eog,NM HARRISON,Harrison,ARCHER,false,true,true,true,1,1,ready_for_road_matching,,needs_review,identity_reconciliation,4,0,4,0,0,authoritative_occurrence_identity_incomplete,,,false,route_review
63d2527c-3ab3-4cf1-8331-42244b6e88a7,eog--norris,Eog,NORRIS,Columbiana,West,false,true,true,true,1,0,ready_for_road_matching,,needs_review,identity_reconciliation,4,0,4,0,0,authoritative_occurrence_identity_incomplete,,,false,route_review
beb91e59-e69c-43cd-8332-45ad48047076,eog--old-oak-farms,Eog,OLD OAK FARMS,Jefferson,Salem,false,true,true,true,1,0,ready_for_road_matching,,needs_review,identity_reconciliation,8,0,8,0,0,authoritative_occurrence_identity_incomplete,,,false,route_review
39ddf03c-a7cb-4b14-8cf4-1c0e8aad925b,eog--olive,Eog,OLIVE,Noble,Olive,false,true,false,false,0,0,,,,,0,0,0,0,0,,,,false,route_prep_missing
cb9b6d6e-2ea7-4518-b63b-7221f6bc0b6a,eog--oliver-cr-mon,Eog,OLIVER CR MON,Carroll,Leesville,false,false,true,true,0,0,,,,,0,0,0,0,0,,,,false,route_prep_missing
a7001657-ab3f-45cb-b3cc-8fb3c65a781a,eog--osprey,Eog,OSPREY,,,false,true,false,false,0,0,,,,,0,0,0,0,0,,stale,pad_gps_or_route_revision_changed,false,route_prep_missing
cd67b54a-e704-4b11-82d4-f767b69e2c09,eog--ott,Eog,OTT,Carroll,Rose,false,false,true,true,0,0,,,,,0,0,0,0,0,,,,false,route_prep_missing
13fddc87-b72e-4f11-948b-a07b9954e6b3,eog--ourland,Eog,OURLAND,Harrison,Monroe,false,true,true,true,1,0,needs_highway_anchor,missing_explicit_highway_anchor|sequence_mostly_generic,needs_review,identity_reconciliation,2,0,2,0,0,route_prep_needs_highway_anchor|authoritative_occurrence_identity_incomplete,,,false,route_review
d09b37df-0565-4b1a-abb5-bbc0eeb1627e,eog--paige,Eog,PAIGE,Columbiana,Franklin,false,true,true,true,1,0,ready_for_road_matching,sequence_mostly_generic,needs_review,identity_reconciliation,2,0,2,0,0,authoritative_occurrence_identity_incomplete,,,false,route_review
c07df7fc-5918-422d-adb0-9a98f0714ade,eog--palmer,Eog,PALMER,Carroll,Loudon,false,false,true,true,0,0,,,,,0,0,0,0,0,,,,false,route_prep_missing
19b8efb6-d4a6-4d9c-84db-3a86a990181c,eog--parker,Eog,PARKER,Tuscarawas,Perry,false,true,true,true,1,0,ready_for_road_matching,,needs_review,identity_reconciliation,4,0,4,0,0,authoritative_occurrence_identity_incomplete,,,false,route_review
f7ebf5e0-c655-4dc6-8026-6376ad2d08fc,eog--paul-brown,Eog,PAUL BROWN,Carroll,Lee,false,true,true,true,1,0,ready_for_road_matching,,needs_review,identity_reconciliation,3,2,1,2,0,authoritative_occurrence_identity_incomplete,,,false,route_review
67d97bb2-7738-4d78-bcc9-ab618cfb31bb,eog--pearley,Eog,PEARLEY,Tusc,Perry,false,false,true,true,0,0,,,,,0,0,0,0,0,,,,false,route_prep_missing
fb8c33a2-b418-4182-81e1-7cf698ce7f50,eog--peckens,Eog,PECKENS,Jefferson,Salem,false,true,true,true,1,0,ready_for_road_matching,highway_not_first_road_step,needs_review,identity_reconciliation,4,0,4,0,0,authoritative_occurrence_identity_incomplete,,,false,route_review
04e1c7f8-fee9-4a11-a74d-9822555c4100,eog--pelegreen-farms,Eog,PELEGREEN-FARMS,Jefferson,Wayne,false,true,true,true,1,0,ready_for_road_matching,,needs_review,identity_reconciliation,3,0,3,0,0,authoritative_occurrence_identity_incomplete,,,false,route_review
135500db-693a-44c5-837c-69794c621d3b,eog--pelletier,Eog,PELLETIER,Jefferson,Salem,false,true,true,true,1,0,needs_sequence_cleanup,highway_not_first_road_step|narrative_text_in_sequence,needs_review,identity_reconciliation,8,0,8,0,0,route_prep_needs_sequence_cleanup|authoritative_occurrence_identity_incomplete,,,false,route_review
75427489-c68e-4f5b-bd57-f52b2c054413,eog--pickens,Eog,PICKENS,Harrison,German,false,true,true,true,1,0,ready_for_road_matching,,needs_review,identity_reconciliation,6,0,6,0,0,authoritative_occurrence_identity_incomplete,,,false,route_review
81d4e68b-682c-40db-aee6-7bd4ece21510,eog--pigeon-a,Eog,PIGEON A,Carroll,Augusta,false,false,true,true,0,0,,,,,0,0,0,0,0,,,,false,route_prep_missing
46a99ead-990a-4584-accd-d2fa03463245,eog--pitts,Eog,PITTS,Columbiana,Franklin,false,true,true,true,1,0,ready_for_road_matching,ambiguous_route_reference,needs_review,identity_reconciliation,5,0,5,0,0,authoritative_occurrence_identity_incomplete,,,false,route_review
302f5e2d-c574-4a9f-a650-3955b568d171,eog--poinsetta,Eog,POINSETTA,Carroll,Perry,false,true,true,true,1,0,ready_for_road_matching,,needs_review,identity_reconciliation,4,0,4,0,0,authoritative_occurrence_identity_incomplete,,,false,route_review
c89645dd-906d-44f1-bc16-0fffbe9f5e8a,eog--putnam,Eog,PUTNAM,Carroll,Union,false,false,true,true,0,0,,,,,0,0,0,0,0,,,,false,route_prep_missing
5f09b599-8720-4729-aa13-28fe07ebf5b9,eog--r-alan,Eog,R ALAN,Harrison,North,false,true,true,true,1,0,ready_for_road_matching,,needs_review,identity_reconciliation,4,0,4,0,0,authoritative_occurrence_identity_incomplete,,,false,route_review
0c57e68f-c364-4f96-90cd-c13ad5f7c03f,eog--r-kirk,Eog,R KIRK,Jefferson,Ross,false,true,true,true,1,0,ready_for_road_matching,,needs_review,identity_reconciliation,5,4,1,3,0,authoritative_occurrence_identity_incomplete,,,false,route_review
28fcb1bf-ba5f-4638-9f93-8fff086b8f81,eog--ray-hayley,Eog,RAY HAYLEY,Carroll,Perry,false,true,true,true,1,0,ready_for_road_matching,,needs_review,identity_reconciliation,3,0,3,0,0,authoritative_occurrence_identity_incomplete,,,false,route_review
9ae59669-205b-4445-ad27-6812dceb08e2,eog--rensi,Eog,RENSI,Harrison,Stock,false,true,true,true,1,0,ready_for_road_matching,,needs_review,identity_reconciliation,5,0,5,0,0,authoritative_occurrence_identity_incomplete,,,false,route_review
43be9385-0ba0-4967-8f32-1ed7a87001c7,eog--riffle-pad,Eog,RIFFLE PAD,Columbiana,Salem,false,false,true,true,0,0,,,,,0,0,0,0,0,,,,false,route_prep_missing
3da0eb5d-7c44-4303-a0ca-0bc1fdb1d231,eog--rogers,Eog,ROGERS,Harrison,North,false,true,true,true,1,0,ready_for_road_matching,,needs_review,identity_reconciliation,5,0,5,0,0,authoritative_occurrence_identity_incomplete,,,false,route_review
01eb24c9-9746-47a4-bac0-e1e153e3e520,eog--rogue,Eog,ROGUE,Harrison,Washington,false,true,true,true,1,0,needs_highway_anchor,ambiguous_route_reference,needs_review,identity_reconciliation,2,0,2,0,0,route_prep_needs_highway_anchor|authoritative_occurrence_identity_incomplete,,,false,route_review
a554095b-5dc0-4ff4-b836-3e4d31c71104,eog--rose,Eog,ROSE,Carroll,Rose,false,false,true,true,0,0,,,,,0,0,0,0,0,,,,false,route_prep_missing
34b981ce-d92f-405b-a995-11bf484d4937,eog--roy-d,Eog,ROY D,Columbiana,Salem,false,true,true,true,1,0,ready_for_road_matching,,needs_review,identity_reconciliation,3,0,3,0,0,authoritative_occurrence_identity_incomplete,,,false,route_review
736e2823-fdc5-4d31-98b1-0ca686dc2799,eog--ruby,Eog,RUBY,Harrison,Rumley,false,true,true,true,1,0,ready_for_road_matching,,needs_review,identity_reconciliation,4,0,4,0,0,authoritative_occurrence_identity_incomplete,,,false,route_review
f45e51a2-7145-4511-a7a9-c1abe8bacfae,eog--rutledge,Eog,RUTLEDGE,Carroll,Union,false,true,true,true,1,0,ready_for_road_matching,,needs_review,identity_reconciliation,6,5,1,5,0,authoritative_occurrence_identity_incomplete,,,false,route_review
4a9faaa2-1702-43dd-8991-1371b5f35e87,eog--s-farms,Eog,S FARMS,Carroll,East,false,false,true,true,0,0,,,,,0,0,0,0,0,,,,false,route_prep_missing
10a2814b-9a9b-48d8-990a-a63062950a17,eog--sable,Eog,SABLE,Noble,Brookville,false,false,true,true,0,0,,,,,0,0,0,0,0,,,,false,route_prep_missing
60c99f87-c358-44a5-b5dd-b189c2b788b1,eog--sadie,Eog,SADIE,Harrison,Archer,false,true,true,true,1,0,needs_sequence_reorder,ambiguous_route_reference,needs_review,identity_reconciliation,3,0,3,0,0,route_prep_needs_sequence_reorder|authoritative_occurrence_identity_incomplete,,,false,route_review
4e7a8e96-bd57-40d0-9080-4efcca668776,eog--sanor-farms,Eog,SANOR FARMS,Columbiana,Knox,false,true,true,true,1,0,needs_sequence_reorder,ambiguous_route_reference,needs_review,identity_reconciliation,4,0,4,0,0,route_prep_needs_sequence_reorder|authoritative_occurrence_identity_incomplete,,,false,route_review
276db283-63ed-4670-9776-d651e5f5b14a,eog--sauers,Eog,SAUERS,Carroll,Union,false,true,true,true,1,1,ready_for_road_matching,,needs_review,identity_reconciliation,3,0,3,0,0,authoritative_occurrence_identity_incomplete,,,false,route_review
32409b78-0641-424e-9928-112ee38cf171,eog--schiappa-trust-a,Eog,SCHIAPPA TRUST A,Jefferson,Island Creek,false,true,true,true,1,0,ready_for_road_matching,,needs_review,identity_reconciliation,4,0,4,0,0,authoritative_occurrence_identity_incomplete,,,false,route_review
2311c5e6-0913-4fb0-bd58-ab6d597e7599,eog--schiappa-trust-b,Eog,SCHIAPPA TRUST B,Jefferson,Island Creek,false,true,true,true,1,0,ready_for_road_matching,,needs_review,identity_reconciliation,2,0,2,0,0,authoritative_occurrence_identity_incomplete,,,false,route_review
8044e627-053f-4657-921e-4723234c4d49,eog--schmuck,Eog,SCHMUCK,Carroll,East,false,false,true,true,0,0,,,,,0,0,0,0,0,,,,false,route_prep_missing
71c8a033-c24c-4beb-942f-053a3cc4d07b,eog--schmuck-farms,Eog,SCHMUCK FARMS,Carroll,Washington,false,true,true,true,1,0,ready_for_road_matching,,needs_review,identity_reconciliation,4,3,1,3,0,authoritative_occurrence_identity_incomplete,,,false,route_review
28914dbc-75e1-4813-8336-ed7565c413b2,eog--scott,Eog,SCOTT,Carroll,Perry,false,true,true,true,1,0,needs_sequence_reorder,,needs_review,identity_reconciliation,6,0,6,0,0,route_prep_needs_sequence_reorder|authoritative_occurrence_identity_incomplete,,,false,route_review
15074e18-015e-4eeb-a266-a034015a34f5,eog--seifer,Eog,SEIFER,Harrison,Bowerston,false,true,true,true,1,0,ready_for_road_matching,,needs_review,identity_reconciliation,4,0,4,0,0,authoritative_occurrence_identity_incomplete,,,false,route_review
1da0fa52-dda7-43c8-8aeb-e575cb920ac1,eog--sevek,Eog,SEVEK,Columbiana,Washington,false,true,true,true,1,0,ready_for_road_matching,,needs_review,identity_reconciliation,4,0,4,0,0,authoritative_occurrence_identity_incomplete,,,false,route_review
ef2463f2-57ab-4aad-8318-1d70cd2a08e6,eog--shadow,Eog,SHADOW,Carroll,Malvern,false,true,true,true,1,0,ready_for_road_matching,ambiguous_route_reference,needs_review,identity_reconciliation,3,0,3,0,0,authoritative_occurrence_identity_incomplete,,,false,route_review
672bd51b-a70a-4514-8301-45cf317521f5,eog--shannon,Eog,SHANNON,Jefferson,Ross,false,true,true,true,1,0,ready_for_road_matching,ambiguous_route_reference,needs_review,exact_geometry,2,2,0,2,0,exact_occurrence_geometry_incomplete,,,false,route_review
4c868958-dcc4-4c7a-a50f-b5b7511ff62b,eog--sharon,Eog,SHARON,Noble,Sharon,false,true,false,false,0,0,,,,,0,0,0,0,0,,,,false,route_prep_missing
4d63a597-4a2b-441f-9cac-870f8f424676,eog--shaw,Eog,SHAW,Carroll,Center,false,true,true,true,1,0,ready_for_road_matching,sequence_mostly_generic,needs_review,identity_reconciliation,2,0,2,0,0,authoritative_occurrence_identity_incomplete,,,false,route_review
af4c34dd-e039-4b0a-a3f3-ad443a0c0a02,eog--shaw-properties,Eog,SHAW PROPERTIES,Carroll,Lee,false,true,true,true,1,0,needs_sequence_rebuild,not_enough_road_steps,needs_review,identity_reconciliation,1,0,1,0,0,route_prep_needs_sequence_rebuild|authoritative_occurrence_identity_incomplete,,,false,route_review
c9bad369-6eda-4ce8-9158-07db1b725de5,eog--shc-enterprise,Eog,SHC ENTERPRISE,Harrison,MONROE,false,true,true,true,1,0,ready_for_road_matching,,needs_review,identity_reconciliation,3,0,3,0,0,authoritative_occurrence_identity_incomplete,,,false,route_review
f4004aba-743a-460a-9748-1fdc1105c1e2,eog--shugert,Eog,SHUGERT,Guernsey,,false,false,true,true,0,0,,,,,0,0,0,0,0,,,,false,route_prep_missing
e2ef3c68-d3a6-43dd-817d-98db09dc4f6c,eog--shula,Eog,SHULA,Tuscarawas,Warren,false,false,false,false,0,0,,,,,0,0,0,0,0,,,,false,route_prep_missing
6c783683-eee6-4f90-9195-40b0c39f6d42,eog--shultz,Eog,SHULTZ,Jefferson,Ross,false,true,true,true,1,0,ready_for_road_matching,,needs_review,exact_geometry,3,3,0,3,2,exact_occurrence_geometry_incomplete,,,false,route_review
5d925d48-14ca-4d49-9c47-633177386b06,eog--slates,Eog,SLATES,Carroll,Loudon,false,true,true,true,1,0,needs_sequence_cleanup,narrative_text_in_sequence,needs_review,identity_reconciliation,5,0,5,0,0,route_prep_needs_sequence_cleanup|authoritative_occurrence_identity_incomplete,,,false,route_review
8d72ba9b-4fb0-40d0-9de9-6cd03509795b,eog--smeltz,Eog,SMELTZ,Carroll,Lee,false,false,true,true,0,0,,,,,0,0,0,0,0,,,,false,route_prep_missing
12a4073b-75ea-46f4-83a0-d032c0230fb4,eog--smith,Eog,SMITH,Harrison,Cadiz,false,true,true,true,1,0,needs_sequence_cleanup,highway_not_first_road_step|narrative_text_in_sequence,needs_review,identity_reconciliation,5,0,5,0,0,route_prep_needs_sequence_cleanup|authoritative_occurrence_identity_incomplete,,,false,route_review
6e3d92ae-6689-48fc-aac7-fe56893b93e9,eog--smith-nursery,Eog,SMITH NURSERY,Carroll,,false,false,true,true,0,0,,,,,0,0,0,0,0,,,,false,route_prep_missing
96fa2e95-0199-4bba-8c08-03d494712ca0,eog--snoddy,Eog,SNODDY,Carroll,Carrolton,false,true,true,true,1,0,needs_sequence_reorder,ambiguous_route_reference,needs_review,identity_reconciliation,2,0,2,0,0,route_prep_needs_sequence_reorder|authoritative_occurrence_identity_incomplete,,,false,route_review
5b41649f-6ee4-4350-b7d0-6ae9e6fc934b,eog--snyder,Eog,SNYDER,Carroll,Union,false,true,true,true,1,0,ready_for_road_matching,,needs_review,identity_reconciliation,3,2,1,2,0,authoritative_occurrence_identity_incomplete,,,false,route_review
dbc14b70-818e-4eac-810d-f0154ad26cb4,eog--sparkman,Eog,SPARKMAN,Guernsey,Center,false,true,true,true,1,1,ready_for_road_matching,,needs_review,identity_reconciliation,4,0,4,0,0,authoritative_occurrence_identity_incomplete,,,false,route_review
c8790657-769e-45e8-a437-2ef96c650d5c,eog--sproul-tc-rsh,Eog,SPROUL TC RSH,Tuscarawas,Rush,false,false,true,true,0,0,,,,,0,0,0,0,0,,,,false,route_prep_missing
4024f478-aa21-4c73-b1b6-b620a6a89729,eog--stalker,Eog,STALKER,,,false,false,true,true,0,0,,,,,0,0,0,0,0,,,,false,route_prep_missing
098b26d4-2857-4907-b0a0-5ca6cce1c2f7,eog--stanton,Eog,STANTON,Carroll,Lee,false,true,true,true,1,0,ready_for_road_matching,,needs_review,identity_reconciliation,3,2,1,2,0,authoritative_occurrence_identity_incomplete,,,false,route_review
7af5fdfc-09bd-40dc-bd31-71d5686e86e2,eog--starkey,Eog,STARKEY,Carroll,Fox,false,true,true,true,1,0,needs_sequence_cleanup,highway_not_first_road_step|narrative_text_in_sequence,needs_review,identity_reconciliation,4,0,4,0,0,route_prep_needs_sequence_cleanup|authoritative_occurrence_identity_incomplete,,,false,route_review
62225613-4406-4590-a3e2-c874a1848fcf,eog--stewart,Eog,STEWART,Harrison,Rumley,false,true,true,true,1,0,needs_sequence_reorder,highway_not_first_road_step,needs_review,identity_reconciliation,5,0,5,0,0,route_prep_needs_sequence_reorder|authoritative_occurrence_identity_incomplete,,,false,route_review
7ba348ef-19fb-483e-bd87-88acd89bccec,eog--stitt,Eog,STITT,Carroll,Union,false,false,true,true,0,0,,,,,0,0,0,0,0,,,,false,route_prep_missing
19e77846-621f-425d-a42f-d9a31e405f3f,eog--sto,Eog,STO,Harrison,Nottingham,false,false,true,true,0,0,,,,,0,0,0,0,0,,,,false,route_prep_missing
bf83c345-6c94-4e26-a504-beacc0fb662c,eog--stocker,Eog,STOCKER,Harrison,Monroe,false,true,true,true,1,0,ready_for_road_matching,,needs_review,identity_reconciliation,3,2,1,1,0,authoritative_occurrence_identity_incomplete,,,false,route_review
32ae4fee-5d01-4328-a646-6b896bcee170,eog--striped-bass,Eog,STRIPED BASS,Guernsey,Cambridge,false,true,true,true,1,1,ready_for_road_matching,,needs_review,identity_reconciliation,5,4,1,4,0,authoritative_occurrence_identity_incomplete,,,false,route_review
3ef517c7-c783-490c-878f-2a82ebc0c2cf,eog--stuart-henderson,Eog,STUART HENDERSON,Harrison,Stock,false,true,true,true,1,0,ready_for_road_matching,,needs_review,exact_geometry,3,3,0,3,2,exact_occurrence_geometry_incomplete,,,false,route_review
ac06297c-851b-4372-8e44-b7144b0de505,eog--sugert,Eog,SUGERT,Guernsey,,false,false,true,true,0,0,,,,,0,0,0,0,0,,,,false,route_prep_missing
c78d084a-53c0-4572-bc61-32e6d042ff24,eog--summitcrest,Eog,SUMMITCREST,Columbiana,Franklin,false,true,true,true,1,0,ready_for_road_matching,,needs_review,identity_reconciliation,3,2,1,2,0,authoritative_occurrence_identity_incomplete,,,false,route_review
a289405d-26c9-4411-91e9-5886a902b054,eog--sunfish,Eog,SUNFISH,Guernsey,Center,false,true,true,true,1,0,ready_for_road_matching,highway_not_first_road_step,needs_review,identity_reconciliation,4,0,4,0,0,authoritative_occurrence_identity_incomplete,,,false,route_review
0e88b3aa-54d1-4102-8fcd-598d6417d35b,eog--sunnybrook,Eog,SUNNYBROOK,Carroll,Loudon,false,false,true,true,0,0,,,,,0,0,0,0,0,,,,false,route_prep_missing
8d76ea1c-f755-4c37-8d37-aa28536e5c6b,eog--tanner,Eog,TANNER,Carroll,Lee,false,false,true,true,0,0,,,,,0,0,0,0,0,,,,false,route_prep_missing
64890868-ce5d-4b73-9eaa-4159959a2f94,eog--the-wright-way,Eog,THE WRIGHT WAY,Carroll,Brown,false,true,true,true,1,0,ready_for_road_matching,,needs_review,identity_reconciliation,3,2,1,2,0,authoritative_occurrence_identity_incomplete,,,false,route_review
2b4ed9cb-65a3-4fcf-af56-709c17faeb33,eog--timberwolf,Eog,TIMBERWOLF,Carroll,Brown,false,false,true,true,0,0,,,,,0,0,0,0,0,,,,false,route_prep_missing
468264ab-8413-4992-85fd-03881882585e,eog--toot,Eog,TOOT,Carroll,Monroe,false,true,true,true,1,1,ready_for_road_matching,ambiguous_route_reference,needs_review,identity_reconciliation,5,0,5,0,0,authoritative_occurrence_identity_incomplete,,,false,route_review
aa7d5eed-b34f-42d5-9c83-0e71b238951b,eog--towe-hn-mon,Eog,TOWE HN MON,Harrison,Monroe,false,true,true,true,1,0,needs_sequence_reorder,ambiguous_route_reference|highway_not_first_road_step,needs_review,identity_reconciliation,4,0,4,0,0,route_prep_needs_sequence_reorder|authoritative_occurrence_identity_incomplete,,,false,route_review
468bb4ce-4a51-49e8-a706-a7381ab3d6a6,eog--triplett,Eog,TRIPLETT,Harrison,Franklin,false,true,true,true,1,0,needs_highway_anchor,missing_explicit_highway_anchor,needs_review,identity_reconciliation,3,0,3,0,0,route_prep_needs_highway_anchor|authoritative_occurrence_identity_incomplete,,,false,route_review
0500e424-4439-4539-b309-913957e4b12a,eog--trushell,Eog,TRUSHELL,Harrison,North,false,true,true,true,1,1,ready_for_road_matching,,needs_review,identity_reconciliation,3,0,3,0,0,authoritative_occurrence_identity_incomplete,,,false,route_review
7a0de7aa-6b30-48e8-bc4d-462bb6a3fdbd,eog--tuckosh,Eog,TUCKOSH,Carroll,Loudon,false,false,true,true,0,0,,,,,0,0,0,0,0,,,,false,route_prep_missing
c9681e56-4560-4cae-81b2-cd4e342e17f5,eog--tygers,Eog,TYGERS,Guernsey,Valley,false,false,true,true,0,0,,,,,0,0,0,0,0,,,,false,route_prep_missing
5b3321cf-32f1-48ab-8baf-a02183c41167,eog--vahalik,Eog,VAHALIK,Jefferson,SPRINGFIELD,false,false,true,true,0,0,,,,,0,0,0,0,0,,,,false,route_prep_missing
ffb89f63-9109-48b9-ba4e-db1ffab39140,eog--valdinger,Eog,VALDINGER,Harrison,North,false,true,true,true,1,0,needs_sequence_reorder,ambiguous_route_reference|highway_not_first_road_step,needs_review,identity_reconciliation,4,0,4,0,0,route_prep_needs_sequence_reorder|authoritative_occurrence_identity_incomplete,,,false,route_review
eac890f8-dc11-4ec3-a83d-849ea0ca3e99,eog--vanfossen,Eog,VANFOSSEN,Carroll,Augusta,false,true,true,true,1,1,ready_for_road_matching,,needs_review,identity_reconciliation,3,2,1,2,0,authoritative_occurrence_identity_incomplete,,,false,route_review
ef13b855-a658-49de-a139-73e4e2af538a,eog--wagner,Eog,WAGNER,Harrison,Monroe,false,false,true,true,0,0,,,,,0,0,0,0,0,,,,false,route_prep_missing
4b355c0c-419c-4104-8d84-02ca6e8ae65a,eog--wagner-gy-gen,Eog,WAGNER GY GEN,Guernsey,Center,false,true,true,true,1,0,ready_for_road_matching,sequence_mostly_generic,needs_review,identity_reconciliation,2,0,2,0,0,authoritative_occurrence_identity_incomplete,,,false,route_review
33b04611-2619-4a4f-b3c2-eaca450c03df,eog--walker,Eog,WALKER,Carroll,London,false,true,true,true,1,0,ready_for_road_matching,,needs_review,identity_reconciliation,5,0,5,0,0,authoritative_occurrence_identity_incomplete,,,false,route_review
afcae886-b3a8-4547-b3f4-cb340b32564e,eog--walters,Eog,WALTERS,Carroll,,false,true,true,true,1,0,ready_for_road_matching,,needs_review,identity_reconciliation,4,3,1,3,0,authoritative_occurrence_identity_incomplete,,,false,route_review
ebc3ca81-0a59-484d-9b90-e2cf3b7cc29e,eog--watkins,Eog,WATKINS,Carroll,Carrollton,false,true,true,true,1,0,needs_highway_anchor,missing_explicit_highway_anchor,needs_review,identity_reconciliation,5,0,5,0,0,route_prep_needs_highway_anchor|authoritative_occurrence_identity_incomplete,,,false,route_review
91ad1546-5d1d-4058-855d-ad3f556ed163,eog--weaver,Eog,WEAVER,Columbiana,Salem,false,true,true,true,1,0,needs_sequence_rebuild,missing_explicit_highway_anchor|not_enough_road_steps|sequence_mostly_generic,needs_review,identity_reconciliation,1,0,1,0,0,route_prep_needs_sequence_rebuild|authoritative_occurrence_identity_incomplete,,,false,route_review
fef67634-a61a-4a3b-b1b0-6a2956a9a96c,eog--wehr-springs,Eog,WEHR SPRINGS,Mahoning,Ellsworth,false,false,true,true,0,0,,,,,0,0,0,0,0,,,,false,route_prep_missing
158b6e4a-2031-4efe-8f7b-debb629ed2bf,eog--wendell,Eog,WENDELL,Carroll,Orange,false,false,true,true,0,0,,,,,0,0,0,0,0,,,,false,route_prep_missing
6760e4cc-fe64-44f0-acb1-1a2b4e220eeb,eog--west,Eog,WEST,Carroll,Augusta,false,true,true,true,1,0,needs_gps_review,ambiguous_route_reference|gps_outside_expected_state|not_enough_road_steps,needs_review,google_manifest,0,0,0,0,0,route_prep_needs_gps_review|no_saved_road_occurrences|google_route_manifest_not_ready,,,false,route_review
2fe064f2-3e8a-44c5-9811-4463ede1161e,eog--whitacre,Eog,WHITACRE,Carroll,Brown,false,true,true,true,1,0,ready_for_road_matching,missing_explicit_highway_anchor,needs_review,identity_reconciliation,3,0,3,0,0,authoritative_occurrence_identity_incomplete,,,false,route_review
929a1a70-93e8-485f-bbb6-139ec5df40ee,eog--white,Eog,WHITE,Carroll,Lee,false,false,true,true,0,0,,,,,0,0,0,0,0,,,,false,route_prep_missing
5303307d-765b-4627-9171-e02d3419fcae,eog--white-rhino,Eog,WHITE-RHINO,Noble,Brookfield,false,false,true,true,0,0,,,,,0,0,0,0,0,,,,false,route_prep_missing
64cdead0-fddb-4bee-baa3-d2a6b4f6cdf6,eog--whitehill,Eog,WHITEHILL,Jefferson,Knox,false,true,true,true,1,0,needs_sequence_rebuild,not_enough_road_steps,needs_review,identity_reconciliation,1,0,1,0,0,route_prep_needs_sequence_rebuild|authoritative_occurrence_identity_incomplete,,,false,route_review
7560323c-916c-481c-8be9-3f823d7fac06,eog--wiandt,Eog,WIANDT,Carroll,Perry,false,true,true,true,1,0,ready_for_road_matching,,needs_review,identity_reconciliation,3,0,3,0,0,authoritative_occurrence_identity_incomplete,,,false,route_review
2951a9b4-ece3-4acc-9ed3-3cd972f5753c,eog--william-denoon,Eog,WILLIAM DENOON,Harrison,Stock,false,true,true,true,1,0,ready_for_road_matching,,needs_review,identity_reconciliation,3,0,3,0,0,authoritative_occurrence_identity_incomplete,,,false,route_review
0c931bc6-e89b-404e-b32f-0753874ca51c,eog--william-phillips,Eog,WILLIAM PHILLIPS,Harrison,North,false,true,true,true,1,0,ready_for_road_matching,,needs_review,identity_reconciliation,7,0,7,0,0,authoritative_occurrence_identity_incomplete,,,false,route_review
d6fc26ab-d0df-43a8-9b02-42562effcbe8,eog--williams-cr,Eog,WILLIAMS-CR,Carroll,Monroe,false,true,true,true,1,0,needs_sequence_rebuild,not_enough_road_steps,needs_review,identity_reconciliation,1,0,1,0,0,route_prep_needs_sequence_rebuild|authoritative_occurrence_identity_incomplete,,,false,route_review
b0d6db30-b35f-4fe0-b5ed-2ce6c02a36e8,eog--williamson,Eog,WILLIAMSON,Jefferson,SALEM,false,true,false,false,0,0,,,,,0,0,0,0,0,,stale,pad_gps_or_route_revision_changed,false,route_prep_missing
406143a0-14d8-49cb-a346-d2c9f09bc461,eog--windy-ridge,Eog,WINDY-RIDGE,Carroll,Orange,false,false,true,true,0,0,,,,,0,0,0,0,0,,,,false,route_prep_missing
ab58debb-3309-4462-bde6-283b10299dd5,eog--wolverine,Eog,WOLVERINE,Harrison,Freeport,false,true,false,false,0,0,,,,,0,0,0,0,0,,stale,pad_gps_or_route_revision_changed,false,route_prep_missing
26f585c2-1f5c-4f7b-a8f0-64dc68d06374,eog--woodland,Eog,WOODLAND,Carroll,Loudon,false,true,true,true,1,1,ready_for_road_matching,sequence_mostly_generic,needs_review,identity_reconciliation,2,0,2,0,0,authoritative_occurrence_identity_incomplete,,,false,route_review
50c6b96f-040d-4f7f-b895-7bb6624ed663,eog--wright,Eog,WRIGHT,Harrison,Stock,false,true,true,true,1,0,ready_for_road_matching,,needs_review,identity_reconciliation,4,0,4,0,0,authoritative_occurrence_identity_incomplete,,,false,route_review
cb552723-c18f-4437-9722-a0d65b4c0eff,eog--wunnenberg,Eog,WUNNENBERG,Harrison,Cadiz,false,true,true,true,1,1,needs_sequence_rebuild,not_enough_road_steps,needs_review,identity_reconciliation,1,0,1,0,0,route_prep_needs_sequence_rebuild|authoritative_occurrence_identity_incomplete,,,false,route_review
447459e8-4947-4d00-869d-644ceba0f743,eog--xavier,Eog,XAVIER,Harrison,Freeport,false,true,true,true,1,0,needs_sequence_rebuild,not_enough_road_steps,needs_review,identity_reconciliation,1,0,1,0,0,route_prep_needs_sequence_rebuild|authoritative_occurrence_identity_incomplete,,,false,route_review
a33ea0a1-ca9a-47a6-a15d-fdcad6bc3d42,eog--yockey,Eog,YOCKEY,Guernsey,Quaker,false,true,true,true,1,0,ready_for_road_matching,,needs_review,identity_reconciliation,2,0,2,0,0,authoritative_occurrence_identity_incomplete,,,false,route_review
32da0c01-1444-40dc-8c3b-e349f9a84d71,eog--yoder,Eog,YODER,Harrison,North,false,true,true,true,1,1,needs_highway_anchor,missing_explicit_highway_anchor|sequence_mostly_generic,needs_review,identity_reconciliation,2,0,2,0,0,route_prep_needs_highway_anchor|authoritative_occurrence_identity_incomplete,,,false,route_review
5988cb5f-3fb1-40d3-89b5-fd98b301716d,eqt--big-dawg,Eqt,BIG DAWG,Belmont,York,false,true,true,true,1,0,ready_for_road_matching,highway_not_first_road_step,needs_review,identity_reconciliation,6,0,6,0,0,authoritative_occurrence_identity_incomplete,,,false,route_review
ec687df6-bc92-48ea-bf68-28c28cae377d,eqt--big-tex,Eqt,BIG TEX,Belmont,Richland,false,true,true,true,1,0,ready_for_road_matching,,needs_review,identity_reconciliation,7,0,7,0,0,authoritative_occurrence_identity_incomplete,,,false,route_review
abca08a1-540d-485d-879e-746c5e07db60,eqt--bigfoot,Eqt,BIGFOOT,Belmont,Smith,false,true,true,true,1,0,ready_for_road_matching,,needs_review,identity_reconciliation,5,0,5,0,0,authoritative_occurrence_identity_incomplete,,,false,route_review
b8ff821b-880d-4b9f-82ba-94b175ab62a8,eqt--blue-thunder,Eqt,BLUE THUNDER,Belmont,Smith,false,true,true,true,1,0,ready_for_road_matching,,needs_review,identity_reconciliation,5,0,5,0,0,authoritative_occurrence_identity_incomplete,,,false,route_review
ac13e1f0-670c-4fd7-a28b-f0cbcabedc00,eqt--bounty-hunter,Eqt,BOUNTY HUNTER,Belmont,Goshen,false,true,true,true,1,0,ready_for_road_matching,,needs_review,identity_reconciliation,5,0,5,0,0,authoritative_occurrence_identity_incomplete,,,false,route_review
1de19980-a67d-485e-a408-ba8eca61ea21,eqt--del-scorcho,Eqt,DEL SCORCHO,Belmont,Goshen,false,true,true,true,1,0,ready_for_road_matching,,needs_review,identity_reconciliation,11,0,11,0,0,authoritative_occurrence_identity_incomplete,,,false,route_review
89fd6e52-9e2c-4ba5-b5fd-b02303f6fc86,eqt--dominator,Eqt,DOMINATOR,Belmont,Smith,false,true,true,true,1,0,ready_for_road_matching,,needs_review,identity_reconciliation,6,0,6,0,0,authoritative_occurrence_identity_incomplete,,,false,route_review
ccfb1d75-c0df-4afe-9d58-57b42bef0ef4,eqt--dr-awkward,Eqt,DR AWKWARD,Belmont,Goshen,false,false,true,true,0,0,,,,,0,0,0,0,0,,,,false,route_prep_missing
a5e5e3f2-b0ed-440b-9860-5aa27a5e1805,eqt--dragons-breath,Eqt,DRAGONS BREATH,Belmont,Goshen,false,true,true,true,1,1,ready_for_road_matching,ambiguous_route_reference,needs_review,identity_reconciliation,4,0,4,0,0,authoritative_occurrence_identity_incomplete,,,false,route_review
8aec1ce1-4473-4657-885f-dc8c8e1dd1bf,eqt--dream-weaver,Eqt,DREAM WEAVER,Belmont,York,false,true,true,true,1,0,ready_for_road_matching,,needs_review,identity_reconciliation,6,0,6,0,0,authoritative_occurrence_identity_incomplete,,,false,route_review
44c12b62-79cd-45ec-ae89-1ad40afbfd63,eqt--gold-digger,Eqt,GOLD DIGGER,Belmont,Richland,false,true,true,true,1,0,ready_for_road_matching,,needs_review,identity_reconciliation,3,0,3,0,0,authoritative_occurrence_identity_incomplete,,,false,route_review
40f883b9-90ac-475f-9f8d-286d930cb53d,eqt--goliath,Eqt,GOLIATH,Belmont,Goshen,false,true,true,true,1,0,ready_for_road_matching,,needs_review,identity_reconciliation,4,0,4,0,0,authoritative_occurrence_identity_incomplete,,,false,route_review
78137493-1eb4-4cc7-8830-b69eda6d56e2,eqt--haymaker,Eqt,HAYMAKER,Belmont,Goshen,false,true,true,true,1,0,needs_sequence_cleanup,too_many_road_steps,needs_review,identity_reconciliation,11,0,11,0,0,route_prep_needs_sequence_cleanup|authoritative_occurrence_identity_incomplete,,,false,route_review
85071a65-d440-4fba-be80-a9741ee83af0,eqt--iron-warrior,Eqt,IRON WARRIOR,Belmont,Goshen,false,true,true,true,1,0,ready_for_road_matching,,needs_review,identity_reconciliation,5,0,5,0,0,authoritative_occurrence_identity_incomplete,,,false,route_review
e36a1e0a-74e4-43eb-90c4-44df52dfee96,eqt--junkyard-dog,Eqt,JUNKYARD DOG,Belmont,Smith,false,true,true,true,1,0,ready_for_road_matching,highway_not_first_road_step,needs_review,identity_reconciliation,6,0,6,0,0,authoritative_occurrence_identity_incomplete,,,false,route_review
3d2fe8dc-d567-4c60-bdde-df6874681bba,eqt--king-krunch,Eqt,KING KRUNCH,Belmont,Smith,false,true,true,true,1,0,ready_for_road_matching,,needs_review,identity_reconciliation,5,0,5,0,0,authoritative_occurrence_identity_incomplete,,,false,route_review
fe5033ed-67bd-401d-b2ba-8781f49fd7a6,eqt--krazy-train,Eqt,KRAZY TRAIN,Belmont,Goshen,false,false,true,true,0,0,,,,,0,0,0,0,0,,,,false,route_prep_missing
59cced85-885b-43b7-93ec-edc8692cc48a,eqt--madusa,Eqt,MADUSA,Belmont,Goshen,false,true,true,true,1,0,ready_for_road_matching,ambiguous_route_reference,needs_review,identity_reconciliation,4,0,4,0,0,authoritative_occurrence_identity_incomplete,,,false,route_review
131f1b69-d33b-463d-ad30-6e6ce29daa0c,eqt--mohawk-warrior,Eqt,MOHAWK WARRIOR,Belmont,Smith,false,true,true,true,1,0,ready_for_road_matching,,needs_review,identity_reconciliation,7,0,7,0,0,authoritative_occurrence_identity_incomplete,,,false,route_review
8a3eac1b-b819-46fd-ab5f-7191fe697e44,eqt--monster-mutt,Eqt,MONSTER MUTT,Belmont,York,false,true,true,true,1,0,ready_for_road_matching,highway_not_first_road_step,needs_review,identity_reconciliation,2,0,2,0,0,authoritative_occurrence_identity_incomplete,,,false,route_review
27a64061-c236-4700-b288-2c200dffa81f,eqt--radcliff,Eqt,RADCLIFF,,,false,false,true,true,0,0,,,,,0,0,0,0,0,,,,false,route_prep_missing
e4812fc8-c5d0-4862-bb06-0ac48cd907bd,eqt--rammunition,Eqt,RAMMUNITION,Belmont,Smith,false,true,true,true,1,0,ready_for_road_matching,,needs_review,identity_reconciliation,3,0,3,0,0,authoritative_occurrence_identity_incomplete,,,false,route_review
d49bffd1-e06e-42da-a80c-946a4759c63c,eqt--razin-kane,Eqt,RAZIN KANE,Belmont,Goshen,false,false,true,true,0,0,,,,,0,0,0,0,0,,,,false,route_prep_missing
22bf0b55-c97f-41f0-a3ad-51708554c067,eqt--sergeant-smash,Eqt,SERGEANT SMASH,Belmont,Smith,false,true,true,true,1,0,ready_for_road_matching,,needs_review,identity_reconciliation,4,0,4,0,0,authoritative_occurrence_identity_incomplete,,,false,route_review
da2653df-3186-4552-8814-17899df96705,eqt--skyhawk,Eqt,SKYHAWK,Belmont,Richland,false,true,true,true,1,0,ready_for_road_matching,highway_not_first_road_step,needs_review,identity_reconciliation,5,0,5,0,0,authoritative_occurrence_identity_incomplete,,,false,route_review
d7b32eaa-e9fe-4152-a205-237ab916fb52,eqt--smashosaurus,Eqt,SMASHOSAURUS,Belmont,Mead,false,true,true,true,1,0,ready_for_road_matching,,needs_review,identity_reconciliation,6,0,6,0,0,authoritative_occurrence_identity_incomplete,,,false,route_review
908b742b-5f64-4838-b7e6-64bf977d31d7,eqt--son-uva-digger,Eqt,SON UVA DIGGER,Belmont,Smith,false,true,true,true,1,0,ready_for_road_matching,missing_explicit_highway_anchor|sequence_mostly_generic,needs_review,identity_reconciliation,2,0,2,0,0,authoritative_occurrence_identity_incomplete,,,false,route_review
50f7754d-e5d2-42c8-be74-29ce62df25ce,eqt--spitfire,Eqt,SPITFIRE,Belmont,York,false,true,true,true,1,0,ready_for_road_matching,highway_not_first_road_step,needs_review,identity_reconciliation,6,0,6,0,0,authoritative_occurrence_identity_incomplete,,,false,route_review
d0b2dff3-0006-45fb-93f9-a100a48368b8,eqt--taco-cat,Eqt,TACO-CAT,Belmont,Goshen,false,false,false,false,0,0,,,,,0,0,0,0,0,,,,false,route_prep_missing
7111bc46-a9f4-491b-b63f-341c11e7b47b,eqt--thrasher,Eqt,THRASHER,Belmont,Goshen,false,true,true,true,1,0,ready_for_road_matching,,needs_review,identity_reconciliation,5,0,5,0,0,authoritative_occurrence_identity_incomplete,,,false,route_review
316729ab-d014-4459-a9bd-d003724cebe9,eqt--thunderstruck,Eqt,THUNDERSTRUCK,Belmont,Goshen,false,true,true,true,1,0,ready_for_road_matching,,needs_review,identity_reconciliation,6,0,6,0,0,authoritative_occurrence_identity_incomplete,,,false,route_review
5aa939a1-66b6-45b5-bc8c-d910d9a50b6b,eqt--titan,Eqt,TITAN,Belmont,Smith,false,true,true,true,1,0,ready_for_road_matching,,needs_review,identity_reconciliation,4,0,4,0,0,authoritative_occurrence_identity_incomplete,,,false,route_review
e2462d11-5567-401a-8e67-84d3fff826be,eqt--tuna-nut,Eqt,TUNA NUT,Belmont,Goshen,false,true,true,true,1,0,ready_for_road_matching,highway_not_first_road_step,needs_review,identity_reconciliation,8,0,8,0,0,authoritative_occurrence_identity_incomplete,,,false,route_review
eca5795a-54f2-4685-8e55-55bf6535732c,eqt--walking-tall,Eqt,WALKING TALL,Belmont,Goshen,false,true,true,true,1,0,ready_for_road_matching,,needs_review,exact_geometry,2,2,0,2,1,exact_occurrence_geometry_incomplete,,,false,route_review
a800e282-b9a3-4c4a-9eee-7bb3e998133a,expand--mcfrederick-k-up-blt,Expand,MCFREDERICK K UP BLT,BELMONT,WAYNE,false,true,true,true,1,1,ready_for_road_matching,,needs_review,identity_reconciliation,4,0,4,0,0,authoritative_occurrence_identity_incomplete,,,false,route_review
b2b99004-1690-4efd-bd8d-de400b67cc34,expand--miller-pad,Expand,MILLER PAD,MONROE,GREEN,false,true,true,true,1,0,ready_for_road_matching,,needs_review,identity_reconciliation,3,0,3,0,0,authoritative_occurrence_identity_incomplete,,,false,route_review
b7968053-9103-4bb4-9ce7-6570276b51c8,fresh-water--cadiz-municipal-tap,Fresh Water,CADIZ MUNICIPAL TAP,Harrison,Cadiz,false,true,true,true,1,0,ready_for_road_matching,,needs_review,identity_reconciliation,5,0,5,0,0,authoritative_occurrence_identity_incomplete,,,false,route_review
ed0a73f7-b5d6-57e3-91d0-c63d3e203845,geopetro-llc--chimney,Geopetro-llc,CHIMNEY,Guernsey,Center,false,false,false,false,0,0,,,,,0,0,0,0,0,,,,false,route_prep_missing
0ad3244a-ce6f-5b21-a7e3-2017e3ecba36,grenadier--mayberry,Grenadier,MAYBERRY,,,false,true,false,false,0,0,,,,,0,0,0,0,0,,,,false,route_prep_missing
aebfd976-7c5f-5469-a0e0-2615df7b756a,grenadier--sylvester,Grenadier,SYLVESTER,Belmont,Warren,false,false,false,false,0,0,,,,,0,0,0,0,0,,,,false,route_prep_missing
e74868b6-71ae-4307-a5bb-3661a43998db,gulfport--alpha,Gulfport,ALPHA,Belmont,York,false,true,true,true,1,0,ready_for_road_matching,,needs_review,identity_reconciliation,4,0,4,0,0,authoritative_occurrence_identity_incomplete,,,false,route_review
20da66cb-3b54-4a27-8315-e8451efc5566,gulfport--amanda,Gulfport,AMANDA,Belmont,Somerset,false,true,true,true,1,0,ready_for_road_matching,ambiguous_route_reference,needs_review,identity_reconciliation,6,0,6,0,0,authoritative_occurrence_identity_incomplete,,,false,route_review
ee4afba9-8980-4a5b-a8f0-b6fd57a6c7a8,gulfport--angelo,Gulfport,ANGELO,Jefferson,Warren,false,true,true,true,1,0,needs_highway_anchor,missing_explicit_highway_anchor|sequence_mostly_generic,needs_review,identity_reconciliation,2,0,2,0,0,route_prep_needs_highway_anchor|authoritative_occurrence_identity_incomplete,,,false,route_review
d790822c-887f-4f6c-9f47-a274955c7179,gulfport--arnold,Gulfport,ARNOLD,Monroe,Sunsbury,false,true,true,true,1,0,ready_for_road_matching,,needs_review,identity_reconciliation,5,0,5,0,0,authoritative_occurrence_identity_incomplete,,,false,route_review
9a4a0773-61a4-40d7-951d-b81d142c3c73,gulfport--bahmer,Gulfport,BAHMER,Belmont,Somerset,false,true,true,true,1,0,ready_for_road_matching,,needs_review,identity_reconciliation,5,0,5,0,0,authoritative_occurrence_identity_incomplete,,,false,route_review
fa07ee58-3d0d-4f98-a823-920db300bca2,gulfport--barber-ridge,Gulfport,BARBER RIDGE,Monroe,Center,false,true,true,true,1,0,ready_for_road_matching,ambiguous_route_reference,needs_review,identity_reconciliation,2,0,2,0,0,authoritative_occurrence_identity_incomplete,,,false,route_review
4010e27a-58c4-44c2-9d94-a1d64ee1ddfa,gulfport--barton,Gulfport,BARTON,Belmont,Richland,false,true,true,true,1,1,ready_for_road_matching,,needs_review,identity_reconciliation,3,0,3,0,0,authoritative_occurrence_identity_incomplete,,,false,route_review
ee84de96-78a6-408f-90b1-2aa1048172ab,gulfport--bk-stephens,Gulfport,BK STEPHENS,Harrison,Moorefield,false,true,true,true,1,0,ready_for_road_matching,ambiguous_route_reference,needs_review,identity_reconciliation,1,0,1,0,0,authoritative_occurrence_identity_incomplete,,,false,route_review
a8f07bf9-b787-494b-a1a1-3d7b0e1d0081,gulfport--bolton,Gulfport,BOLTON,Belmont,Somerset,false,true,true,true,1,0,ready_for_road_matching,,needs_review,identity_reconciliation,6,0,6,0,0,authoritative_occurrence_identity_incomplete,,,false,route_review
b41bf014-81a3-4637-9926-63d144d992c4,gulfport--boyscout,Gulfport,BOYSCOUT,Harrison,Nottingham,false,false,true,true,0,0,,,,,0,0,0,0,0,,,,false,route_prep_missing
bc3532ac-50a0-4769-b2d0-90e248ecc72d,gulfport--brothers,Gulfport,BROTHERS,Belmont,Kirkwood,false,true,true,true,1,0,ready_for_road_matching,,needs_review,identity_reconciliation,5,0,5,0,0,authoritative_occurrence_identity_incomplete,,,false,route_review
7135790e-3e29-410c-87a2-0c35f4fc2da6,gulfport--brown,Gulfport,BROWN,Noble,Beaver,false,true,true,true,1,0,ready_for_road_matching,,needs_review,identity_reconciliation,6,0,6,0,0,authoritative_occurrence_identity_incomplete,,,false,route_review
526887c6-2fa8-44a2-98a9-f2363413eb40,gulfport--campbell,Gulfport,CAMPBELL,Monroe,Sunsbury,false,true,true,true,1,0,ready_for_road_matching,ambiguous_route_reference,needs_review,identity_reconciliation,4,0,4,0,0,authoritative_occurrence_identity_incomplete,,,false,route_review
610e61fe-befd-48c7-86ea-17219020c7d3,gulfport--cattle,Gulfport,CATTLE,Belmont,Warren,false,false,true,true,0,0,,,,,0,0,0,0,0,,,,false,route_prep_missing
4518609f-3442-4d19-acaf-d3f7a8531436,gulfport--charlie,Gulfport,CHARLIE,Belmont,York,false,false,true,true,0,0,,,,,0,0,0,0,0,,,,false,route_prep_missing
b4e5a528-b747-4a37-ae10-336b992dc998,gulfport--charlotte,Gulfport,CHARLOTTE,Belmont,Washington,false,true,true,true,1,0,ready_for_road_matching,,needs_review,exact_geometry,2,2,0,2,1,exact_occurrence_geometry_incomplete,,,false,route_review
25a21f84-1be4-4ef6-b64b-408720f6ca86,gulfport--clark,Gulfport,CLARK,Belmont,Somerset,false,true,true,true,1,0,ready_for_road_matching,,needs_review,identity_reconciliation,3,0,3,0,0,authoritative_occurrence_identity_incomplete,,,false,route_review
2110d649-f019-49c1-a13e-316bc0bd034b,gulfport--claugus,Gulfport,CLAUGUS,Monroe,Center,false,true,true,true,1,0,needs_highway_anchor,ambiguous_route_reference,needs_review,identity_reconciliation,4,0,4,0,0,route_prep_needs_highway_anchor|authoritative_occurrence_identity_incomplete,,,false,route_review
668dfa5f-6f3c-4aff-9d6f-2ade6581e71e,gulfport--clay,Gulfport,CLAY,Harrison,Freeport,false,true,true,true,1,0,ready_for_road_matching,ambiguous_route_reference,needs_review,identity_reconciliation,2,0,2,0,0,authoritative_occurrence_identity_incomplete,,,false,route_review
3dadb4a4-3ae8-4d05-bdfb-2c5fc1298a85,gulfport--conway,Gulfport,CONWAY,Belmont,Washington,false,true,true,true,1,0,ready_for_road_matching,,needs_review,identity_reconciliation,5,0,5,0,0,authoritative_occurrence_identity_incomplete,,,false,route_review
18447cef-47d0-4a5a-8995-1ed5c21a7c6a,gulfport--darla,Gulfport,DARLA,Harrison,Athens,false,false,true,true,0,0,,,,,0,0,0,0,0,,,,false,route_prep_missing
b695e2be-e477-4821-a03b-b938b4557cc3,gulfport--davidson,Gulfport,DAVIDSON,Harrison,Moorefield,false,true,true,true,1,0,ready_for_road_matching,ambiguous_route_reference,needs_review,identity_reconciliation,5,0,5,0,0,authoritative_occurrence_identity_incomplete,,,false,route_review
15c6851a-3c80-57dd-b5b2-e628dd0b3a8f,gulfport--dilles-bottom,Gulfport,DILLES BOTTOM,Belmont,Mead,false,true,false,false,0,0,,,,,0,0,0,0,0,,,,false,route_prep_missing
a5127361-abab-4c13-8b9c-1cc65d740f9d,gulfport--donato,Gulfport,DONATO,Monroe,Washington,false,true,true,true,1,0,needs_sequence_reorder,ambiguous_route_reference|highway_not_first_road_step,needs_review,identity_reconciliation,3,3,0,2,0,route_prep_needs_sequence_reorder,,,false,route_review
641fcf61-5474-4ec1-bdde-7cb2ab6c6e67,gulfport--dornon,Gulfport,DORNON,Belmont,Smith,false,true,true,true,1,0,ready_for_road_matching,highway_not_first_road_step,needs_review,identity_reconciliation,4,3,1,3,0,authoritative_occurrence_identity_incomplete,,,false,route_review
729da7f1-3dc2-4ebc-9b61-2257147ba713,gulfport--dorsey,Gulfport,DORSEY,Belmont,Richland,false,true,true,true,1,0,needs_sequence_reorder,ambiguous_route_reference,needs_review,identity_reconciliation,4,0,4,0,0,route_prep_needs_sequence_reorder|authoritative_occurrence_identity_incomplete,,,false,route_review
c644d9c3-9a45-453d-ba03-3c0aff406edd,gulfport--duvall,Gulfport,DUVALL,Belmont,Somerset,false,true,true,true,1,0,ready_for_road_matching,,needs_review,identity_reconciliation,4,0,4,0,0,authoritative_occurrence_identity_incomplete,,,false,route_review
40fa35f8-1faa-43f1-a6fa-f0d3a8a4abac,gulfport--eagle-creek,Gulfport,EAGLE CREEK,Belmont,Union,false,true,true,true,1,0,ready_for_road_matching,,needs_review,identity_reconciliation,4,0,4,0,0,authoritative_occurrence_identity_incomplete,,,false,route_review
a19d2b80-00d0-4077-bea3-5ee3f4e498eb,gulfport--edge,Gulfport,EDGE,Belmont,Washington,false,true,true,true,1,0,ready_for_road_matching,,needs_review,identity_reconciliation,5,0,5,0,0,authoritative_occurrence_identity_incomplete,,,false,route_review
45cf7898-9723-4aee-9da9-47a35653c483,gulfport--evans,Gulfport,EVANS,Belmont,Flushing,false,false,true,true,0,0,,,,,0,0,0,0,0,,,,false,route_prep_missing
c16954df-a49d-4938-bb47-f20cde633382,gulfport--extreme,Gulfport,EXTREME,Jefferson,Warren,false,true,true,true,1,0,needs_sequence_reorder,ambiguous_route_reference|highway_not_first_road_step,needs_review,identity_reconciliation,4,0,4,0,0,route_prep_needs_sequence_reorder|authoritative_occurrence_identity_incomplete,,,false,route_review
b97864e6-f9f9-4d87-a9ca-a7ad9f9de612,gulfport--family,Gulfport,FAMILY,Belmont,Union,false,true,true,true,1,0,ready_for_road_matching,,needs_review,identity_reconciliation,3,0,3,0,0,authoritative_occurrence_identity_incomplete,,,false,route_review
d4d1289b-5c94-4d74-ad74-6ce3e35ee497,gulfport--fankhauser,Gulfport,FANKHAUSER,Belmont,Washington,false,false,true,true,0,0,,,,,0,0,0,0,0,,,,false,route_prep_missing
9c3f3019-eb1f-4633-bcc5-e8c4c17fa417,gulfport--faye,Gulfport,FAYE,Belmont,Wayne,false,true,true,true,1,0,needs_sequence_reorder,,needs_review,identity_reconciliation,3,0,3,0,0,route_prep_needs_sequence_reorder|authoritative_occurrence_identity_incomplete,,,false,route_review
688c56c5-5533-4bf2-afda-5568b25ab99c,gulfport--followay,Gulfport,FOLLOWAY,Monroe,Sunsbury,false,false,true,true,0,0,,,,,0,0,0,0,0,,,,false,route_prep_missing
304b5fae-abdd-4aa0-ba5e-c5024cea9dea,gulfport--francis,Gulfport,FRANCIS,Belmont,Somerset,false,false,true,true,0,0,,,,,0,0,0,0,0,,,,false,route_prep_missing
2373c25a-818a-4c6d-a7e1-26c6db7fbacd,gulfport--fruend,Gulfport,FRUEND,Belmont,Pease,false,true,true,true,1,0,ready_for_road_matching,,needs_review,identity_reconciliation,4,0,4,0,0,authoritative_occurrence_identity_incomplete,,,false,route_review
c93d1e84-7be1-44eb-82f5-b03c89af952e,gulfport--gary,Gulfport,GARY,Monroe,Sunsbury,false,false,true,true,0,0,,,,,0,0,0,0,0,,,,false,route_prep_missing
2d7ad0f5-bf27-4188-a218-876103a0af47,gulfport--gary-greene,Gulfport,GARY GREENE,Monroe,,false,false,true,true,0,0,,,,,0,0,0,0,0,,,,false,route_prep_missing
6f9d5977-b3ad-4dbe-959d-ecc03541163a,gulfport--gehrig,Gulfport,GEHRIG,Monroe,Center,false,true,true,true,1,0,needs_sequence_rebuild,ambiguous_route_reference|not_enough_road_steps,needs_review,google_manifest,0,0,0,0,0,route_prep_needs_sequence_rebuild|no_saved_road_occurrences|google_route_manifest_not_ready,,,false,route_review
e775c969-a41f-43da-bd2c-b003afbeba18,gulfport--george,Gulfport,GEORGE,Belmont,Washington,false,true,true,true,1,0,ready_for_road_matching,,needs_review,identity_reconciliation,5,0,5,0,0,authoritative_occurrence_identity_incomplete,,,false,route_review
93f3ef4e-6745-4b9a-bd7b-9387d06f3233,gulfport--groh,Gulfport,GROH,Guernsey,Madison,false,true,true,true,1,0,ready_for_road_matching,,needs_review,identity_reconciliation,3,0,3,0,0,authoritative_occurrence_identity_incomplete,,,false,route_review
746ff018-6698-46c8-bf09-0de9aab68113,gulfport--gustina-bear,Gulfport,GUSTINA BEAR,Harrison,Moorefield,false,true,true,true,1,0,ready_for_road_matching,ambiguous_route_reference,needs_review,identity_reconciliation,2,0,2,0,0,authoritative_occurrence_identity_incomplete,,,false,route_review
1aebdd75-2337-452b-88c9-bb01a3d0ec49,gulfport--hartley,Gulfport,HARTLEY,Belmont,Mead,false,true,true,true,1,0,ready_for_road_matching,ambiguous_route_reference,needs_review,identity_reconciliation,5,0,5,0,0,authoritative_occurrence_identity_incomplete,,,false,route_review
04206c4a-6df0-47b9-ac3b-2d004f2021ba,gulfport--harvey,Gulfport,HARVEY,Monroe,Sunsbury,false,true,true,true,0,0,,,,,0,0,0,0,0,,held,issue97_cutover_not_active,false,route_prep_missing
565f1c86-b185-4b36-bb57-87c3f36898f6,gulfport--hayes,Gulfport,HAYES,Belmont,Kirkwood,false,true,true,true,1,0,ready_for_road_matching,,needs_review,identity_reconciliation,2,0,2,0,0,authoritative_occurrence_identity_incomplete,,,false,route_review
dfa6bb7e-3e26-4ec7-a45b-e88dc2ef39f8,gulfport--hendershot,Gulfport,HENDERSHOT,Belmont,York,false,false,true,true,0,0,,,,,0,0,0,0,0,,,,false,route_prep_missing
aaea7674-d530-4e81-a9c6-141b6cef98bc,gulfport--hogston,Gulfport,HOGSTON,Belmont,Washington,false,true,true,true,1,1,ready_for_road_matching,,needs_review,identity_reconciliation,4,0,4,0,0,authoritative_occurrence_identity_incomplete,,,false,route_review
b1741389-5b4c-408e-9980-9f79cda78718,gulfport--horsemill,Gulfport,HORSEMILL,Belmont,Mead,false,true,true,true,1,1,ready_for_road_matching,,needs_review,exact_geometry,2,2,0,2,1,exact_occurrence_geometry_incomplete,,,false,route_review
ea92a82c-177e-4e61-84e9-3afe5453a71b,gulfport--horseshoe,Gulfport,HORSESHOE,Belmont,Washington,false,false,true,true,0,0,,,,,0,0,0,0,0,,,,false,route_prep_missing
4cc71e56-ef3b-42ae-9f12-5f1b171703f7,gulfport--howell,Gulfport,HOWELL,Monroe,Adams,false,true,true,true,1,0,needs_sequence_reorder,ambiguous_route_reference,needs_review,identity_reconciliation,4,0,4,0,0,route_prep_needs_sequence_reorder|authoritative_occurrence_identity_incomplete,,,false,route_review
6fd0353a-b39c-40ca-8801-14d288a82b98,gulfport--inherst,Gulfport,INHERST,Belmont,Somerset,false,true,true,true,1,0,ready_for_road_matching,ambiguous_route_reference,needs_review,identity_reconciliation,6,0,6,0,0,authoritative_occurrence_identity_incomplete,,,false,route_review
dd32ca2e-92d0-4e0f-ae28-e351ad2fba0a,gulfport--irons,Gulfport,IRONS,Belmont,Washington,false,true,true,true,1,0,ready_for_road_matching,,needs_review,identity_reconciliation,4,0,4,0,0,authoritative_occurrence_identity_incomplete,,,false,route_review
bb3c7854-090a-4a72-8df6-35e97f170120,gulfport--jac,Gulfport,JAC,Belmont,,false,false,true,true,0,0,,,,,0,0,0,0,0,,,,false,route_prep_missing
55e62e5f-6a47-4660-b3ca-ede757fea834,gulfport--jacobs,Gulfport,JACOBS,Monroe,Washington,false,false,true,true,0,0,,,,,0,0,0,0,0,,,,false,route_prep_missing
ded3a0a8-c9a6-4abc-9273-d187557d86c5,gulfport--jade,Gulfport,JADE,Belmont,Kirkwood,false,false,true,true,0,0,,,,,0,0,0,0,0,,,,false,route_prep_missing
9447aa3a-d47f-46c0-b51f-e6d84cf839ac,gulfport--john,Gulfport,JOHN,Belmont,Somerset,false,false,true,true,0,0,,,,,0,0,0,0,0,,,,false,route_prep_missing
f27ab3db-18e6-4ea9-89b9-926d7f57e103,gulfport--jones,Gulfport,JONES,Monroe,Center,false,true,true,true,1,0,ready_for_road_matching,ambiguous_route_reference,needs_review,identity_reconciliation,6,0,6,0,0,authoritative_occurrence_identity_incomplete,,,false,route_review
42521b9e-2e1b-42b0-89dd-89a84ae3b05d,gulfport--kage,Gulfport,KAGE,Harrison,Washington,false,true,true,true,1,0,needs_sequence_reorder,ambiguous_route_reference|highway_not_first_road_step,needs_review,identity_reconciliation,2,0,2,0,0,route_prep_needs_sequence_reorder|authoritative_occurrence_identity_incomplete,,,false,route_review
843e411a-28bc-4201-be6a-328731ab4bad,gulfport--karen,Gulfport,KAREN,Guernsey,Oxford,false,true,true,true,1,0,ready_for_road_matching,,needs_review,identity_reconciliation,4,0,4,0,0,authoritative_occurrence_identity_incomplete,,,false,route_review
7953c360-cc58-4d26-9268-f54f6b982f62,gulfport--kilburn,Gulfport,KILBURN,Monroe,Summit,false,true,true,true,1,0,needs_sequence_reorder,ambiguous_route_reference,needs_review,identity_reconciliation,4,0,4,0,0,route_prep_needs_sequence_reorder|authoritative_occurrence_identity_incomplete,,,false,route_review
13e18e83-bf8d-43d7-a393-291ee5223c91,gulfport--kinyo,Gulfport,KINYO,Jefferson,Warren,false,false,true,true,0,0,,,,,0,0,0,0,0,,,,false,route_prep_missing
c8e83b4b-410b-4225-9c5b-04d2fa48c209,gulfport--krupa,Gulfport,KRUPA,Belmont,Mead,false,true,true,true,1,1,ready_for_road_matching,,needs_review,identity_reconciliation,3,0,3,0,0,authoritative_occurrence_identity_incomplete,,,false,route_review
6d14585f-7b1e-4e2f-9c3a-81cf3d49cbb4,gulfport--lake-vio,Gulfport,LAKE-VIO,Harrison,Nottingham,false,false,true,true,0,0,,,,,0,0,0,0,0,,,,false,route_prep_missing
fbf5c528-1cc6-4bc2-8a56-619a048a05de,gulfport--lance,Gulfport,LANCE,Belmont,Pease,false,true,true,true,1,0,ready_for_road_matching,,needs_review,identity_reconciliation,5,0,5,0,0,authoritative_occurrence_identity_incomplete,,,false,route_review
ee3711cd-fe15-4dc3-b058-ba4d02130f56,gulfport--lepley,Gulfport,LEPLEY,Belmont,Somerset,false,false,true,true,0,0,,,,,0,0,0,0,0,,,,false,route_prep_missing
b31cfb7e-2d62-46cf-b244-a68ac6d75c40,gulfport--limestone,Gulfport,LIMESTONE,Jefferson,Wells,false,true,true,true,1,0,needs_highway_anchor,missing_explicit_highway_anchor,needs_review,identity_reconciliation,3,0,3,0,0,route_prep_needs_highway_anchor|authoritative_occurrence_identity_incomplete,,,false,route_review
561045de-57ae-468c-bc02-8bc08ef576ed,gulfport--lorna,Gulfport,LORNA,Belmont,Washington,false,false,true,true,0,0,,,,,0,0,0,0,0,,,,false,route_prep_missing
62a7ccd2-7e0b-44fc-acf0-f6e7236f413b,gulfport--luyster,Gulfport,LUYSTER,Harrison,Nottingham,false,false,true,true,0,0,,,,,0,0,0,0,0,,,,false,route_prep_missing
5884347d-27c6-4846-a360-9b89dd9b664d,gulfport--lyon,Gulfport,LYON,Harrison,Washington,false,false,true,true,0,0,,,,,0,0,0,0,0,,,,false,route_prep_missing
d3bfa015-48ae-4415-90b7-f4f2aad3e43c,gulfport--mccort,Gulfport,MCCORT,Belmont,Somerset,false,false,true,true,0,0,,,,,0,0,0,0,0,,,,false,route_prep_missing
95dc83f9-4266-42ac-ac9e-ac95c776bf52,gulfport--mckeegan,Gulfport,MCKEEGAN,Belmont,Pease,false,true,true,true,1,0,needs_highway_anchor,missing_explicit_highway_anchor,needs_review,identity_reconciliation,4,0,4,0,0,route_prep_needs_highway_anchor|authoritative_occurrence_identity_incomplete,,,false,route_review
28753c43-fe93-4f96-b2bb-b5bfc2bb07e2,gulfport--mclaughlin,Gulfport,MCLAUGHLIN,Belmont,Somerset,false,true,true,true,1,0,ready_for_road_matching,ambiguous_route_reference,needs_review,identity_reconciliation,7,0,7,0,0,authoritative_occurrence_identity_incomplete,,,false,route_review
58db6123-8c1d-46c7-b222-c548a64f706c,gulfport--michael,Gulfport,MICHAEL,Harrison,Moorefield,false,false,true,true,0,0,,,,,0,0,0,0,0,,,,false,route_prep_missing
bcbb2cb5-daf1-48c2-9331-5a2b04a25e05,gulfport--miklovic,Gulfport,MIKLOVIC,Belmont,Flushing,false,true,true,true,1,0,needs_sequence_reorder,,needs_review,identity_reconciliation,3,0,3,0,0,route_prep_needs_sequence_reorder|authoritative_occurrence_identity_incomplete,,,false,route_review
02537d09-8426-4863-8449-7d8d5cab66a1,gulfport--milburn,Gulfport,MILBURN,,,false,false,false,false,0,0,,,,,0,0,0,0,0,,,,false,route_prep_missing
0724bd18-311c-45e0-b65b-ff6f1350cae0,gulfport--miller,Gulfport,MILLER,Guernsey,Londonderry,false,true,true,true,1,1,ready_for_road_matching,,needs_review,identity_reconciliation,3,0,3,0,0,authoritative_occurrence_identity_incomplete,,,false,route_review
826a455d-86f0-4939-94ec-6f8cf90a972a,gulfport--milliken,Gulfport,MILLIKEN,Harrison,Freeport,false,false,true,true,0,0,,,,,0,0,0,0,0,,,,false,route_prep_missing
4fac81a6-8bad-4fbe-bcc7-451041d29a19,gulfport--morris,Gulfport,MORRIS,Monroe,Center,false,true,true,true,1,0,ready_for_road_matching,,needs_review,identity_reconciliation,4,3,1,1,0,authoritative_occurrence_identity_incomplete,,,false,route_review
7b4d7efc-be38-462f-921e-742f0ba22808,gulfport--neal,Gulfport,NEAL,Belmont,Wayne,false,true,true,true,1,0,ready_for_road_matching,ambiguous_route_reference,needs_review,identity_reconciliation,3,2,1,2,0,authoritative_occurrence_identity_incomplete,,,false,route_review
46b37a4d-31a8-4b79-92e6-5132db68b01a,gulfport--norma,Gulfport,NORMA,Belmont,Somerset,false,false,true,true,0,0,,,,,0,0,0,0,0,,,,false,route_prep_missing
936e5876-1ed6-4dd1-8699-14f30f43add1,gulfport--orc,Gulfport,ORC,Belmont,Richland,false,true,true,true,1,0,ready_for_road_matching,sequence_mostly_generic,needs_review,identity_reconciliation,2,0,2,0,0,authoritative_occurrence_identity_incomplete,,,false,route_review
d52dd7a8-613a-452c-8f0a-c7512f610446,gulfport--paulus,Gulfport,PAULUS,Monroe,Center,false,true,true,true,1,0,ready_for_road_matching,sequence_mostly_generic,needs_review,identity_reconciliation,2,0,2,0,0,authoritative_occurrence_identity_incomplete,,,false,route_review
2390caac-5551-4741-8b0e-c467355305b7,gulfport--perkins,Gulfport,PERKINS,Belmont,Wayne,false,true,true,true,1,0,ready_for_road_matching,,needs_review,identity_reconciliation,4,0,4,0,0,authoritative_occurrence_identity_incomplete,,,false,route_review
c3d62ced-cbb0-497b-a54c-16de33029b52,gulfport--phillips,Gulfport,PHILLIPS,Belmont,Wayne,false,false,true,true,0,0,,,,,0,0,0,0,0,,,,false,route_prep_missing
9e7775d3-3e33-44d6-91b1-b58f51eb2adb,gulfport--potter,Gulfport,POTTER,Monroe,Center,false,false,true,true,0,0,,,,,0,0,0,0,0,,,,false,route_prep_missing
e40460bf-e491-4629-b79a-fa1395fca0e8,gulfport--puskarich,Gulfport,PUSKARICH,Harrison,Moorefield,false,true,true,true,1,0,ready_for_road_matching,,needs_review,identity_reconciliation,4,0,4,0,0,authoritative_occurrence_identity_incomplete,,,false,route_review
4bae5445-7954-478d-b934-882ca3190c1b,gulfport--ridgetop,Gulfport,RIDGETOP,Belmont,Pease,false,true,true,true,1,0,needs_sequence_reorder,highway_not_first_road_step,needs_review,identity_reconciliation,6,0,6,0,0,route_prep_needs_sequence_reorder|authoritative_occurrence_identity_incomplete,,,false,route_review
0c824345-e80d-4c41-8ddb-c9d606c36a22,gulfport--ripley,Gulfport,RIPLEY,Guernsey,Londonderry,false,true,true,true,1,1,ready_for_road_matching,,needs_review,identity_reconciliation,4,0,4,0,0,authoritative_occurrence_identity_incomplete,,,false,route_review
e25540e6-a676-4cd9-a70c-d4395d84989f,gulfport--robert,Gulfport,ROBERT,Monroe,Center Na,false,true,true,true,1,0,ready_for_road_matching,,needs_review,identity_reconciliation,6,0,6,0,0,authoritative_occurrence_identity_incomplete,,,false,route_review
e9253cdf-6f57-401c-aa02-f235b9ad55c9,gulfport--robinette,Gulfport,ROBINETTE,Monroe,Sunsbury,false,true,true,true,1,0,ready_for_road_matching,,needs_review,identity_reconciliation,3,0,3,0,0,authoritative_occurrence_identity_incomplete,,,false,route_review
2e2c7db6-99fb-4007-a971-fdac8ee51240,gulfport--roger-brown,Gulfport,ROGER BROWN,Monroe,Wayne,false,false,true,true,0,0,,,,,0,0,0,0,0,,,,false,route_prep_missing
6f83d8f7-a6a8-4958-b691-2bddc92a7003,gulfport--routh,Gulfport,ROUTH,Monroe,Sunsbury,false,true,true,true,1,1,ready_for_road_matching,,needs_review,identity_reconciliation,3,2,1,1,0,authoritative_occurrence_identity_incomplete,,,false,route_review
45f9a77c-7353-4686-bd98-dfd16e992ffd,gulfport--ryser,Gulfport,RYSER,Harrison,Moorefield,false,true,true,true,1,0,ready_for_road_matching,ambiguous_route_reference,needs_review,identity_reconciliation,3,0,3,0,0,authoritative_occurrence_identity_incomplete,,,false,route_review
1facdf1e-ebe8-427a-b576-6947b400e4ee,gulfport--safreed,Gulfport,SAFREED,Monroe,Miltonsburg,false,true,true,true,1,0,ready_for_road_matching,,needs_review,exact_geometry,2,2,0,2,1,exact_occurrence_geometry_incomplete,,,false,route_review
bfc73a28-25d8-45c0-94e2-cb9155650fcc,gulfport--sandra,Gulfport,SANDRA,Belmont,Union,false,false,true,true,0,0,,,,,0,0,0,0,0,,,,false,route_prep_missing
94645b32-d87d-4b90-9613-53b5428f3e84,gulfport--schubert,Gulfport,SCHUBERT,Jefferson,Warren,false,true,true,true,1,0,ready_for_road_matching,,needs_review,identity_reconciliation,3,0,3,0,0,authoritative_occurrence_identity_incomplete,,,false,route_review
94baea04-ebc6-4005-a850-f626a180a6d8,gulfport--schumacher,Gulfport,SCHUMACHER,Monroe,Center,false,true,true,true,1,0,needs_sequence_reorder,ambiguous_route_reference|highway_not_first_road_step,needs_review,identity_reconciliation,4,0,4,0,0,route_prep_needs_sequence_reorder|authoritative_occurrence_identity_incomplete,,,false,route_review
a8988a8b-0686-4847-97cf-e76682faf086,gulfport--shannon,Gulfport,SHANNON,Belmont,York,false,false,true,true,0,0,,,,,0,0,0,0,0,,,,false,route_prep_missing
381501f6-a61b-4c45-af00-5546e8d93055,gulfport--shimble,Gulfport,SHIMBLE,Belmont,Pultney,false,true,true,true,1,1,ready_for_road_matching,ambiguous_route_reference,needs_review,identity_reconciliation,4,0,4,0,0,authoritative_occurrence_identity_incomplete,,,false,route_review
c797ba28-01d6-4e0e-96b7-4c960658313b,gulfport--shriver,Gulfport,SHRIVER,Monroe,Sunsbury,false,false,true,true,0,0,,,,,0,0,0,0,0,,,,false,route_prep_missing
113271a8-a4e9-4dec-9cb6-9e7719b4ecf5,gulfport--shugert-1,Gulfport,SHUGERT 1,Belmont,Kirkwood,false,true,true,true,1,0,needs_sequence_cleanup,narrative_text_in_sequence,needs_review,identity_reconciliation,3,0,3,0,0,route_prep_needs_sequence_cleanup|authoritative_occurrence_identity_incomplete,,,false,route_review
a498d0ab-9770-44ab-9876-963b2311d28d,gulfport--shugert-12,Gulfport,SHUGERT 12,Belmont,Warren,false,true,true,true,1,0,needs_sequence_cleanup,narrative_text_in_sequence,needs_review,identity_reconciliation,5,0,5,0,0,route_prep_needs_sequence_cleanup|authoritative_occurrence_identity_incomplete,,,false,route_review
016abd63-df0b-419e-9607-e7d7ab1be7b7,gulfport--snodgrass,Gulfport,SNODGRASS,Belmont,Richland,false,true,true,true,1,0,needs_highway_anchor,ambiguous_route_reference,needs_review,identity_reconciliation,3,0,3,0,0,route_prep_needs_highway_anchor|authoritative_occurrence_identity_incomplete,,,false,route_review
706473d0-a70a-4495-9753-6195d1fd78b5,gulfport--sproul,Gulfport,SPROUL,Tusc,Rush,false,false,true,true,0,0,,,,,0,0,0,0,0,,,,false,route_prep_missing
4720a30e-0de0-4e49-8407-651c345b9f92,gulfport--starr,Gulfport,STARR,Belmont,Somerset,false,true,true,true,0,0,,,,,0,0,0,0,0,,stale,pad_gps_or_route_revision_changed,false,route_prep_missing
18c9b312-9610-4055-a77b-b2f6c339074f,gulfport--starvaggi,Gulfport,STARVAGGI,Belmont,Pease,false,true,true,true,1,0,ready_for_road_matching,sequence_mostly_generic,needs_review,identity_reconciliation,2,0,2,0,0,authoritative_occurrence_identity_incomplete,,,false,route_review
f30f08a1-648d-4446-bfac-621f31d3c8dc,gulfport--stephens,Gulfport,STEPHENS,Belmont,Somerset,false,false,true,true,0,0,,,,,0,0,0,0,0,,,,false,route_prep_missing
045d2864-c2ba-47b8-906a-84033665e8f8,gulfport--stout,Gulfport,STOUT,Harrison,Moorefield,false,false,true,true,0,0,,,,,0,0,0,0,0,,,,false,route_prep_missing
2f79a66d-6c2f-4777-a77f-a5bfe6f2756f,gulfport--stronz,Gulfport,STRONZ,Belmont,Wayne,false,true,true,true,1,0,ready_for_road_matching,,needs_review,identity_reconciliation,4,0,4,0,0,authoritative_occurrence_identity_incomplete,,,false,route_review
1a28c021-d0f5-4fe9-9c19-3bf577bd05a1,gulfport--stutzman,Gulfport,STUTZMAN,Belmont,Somerset,false,true,true,true,1,0,ready_for_road_matching,ambiguous_route_reference,needs_review,identity_reconciliation,6,0,6,0,0,authoritative_occurrence_identity_incomplete,,,false,route_review
4f70d799-e6f9-49d1-9870-105dc4d51ec2,gulfport--sunset,Gulfport,SUNSET,Belmont,Pease,false,false,true,true,0,0,,,,,0,0,0,0,0,,,,false,route_prep_missing
8fa3d4fc-f45e-4624-8c53-5f7f0e874efe,gulfport--swallie,Gulfport,SWALLIE,Belmont,Kirkwood,false,false,true,true,0,0,,,,,0,0,0,0,0,,,,false,route_prep_missing
54d32711-9578-4a85-860b-4708b0f94b00,gulfport--thompson-south,Gulfport,THOMPSON SOUTH,Belmont,Washington,false,false,true,true,0,0,,,,,0,0,0,0,0,,,,false,route_prep_missing
f6bda43c-699a-46d0-a2b7-2f70e9489a44,gulfport--tiger,Gulfport,TIGER,Belmont,Mead,false,true,true,true,1,0,needs_sequence_reorder,ambiguous_route_reference,needs_review,identity_reconciliation,5,0,5,0,0,route_prep_needs_sequence_reorder|authoritative_occurrence_identity_incomplete,,,false,route_review
97e27335-7f7e-4c0a-88cf-0ae8f75bec8a,gulfport--triple-b,Gulfport,TRIPLE B,Belmont,Union,false,true,true,true,1,0,ready_for_road_matching,,needs_review,identity_reconciliation,4,0,4,0,0,authoritative_occurrence_identity_incomplete,,,false,route_review
2f357761-09f1-427f-812f-d008ad29b84d,gulfport--truax,Gulfport,TRUAX,Monroe,Adams,false,false,true,true,0,0,,,,,0,0,0,0,0,,,,false,route_prep_missing
682accaa-3ada-4aa5-8f1a-dca7f69b1ae4,gulfport--valerie,Gulfport,VALERIE,Belmont,York,false,false,true,true,0,0,,,,,0,0,0,0,0,,,,false,route_prep_missing
bd995c4e-51df-4256-920d-0d411308116e,gulfport--vozar,Gulfport,VOZAR,Harrison,Moorefield,false,false,true,true,0,0,,,,,0,0,0,0,0,,,,false,route_prep_missing
0e852098-bf89-4b11-a21d-3ad3ca8fac5d,gulfport--wagner,Gulfport,WAGNER,Harrison,Athens,false,true,true,true,1,0,ready_for_road_matching,ambiguous_route_reference,needs_review,identity_reconciliation,5,0,5,0,0,authoritative_occurrence_identity_incomplete,,,false,route_review
94a3dbf8-ca8e-4ee0-a9d4-e9846a0b8316,gulfport--ward,Gulfport,WARD,Belmont,Somerset,false,true,true,true,1,1,ready_for_road_matching,,needs_review,identity_reconciliation,2,0,2,0,0,authoritative_occurrence_identity_incomplete,,,false,route_review
a8ffec4c-b473-4afc-8e6d-9ffcbb0f0229,gulfport--ware,Gulfport,WARE,Belmont,Pease,false,false,true,true,0,0,,,,,0,0,0,0,0,,,,false,route_prep_missing
560c40ef-6e87-4529-8e1b-df84e26f8d1f,gulfport--warrick,Gulfport,WARRICK,Belmont,Wayne,false,false,true,true,0,0,,,,,0,0,0,0,0,,,,false,route_prep_missing
777d123a-fb7f-4309-9ca3-265bcc9488a1,gulfport--watkins,Gulfport,WATKINS,Belmont,Washington,false,true,true,true,1,0,ready_for_road_matching,,needs_review,identity_reconciliation,6,0,6,0,0,authoritative_occurrence_identity_incomplete,,,false,route_review
4bd93e15-899c-4a98-a50e-8dbc7e7913ba,gulfport--wesley,Gulfport,WESLEY,Belmont,Somerset,false,true,true,true,1,0,ready_for_road_matching,ambiguous_route_reference,needs_review,identity_reconciliation,6,0,6,0,0,authoritative_occurrence_identity_incomplete,,,false,route_review
8559596e-fb4f-49a3-8082-de11d9c313ef,gulfport--west,Gulfport,WEST,Belmont,Wayne,false,true,true,true,1,1,ready_for_road_matching,highway_not_first_road_step,needs_review,identity_reconciliation,5,0,5,0,0,authoritative_occurrence_identity_incomplete,,,false,route_review
56e8a932-4ad5-4146-b134-7f0569998670,gulfport--westhawk,Gulfport,WESTHAWK,Monroe,Sunsbury,false,false,true,true,0,0,,,,,0,0,0,0,0,,,,false,route_prep_missing
3ac28c6f-800c-4a11-a5a8-2e714b888e4d,gulfport--whitacre-701,Gulfport,WHITACRE 701,Monroe,Washington,false,true,true,true,1,0,needs_sequence_reorder,ambiguous_route_reference|highway_not_first_road_step,needs_review,identity_reconciliation,3,3,0,2,0,route_prep_needs_sequence_reorder,,,false,route_review
0d307c81-ef7e-4906-bb9c-8dc881d6419f,gulfport--whitacre-702,Gulfport,WHITACRE 702,Monroe,Washington,false,false,true,true,0,0,,,,,0,0,0,0,0,,,,false,route_prep_missing
5ffce6a5-dc9c-410c-a75e-5cfa41031795,gulfport--white,Gulfport,WHITE,Belmont,Smith,false,true,true,true,1,0,ready_for_road_matching,,needs_review,identity_reconciliation,6,0,6,0,0,authoritative_occurrence_identity_incomplete,,,false,route_review
ea2ebe62-8b2c-41be-b6ba-8c6879b5bef0,gulfport--winesburg,Gulfport,WINESBURG,Belmont,Washington,false,true,true,true,0,0,,,,,0,0,0,0,0,,stale,pad_gps_or_route_revision_changed,false,route_prep_missing
41eb4236-933a-41f7-93c3-85eba4b4b005,gulfport--yankee,Gulfport,YANKEE,Belmont,York,false,false,true,true,0,0,,,,,0,0,0,0,0,,,,false,route_prep_missing
e1c1b001-cc75-441a-8424-99b929e6a9e5,gulfport--young,Gulfport,YOUNG,Belmont,Union,false,true,true,true,1,0,ready_for_road_matching,highway_not_first_road_step,needs_review,identity_reconciliation,3,0,3,0,0,authoritative_occurrence_identity_incomplete,,,false,route_review
5f8dfe1e-c2f2-4932-b468-3b034b2b4f09,hilcorp--elkrun-baker,Hilcorp,ELKRUN BAKER,Columbiana,Elkrun,false,true,true,true,1,0,ready_for_road_matching,,needs_review,identity_reconciliation,6,0,6,0,0,authoritative_occurrence_identity_incomplete,,,false,route_review
e8c7da16-1cc7-4c35-995a-44fb8cb7b0fa,hilcorp--elkrun-johnston,Hilcorp,ELKRUN JOHNSTON,Columbiana,Elkrun,false,true,true,true,1,1,needs_sequence_rebuild,not_enough_road_steps,needs_review,identity_reconciliation,1,0,1,0,0,route_prep_needs_sequence_rebuild|authoritative_occurrence_identity_incomplete,,,false,route_review
c042fc9c-bdee-4e14-8faa-55362b655adc,hilcorp--elkrun-auer,Hilcorp,ELKRUN-AUER,Columbiana,Lisbon,false,false,false,false,0,0,,,,,0,0,0,0,0,,,,false,route_prep_missing
1c5f043e-fc03-48cf-bc94-5e5b4740305f,hilcorp--fairfield-phoenix,Hilcorp,FAIRFIELD PHOENIX,Columbiana,Fairfield,false,true,true,true,1,0,ready_for_road_matching,,needs_review,identity_reconciliation,3,2,1,2,0,authoritative_occurrence_identity_incomplete,,,false,route_review
14ddd910-2cf3-483a-9214-0602851c5848,hilcorp--fairmont,Hilcorp,FAIRMONT,Columbiana,Elkrun,false,false,true,true,0,0,,,,,0,0,0,0,0,,,,false,route_prep_missing
3be61d52-53fa-4149-aa64-4162d09b6dc1,hilcorp--nolker,Hilcorp,NOLKER,Columbiana,Fairfield,false,true,false,false,0,0,,,,,0,0,0,0,0,,,,false,route_prep_missing
1387244a-4de2-4539-9df0-31cf5b26d32f,hilcorp--scheel,Hilcorp,SCHEEL,Columbiana,Elkrun,false,false,true,true,0,0,,,,,0,0,0,0,0,,,,false,route_prep_missing
133d1688-e886-4d50-a60f-75d71da41487,hilcorp--tarka,Hilcorp,TARKA,Columbiana,Fairfield,false,false,false,false,0,0,,,,,0,0,0,0,0,,,,false,route_prep_missing
7fc2bc91-1d55-491a-89a4-da627ff0b988,hilcorp--unkefer,Hilcorp,UNKEFER,Columbiana,Fairfield,false,false,false,false,0,0,,,,,0,0,0,0,0,,,,false,route_prep_missing
e19d6335-dffb-4aa2-9fc7-431ba20b3e75,hilcorp--wertz,Hilcorp,WERTZ,Columbiana,Elkrun,false,false,false,false,0,0,,,,,0,0,0,0,0,,,,false,route_prep_missing
21779394-d659-472e-85ef-dfa98f024379,infinity--beros,Infinity,BEROS,Guernsey,Richland,false,false,true,true,0,0,,,,,0,0,0,0,0,,,,false,route_prep_missing
ae119f78-e390-4569-977c-26e8b27ee5bf,infinity--casper,Infinity,CASPER,Carroll,Brown,false,true,true,true,1,0,ready_for_road_matching,,needs_review,identity_reconciliation,6,5,1,5,0,authoritative_occurrence_identity_incomplete,,,false,route_review
38fad389-0042-5aef-b184-f91143731d2d,infinity--cole,Infinity,COLE,Guernsey,Wills,false,true,false,false,0,0,,,,,0,0,0,0,0,,,,false,route_prep_missing
edc15827-143d-4070-8306-8ec822ebdf81,infinity--detweiler,Infinity,DETWEILER,Guernsey,Wills,false,false,true,true,0,0,,,,,0,0,0,0,0,,,,false,route_prep_missing
00884b1e-bc23-499d-a157-6762b783a0ad,infinity--dynamite,Infinity,DYNAMITE,Guernsey,Richland,false,true,true,true,0,0,,,,,0,0,0,0,0,,stale,pad_gps_or_route_revision_changed,false,route_prep_missing
29ceec7e-e61f-447d-89cd-cd9660e94256,infinity--english,Infinity,ENGLISH,Noble,Beaver,false,true,true,true,1,0,needs_highway_anchor,missing_explicit_highway_anchor,needs_review,identity_reconciliation,4,0,4,0,0,route_prep_needs_highway_anchor|authoritative_occurrence_identity_incomplete,stale,pad_gps_or_route_revision_changed,false,route_review
7690fcbf-fa2c-4ecc-8813-084fdedbaaa3,infinity--frame-well-pad,Infinity,FRAME WELL PAD,Guernsey,Center,false,true,true,true,0,0,,,,,0,0,0,0,0,,stale,pad_gps_or_route_revision_changed,false,route_prep_missing
496c6845-70aa-4db2-a93c-ffd5a6cbf2ed,infinity--gray-well-pad,Infinity,GRAY WELL PAD,Guernsey,Wills,false,true,true,true,1,0,ready_for_road_matching,,needs_review,identity_reconciliation,10,0,10,0,0,authoritative_occurrence_identity_incomplete,,,false,route_review
cf8e0839-aef3-49ed-8907-c4251221abc3,infinity--grunder,Infinity,GRUNDER,Carroll,Washington,false,true,false,false,0,0,,,,,0,0,0,0,0,,,,false,route_prep_missing
3763679d-853f-4772-a431-0af8990a04eb,infinity--hn-sto,Infinity,HN STO,Harrison,Nottingham,false,true,true,true,1,0,ready_for_road_matching,,needs_review,identity_reconciliation,12,0,12,0,0,authoritative_occurrence_identity_incomplete,,,false,route_review
c3b62075-1e9f-46cf-984d-bbdb5790c139,infinity--kiko,Infinity,KIKO,Carroll,Washington,false,false,true,true,0,0,,,,,0,0,0,0,0,,,,false,route_prep_missing
a8d3e410-0d8d-4536-a0e5-f44f6184285d,infinity--miley-1h,Infinity,MILEY 1H,Noble,Seneca,false,false,true,true,0,0,,,,,0,0,0,0,0,,,,false,route_prep_missing
2f4e6e6e-869b-515a-8259-69ddb5bf70c8,infinity--neff,Infinity,NEFF,Guernsey,Wills,false,false,false,false,0,0,,,,,0,0,0,0,0,,,,false,route_prep_missing
6747b72e-b3c1-400d-99c5-2958e2a41892,infinity--onega,Infinity,ONEGA,Guernsey,Wills,false,true,true,true,1,0,ready_for_road_matching,ambiguous_route_reference,needs_review,identity_reconciliation,4,0,4,0,0,authoritative_occurrence_identity_incomplete,,,false,route_review
a3179cff-bdf5-47f8-a28b-ceae42493039,infinity--perry,Infinity,PERRY,Carroll,,false,false,true,true,0,0,,,,,0,0,0,0,0,,,,false,route_prep_missing
0402f172-f00b-4a4b-94f2-bbc5e8f0ca6d,infinity--rubel,Infinity,RUBEL,Guernsey,Richland,false,true,true,true,0,0,,,,,0,0,0,0,0,,,,false,route_prep_missing
342ce56b-73a4-4c68-bee0-aa8ab07f5597,infinity--stiers,Infinity,STIERS,Guernsey,Richland,false,false,true,true,0,0,,,,,0,0,0,0,0,,,,false,route_prep_missing
0964bbe8-08cb-4f01-a357-36c793138417,infinity--stillion,Infinity,STILLION,Guernsey,Richland,false,true,true,true,1,0,ready_for_road_matching,,needs_review,identity_reconciliation,6,5,1,3,0,authoritative_occurrence_identity_incomplete,,,false,route_review
8137e7ac-a5ed-47f5-8d36-8d93715a51f8,range--larry-smith,Range,LARRY-SMITH,Washington,,false,true,false,false,0,0,,,,,0,0,0,0,0,,,,false,route_prep_missing
c05aab48-03ec-490a-9616-d5ccbe06c7d3,swn--abe-troyer-north,Swn,ABE TROYER NORTH,Guernsey,Londonary,false,true,true,true,1,0,ready_for_road_matching,,needs_review,identity_reconciliation,6,0,6,0,0,authoritative_occurrence_identity_incomplete,,,false,route_review
1b17b6ce-9abc-4896-af2d-0402a619bd86,swn--andy-yoder,Swn,ANDY YODER,Guernsey,Oxford,false,true,true,true,1,1,ready_for_road_matching,,needs_review,identity_reconciliation,4,0,4,0,0,authoritative_occurrence_identity_incomplete,,,false,route_review
ec2957d2-cc6c-4ae0-88d8-20a5af9961aa,swn--bolen,Swn,BOLEN,Monroe,Ohio,false,true,true,true,1,0,needs_sequence_rebuild,not_enough_road_steps,needs_review,identity_reconciliation,1,0,1,0,0,route_prep_needs_sequence_rebuild|authoritative_occurrence_identity_incomplete,,,false,route_review
b700bb7c-7e1a-4178-a517-44dc627f292e,swn--borton,Swn,BORTON,Guernsey,Quaker City,false,true,true,true,1,0,ready_for_road_matching,,needs_review,identity_reconciliation,4,0,4,0,0,authoritative_occurrence_identity_incomplete,,,false,route_review
f061f722-07d0-403f-b814-14becb24f291,swn--borton-cgf,Swn,BORTON CGF,Guernsey,Oxford,false,true,true,true,1,0,ready_for_road_matching,,needs_review,identity_reconciliation,3,0,3,0,0,authoritative_occurrence_identity_incomplete,,,false,route_review
b18fb883-14ad-4422-9961-ce16ecf429cb,swn--boyd-hall,Swn,BOYD HALL,Belmont,Kirkwood,false,false,true,true,0,0,,,,,0,0,0,0,0,,,,false,route_prep_missing
fd6ee536-4df5-4070-b9ba-0b57cf9bae04,swn--circosta-unit,Swn,CIRCOSTA UNIT,Monroe,Salem,false,true,true,true,1,0,needs_sequence_cleanup,missing_explicit_highway_anchor|narrative_text_in_sequence,needs_review,identity_reconciliation,4,0,4,0,0,route_prep_needs_sequence_cleanup|authoritative_occurrence_identity_incomplete,,,false,route_review
a8e8d90c-9c19-437a-a463-1aadacc10bfa,swn--david-stalder,Swn,DAVID STALDER,Monroe,Lee,false,true,true,true,1,0,ready_for_road_matching,ambiguous_route_reference,needs_review,identity_reconciliation,2,0,2,0,0,authoritative_occurrence_identity_incomplete,,,false,route_review
2f99c9e1-bd11-44e6-bc75-bac3ae4b7261,swn--farley,Swn,FARLEY,Noble,,false,true,true,true,1,0,ready_for_road_matching,,needs_review,identity_reconciliation,3,2,1,2,0,authoritative_occurrence_identity_incomplete,,,false,route_review
8abe6c26-087c-4d05-8f4f-4c4d608a2ce7,swn--hayes-cgf,Swn,HAYES CGF,Guernsey,Millwood,false,true,true,true,1,0,ready_for_road_matching,,needs_review,identity_reconciliation,4,0,4,0,0,authoritative_occurrence_identity_incomplete,,,false,route_review
0a381554-d470-4666-adea-e5df8193437d,swn--herrick,Swn,HERRICK,Monroe,Lee,false,true,true,true,1,0,ready_for_road_matching,,needs_review,identity_reconciliation,3,0,3,0,0,authoritative_occurrence_identity_incomplete,,,false,route_review
1e4820df-435b-4c6f-ad0f-6bf4814b2e66,swn--holliday-unit,Swn,HOLLIDAY UNIT,Monroe,Salem,false,true,true,true,1,0,ready_for_road_matching,,needs_review,identity_reconciliation,4,3,1,3,0,authoritative_occurrence_identity_incomplete,,,false,route_review
96f0fd14-7a48-4183-85dc-b8c18bf2ee71,swn--huffman,Swn,HUFFMAN,Monroe,Center,false,false,false,false,0,0,,,,,0,0,0,0,0,,,,false,route_prep_missing
9e9005bb-9855-46e8-8cb4-5d7503a78ca6,swn--jesse-stalder,Swn,JESSE STALDER,Monroe,Sunbury,false,false,true,true,0,0,,,,,0,0,0,0,0,,,,false,route_prep_missing
5538f1ea-b6a5-4db5-bd53-be4de6410696,swn--miller,Swn,MILLER,Monroe,Green,false,true,true,true,1,0,needs_sequence_rebuild,missing_explicit_highway_anchor|not_enough_road_steps|sequence_mostly_generic,needs_review,identity_reconciliation,1,0,1,0,0,route_prep_needs_sequence_rebuild|authoritative_occurrence_identity_incomplete,,,false,route_review
c714b0ce-afe4-45e5-acc0-285bb0227fe7,swn--mizer-farns,Swn,MIZER FARNS,Harrison,Stock,false,true,true,true,1,0,needs_sequence_rebuild,missing_explicit_highway_anchor|not_enough_road_steps,needs_review,identity_reconciliation,1,0,1,0,0,route_prep_needs_sequence_rebuild|authoritative_occurrence_identity_incomplete,,,false,route_review
f94619d7-754e-4b2f-a18e-aee0432aa890,swn--ormet-15,Swn,ORMET 15,Monroe,Ohio,false,true,false,false,0,0,,,,,0,0,0,0,0,,,,false,route_prep_missing
d05f08d8-a1e8-47df-8a99-c5120a41de3f,swn--peavine,Swn,PEAVINE,Monroe,Green,false,true,true,true,1,0,ready_for_road_matching,highway_not_first_road_step,needs_review,identity_reconciliation,3,2,1,2,0,authoritative_occurrence_identity_incomplete,,,false,route_review
b6a4b078-5559-43f6-bb58-a353e6c3f2d0,swn--posey,Swn,POSEY,Guernsey,Quaker,false,false,true,true,0,0,,,,,0,0,0,0,0,,,,false,route_prep_missing
75c9191b-f9de-4126-b23d-0f38d621e0db,swn--randall,Swn,RANDALL,Monroe,Green,false,true,true,true,1,0,ready_for_road_matching,ambiguous_route_reference,needs_review,identity_reconciliation,1,0,1,0,0,authoritative_occurrence_identity_incomplete,,,false,route_review
5ff5470a-ac41-480f-b4bd-74bb1e8d8459,swn--richard-stalder,Swn,RICHARD STALDER,Monroe,Lee,false,true,true,true,1,0,ready_for_road_matching,ambiguous_route_reference,needs_review,identity_reconciliation,2,0,2,0,0,authoritative_occurrence_identity_incomplete,,,false,route_review
28bd6947-c99d-45d3-b953-9ce784f3206b,swn--ross,Swn,ROSS,Belmont,Wheeling,false,true,true,true,1,0,needs_highway_anchor,missing_explicit_highway_anchor,needs_review,identity_reconciliation,2,0,2,0,0,route_prep_needs_highway_anchor|authoritative_occurrence_identity_incomplete,,,false,route_review
3416cfaa-7747-4e41-97cf-4927cff39c51,swn--roth,Swn,ROTH,Monroe,Green,false,true,true,true,1,0,needs_sequence_reorder,ambiguous_route_reference,needs_review,identity_reconciliation,2,0,2,0,0,route_prep_needs_sequence_reorder|authoritative_occurrence_identity_incomplete,,,false,route_review
81fdb8a9-15bc-485a-adfe-31e9201da23e,swn--rothenbuhler,Swn,ROTHENBUHLER,Monroe,Sunberry,false,false,true,true,0,0,,,,,0,0,0,0,0,,,,false,route_prep_missing
a83593a0-9497-4cc1-997b-c4bb926a7fa7,swn--stadler,Swn,STADLER,Guersney,Sardis,false,false,true,true,0,0,,,,,0,0,0,0,0,,,,false,route_prep_missing
e5dd99c1-2968-4c98-a6c3-f276569daf0c,swn--wiley,Swn,WILEY,Monroe,Adams,false,true,false,false,0,0,,,,,0,0,0,0,0,,,,false,route_prep_missing
67ea4a64-baa8-432c-bebb-8b444d46a23c,swn--yellow-rose-unit,Swn,YELLOW ROSE UNIT,Monroe,Adams,false,true,true,true,1,0,needs_sequence_rebuild,missing_explicit_highway_anchor|not_enough_road_steps|sequence_mostly_generic,needs_review,identity_reconciliation,1,0,1,0,0,route_prep_needs_sequence_rebuild|authoritative_occurrence_identity_incomplete,,,false,route_review
958279ad-ce56-50f5-b293-29a7f3cb2dc7,uro--garvin,Uro,GARVIN,Washington,Adams,false,true,false,false,0,0,,,,,0,0,0,0,0,,,,false,route_prep_missing
5fa8851d-8d26-55e6-8008-02850adeb404,uro--johnson,Uro,JOHNSON,Guernsey,Wills,false,true,false,false,0,0,,,,,0,0,0,0,0,,,,false,route_prep_missing
3ee6fed8-8bc7-5965-a85f-aaf9df6536f5,uro--mason,Uro,MASON,Washington,Waterford,false,true,false,false,0,0,,,,,0,0,0,0,0,,,,false,route_prep_missing
7d103cfc-c702-5a47-81da-d1f064ec0efb,uro--neill,Uro,NEILL,Washington,Waterford,false,true,false,false,0,0,,,,,0,0,0,0,0,,,,false,route_prep_missing
f1dbca30-4e2f-419e-b559-cf440387c27d,xto--northwest,Xto,NORTHWEST,Belmont,York,false,false,false,false,0,0,,,,,0,0,0,0,0,,,,false,route_prep_missing
7daeb24d-9f2d-4aa8-992c-1dbba40cc8da,xto--rs-bsa,Xto,RS-BSA,,,false,false,false,false,0,0,,,,,0,0,0,0,0,,,,false,route_prep_missing
81132645-596b-44cb-a8b4-56a7afa6adca,xto--xto-staging,Xto,XTO STAGING,Belmont,Bellaire,false,true,true,true,1,0,ready_for_road_matching,highway_not_first_road_step,needs_review,identity_reconciliation,6,0,6,0,0,authoritative_occurrence_identity_incomplete,,,false,route_review
